security_id,nse_symbol,isin,company_name,issuer_id,exchange_id,listing_date,active_flag,_source_file,_extracted_date,_quality_issues,_confidence_score,_manual_review_required
1,20MICRONS,INE144J01027,20 MICRONS LIMITED,1,1,2008-10-06,True,nse_symbols_consolidated.csv,2026-08-15,,1.0,False
2,21STCENMGM,INE253B01015,21ST CENTURY MANAGEMENT SERVICES LIMITED,2,1,1995-05-03,True,nse_symbols_consolidated.csv,2026-08-15,,1.0,False
3,360ONE,INE466L01038,360 ONE WAM LIMITED,3,1,2019-09-19,True,nse_symbols_consolidated.csv,2026-08-15,,1.0,False
4,3BBLACKBIO,INE994E01018,3B BLACKBIO DX LIMITED,4,1,2026-04-20,True,nse_symbols_consolidated.csv,2026-08-15,,1.0,False
5,3IINFOLTD,INE748C01038,3I INFOTECH LIMITED,5,1,2021-10-22,True,nse_symbols_consolidated.csv,2026-08-15,,1.0,False
6,3MINDIA,INE470A01017,3M INDIA LIMITED,6,1,2004-08-13,True,nse_symbols_consolidated.csv,2026-08-15,,1.0,False
7,3PLAND,INE105C01023,3P LAND HOLDINGS LIMITED,7,1,1995-07-19,True,nse_symbols_consolidated.csv,2026-08-15,,1.0,False
8,5PAISA,INE618L01018,5PAISA CAPITAL LIMITED,8,1,2017-11-16,True,nse_symbols_consolidated.csv,2026-08-15,,1.0,False
9,63MOONS,INE111B01023,63 MOONS TECHNOLOGIES LIMITED,9,1,2005-06-20,True,nse_symbols_consolidated.csv,2026-08-15,,1.0,False
10,A2ZINFRA,INE619I01012,A2Z INFRA ENGINEERING LIMITED,10,1,2010-12-23,True,nse_symbols_consolidated.csv,2026-08-15,,1.0,False
11,AAATECH,INE0D0U01013,AAA TECHNOLOGIES LIMITED,11,1,2022-11-28,True,nse_symbols_consolidated.csv,2026-08-15,,1.0,False
12,AADHARHFC,INE883F01010,AADHAR HOUSING FINANCE LIMITED,12,1,2024-05-15,True,nse_symbols_consolidated.csv,2026-08-15,,1.0,False
13,AAKASH,INE087Z01024,AAKASH EXPLORATION SERVICES LIMITED,13,1,2020-09-29,True,nse_symbols_consolidated.csv,2026-08-15,,1.0,False
14,AAREYDRUGS,INE198H01019,AAREY DRUGS AND PHARMACEUTICALS LIMITED,14,1,2021-08-06,True,nse_symbols_consolidated.csv,2026-08-15,,1.0,False
15,AARNAV,INE750R01016,AARNAV FASHIONS LIMITED,15,1,2026-02-25,True,nse_symbols_consolidated.csv,2026-08-15,,1.0,False
16,AARON,INE721Z01010,AARON INDUSTRIES LIMITED,16,1,2020-11-06,True,nse_symbols_consolidated.csv,2026-08-15,,1.0,False
17,AARTECH,INE01C001026,AARTECH SOLONICS LIMITED,17,1,2023-07-10,True,nse_symbols_consolidated.csv,2026-08-15,,1.0,False
18,AARTIDRUGS,INE767A01016,AARTI DRUGS LIMITED,18,1,2003-09-19,True,nse_symbols_consolidated.csv,2026-08-15,,1.0,False
19,AARTIIND,INE769A01020,AARTI INDUSTRIES LIMITED,19,1,1995-02-08,True,nse_symbols_consolidated.csv,2026-08-15,,1.0,False
20,AARTIPHARM,INE0LRU01027,AARTI PHARMALABS LIMITED,20,1,2023-01-30,True,nse_symbols_consolidated.csv,2026-08-15,,1.0,False
21,AARTISURF,INE09EO01013,AARTI SURFACTANTS LIMITED,21,1,2020-07-14,True,nse_symbols_consolidated.csv,2026-08-15,,1.0,False
22,AARVI,INE754X01016,AARVI ENCON LIMITED,22,1,2020-06-24,True,nse_symbols_consolidated.csv,2026-08-15,,1.0,False
23,AASTHA,INE2FMX01012,AASTHA SPINTEX LIMITED,23,1,2026-07-06,True,nse_symbols_consolidated.csv,2026-08-15,,1.0,False
24,AAVAS,INE216P01012,AAVAS FINANCIERS LIMITED,24,1,2018-10-08,True,nse_symbols_consolidated.csv,2026-08-15,,1.0,False
25,ABAN,INE421A01028,ABAN OFFSHORE LIMITED,25,1,1995-03-29,True,nse_symbols_consolidated.csv,2026-08-15,,1.0,False
26,ABANSENT,INE365O01028,ABANS ENTERPRISES LIMITED,26,1,2026-04-20,True,nse_symbols_consolidated.csv,2026-08-15,,1.0,False
27,ABB,INE117A01022,ABB INDIA LIMITED,27,1,1995-02-08,True,nse_symbols_consolidated.csv,2026-08-15,,1.0,False
28,ABBOTINDIA,INE358A01014,ABBOTT INDIA LIMITED,28,1,2010-01-08,True,nse_symbols_consolidated.csv,2026-08-15,,1.0,False
29,ABCAPITAL,INE674K01013,ADITYA BIRLA CAPITAL LIMITED,29,1,2017-09-01,True,nse_symbols_consolidated.csv,2026-08-15,,1.0,False
30,ABCOTS,INE08PH01015,A B COTSPIN INDIA LIMITED,30,1,2025-09-24,True,nse_symbols_consolidated.csv,2026-08-15,,1.0,False
31,ABDL,INE552Z01027,ALLIED BLENDERS AND DISTILLERS LIMITED,31,1,2024-07-02,True,nse_symbols_consolidated.csv,2026-08-15,,1.0,False
32,ABFRL,INE647O01011,ADITYA BIRLA FASHION AND RETAIL LIMITED,32,1,2013-07-17,True,nse_symbols_consolidated.csv,2026-08-15,,1.0,False
33,ABINFRA,INE00YB01025,A B INFRABUILD LIMITED,33,1,2024-11-08,True,nse_symbols_consolidated.csv,2026-08-15,,1.0,False
34,ABLBL,INE14LE01019,ADITYA BIRLA LIFESTYLE BRANDS LIMITED,34,1,2025-06-23,True,nse_symbols_consolidated.csv,2026-08-15,,1.0,False
35,ABMINTLLTD,INE251C01025,ABM INTERNATIONAL LIMITED,35,1,2021-09-09,True,nse_symbols_consolidated.csv,2026-08-15,,1.0,False
36,ABMKNO,INE850B01026,ABM KNOWLEDGEWARE LIMITED,36,1,2026-04-20,True,nse_symbols_consolidated.csv,2026-08-15,,1.0,False
37,ABREL,INE055A01016,ADITYA BIRLA REAL ESTATE LIMITED,37,1,2003-06-27,True,nse_symbols_consolidated.csv,2026-08-15,,1.0,False
38,ABSLAMC,INE404A01024,ADITYA BIRLA SUN LIFE AMC LIMITED,38,1,2021-10-11,True,nse_symbols_consolidated.csv,2026-08-15,,1.0,False
39,ACC,INE012A01025,ACC LIMITED,39,1,1996-11-20,True,nse_symbols_consolidated.csv,2026-08-15,,1.0,False
40,ACCELYA,INE793A01012,ACCELYA SOLUTIONS INDIA LIMITED,40,1,1999-12-01,True,nse_symbols_consolidated.csv,2026-08-15,,1.0,False
41,ACCURACY,INE648Z01023,ACCURACY SHIPPING LIMITED,41,1,2020-12-11,True,nse_symbols_consolidated.csv,2026-08-15,,1.0,False
42,ACE,INE731H01025,ACTION CONSTRUCTION EQUIPMENT LIMITED,42,1,2006-09-26,True,nse_symbols_consolidated.csv,2026-08-15,,1.0,False
43,ACEINTEG,INE543V01017,ACE INTEGRATED SOLUTIONS LIMITED,43,1,2022-11-04,True,nse_symbols_consolidated.csv,2026-08-15,,1.0,False
44,ACI,INE128X01021,ARCHEAN CHEMICAL INDUSTRIES LIMITED,44,1,2022-11-21,True,nse_symbols_consolidated.csv,2026-08-15,,1.0,False
45,ACL,INE666E01020,ANDHRA CEMENTS LIMITED,45,1,2023-05-10,True,nse_symbols_consolidated.csv,2026-08-15,,1.0,False
46,ACMESOLAR,INE622W01025,ACME SOLAR HOLDINGS LIMITED,46,1,2024-11-13,True,nse_symbols_consolidated.csv,2026-08-15,,1.0,False
47,ACSTECH,INE366C01021,ACS TECHNOLOGIES LIMITED,47,1,2026-04-20,True,nse_symbols_consolidated.csv,2026-08-15,,1.0,False
48,ACUTAAS,INE00FF01025,ACUTAAS CHEMICALS LIMITED,48,1,2021-09-14,True,nse_symbols_consolidated.csv,2026-08-15,,1.0,False
49,ADANIENSOL,INE931S01010,ADANI ENERGY SOLUTIONS LIMITED,49,1,2015-07-31,True,nse_symbols_consolidated.csv,2026-08-15,,1.0,False
50,ADANIENT,INE423A01024,ADANI ENTERPRISES LIMITED,50,1,1997-06-04,True,nse_symbols_consolidated.csv,2026-08-15,,1.0,False
51,ADANIGREEN,INE364U01010,ADANI GREEN ENERGY LIMITED,51,1,2018-06-18,True,nse_symbols_consolidated.csv,2026-08-15,,1.0,False
52,ADANIPORTS,INE742F01042,ADANI PORTS AND SPECIAL ECONOMIC ZONE LIMITED,52,1,2007-11-27,True,nse_symbols_consolidated.csv,2026-08-15,,1.0,False
53,ADANIPOWER,INE814H01029,ADANI POWER LIMITED,53,1,2009-08-20,True,nse_symbols_consolidated.csv,2026-08-15,,1.0,False
54,ADFFOODS,INE982B01027,ADF FOODS LIMITED,54,1,2010-09-15,True,nse_symbols_consolidated.csv,2026-08-15,,1.0,False
55,ADL,INE0CHO01012,ARCHIDPLY DECOR LIMITED,55,1,2020-10-01,True,nse_symbols_consolidated.csv,2026-08-15,,1.0,False
56,ADOR,INE045A01017,ADOR WELDING LIMITED,56,1,1995-05-10,True,nse_symbols_consolidated.csv,2026-08-15,,1.0,False
57,ADROITINFO,INE737B01033,ADROIT INFOTECH LIMITED,57,1,1997-08-13,True,nse_symbols_consolidated.csv,2026-08-15,,1.0,False
58,ADSL,INE102I01027,ALLIED DIGITAL SERVICES LIMITED,58,1,2007-07-25,True,nse_symbols_consolidated.csv,2026-08-15,,1.0,False
59,ADVAIT,INE0ALI01010,ADVAIT ENERGY TRANSITIONS LIMITED,59,1,2026-01-20,True,nse_symbols_consolidated.csv,2026-08-15,,1.0,False
60,ADVANCE,INE1B0W01010,ADVANCE AGROLIFE LIMITED,60,1,2025-10-08,True,nse_symbols_consolidated.csv,2026-08-15,,1.0,False
61,ADVANIHOTR,INE199C01026,ADVANI HOTELS AND RESORTS (INDIA) LIMITED,61,1,2007-06-25,True,nse_symbols_consolidated.csv,2026-08-15,,1.0,False
62,ADVENTHTL,INE28GN01010,ADVENT HOTELS INTERNATIONAL LIMITED,62,1,2025-11-13,True,nse_symbols_consolidated.csv,2026-08-15,,1.0,False
63,ADVENZYMES,INE837H01020,ADVANCED ENZYME TECHNOLOGIES LIMITED,63,1,2016-08-01,True,nse_symbols_consolidated.csv,2026-08-15,,1.0,False
64,AEGISLOG,INE208C01025,AEGIS LOGISTICS LIMITED,64,1,1996-04-03,True,nse_symbols_consolidated.csv,2026-08-15,,1.0,False
65,AEGISVOPAK,INE0INX01018,AEGIS VOPAK TERMINALS LIMITED,65,1,2025-06-02,True,nse_symbols_consolidated.csv,2026-08-15,,1.0,False
66,AEPL,INE757T01025,ARTEMIS ELECTRICALS AND PROJECTS LIMITED,66,1,2026-03-12,True,nse_symbols_consolidated.csv,2026-08-15,,1.0,False
67,AEQUS,INE947N01017,AEQUS LIMITED,67,1,2025-12-10,True,nse_symbols_consolidated.csv,2026-08-15,,1.0,False
68,AEROENTER,INE065D01027,AEROFLEX ENTERPRISES LIMITED,68,1,2022-11-21,True,nse_symbols_consolidated.csv,2026-08-15,,1.0,False
69,AEROFLEX,INE024001021,AEROFLEX INDUSTRIES LIMITED,69,1,2023-08-31,True,nse_symbols_consolidated.csv,2026-08-15,,1.0,False
70,AERONEU,INE035801013,AEROFLEX NEU LIMITED,70,1,2023-01-12,True,nse_symbols_consolidated.csv,2026-08-15,,1.0,False
71,AEROPLANE,INE05TO01019,AMIR CHAND JAGDISH KUMAR (EXPORTS) LIMITED,71,1,2026-04-02,True,nse_symbols_consolidated.csv,2026-08-15,,1.0,False
72,AETHER,INE0BWX01014,AETHER INDUSTRIES LIMITED,72,1,2022-06-03,True,nse_symbols_consolidated.csv,2026-08-15,,1.0,False
73,AFCONS,INE101I01011,AFCONS INFRASTRUCTURE LIMITED,73,1,2024-11-04,True,nse_symbols_consolidated.csv,2026-08-15,,1.0,False
74,AFFLE,INE00WC01027,AFFLE 3I LIMITED,74,1,2019-08-08,True,nse_symbols_consolidated.csv,2026-08-15,,1.0,False
75,AFFORDABLE,INE692Z01013,AFFORDABLE ROBOTIC AND AUTOMATION LIMITED,75,1,2024-10-23,True,nse_symbols_consolidated.csv,2026-08-15,,1.0,False
76,AFIL,INE916Y01027,AKME FINTRADE (INDIA) LIMITED,76,1,2024-06-26,True,nse_symbols_consolidated.csv,2026-08-15,,1.0,False
77,AFSL,INE00ZE01026,ABANS FINANCIAL SERVICES LIMITED,77,1,2022-12-23,True,nse_symbols_consolidated.csv,2026-08-15,,1.0,False
78,AGARIND,INE204E01012,AGARWAL INDUSTRIAL CORPORATION LIMITED,78,1,2014-05-26,True,nse_symbols_consolidated.csv,2026-08-15,,1.0,False
79,AGARWALEYE,INE943P01029,DR. AGARWAL'S HEALTH CARE LIMITED,79,1,2025-02-04,True,nse_symbols_consolidated.csv,2026-08-15,,1.0,False
80,AGI,INE415A01038,AGI GREENPAC LIMITED,80,1,2000-05-31,True,nse_symbols_consolidated.csv,2026-08-15,,1.0,False
81,AGIIL,INE976R01033,AGI INFRA LIMITED,81,1,2024-07-15,True,nse_symbols_consolidated.csv,2026-08-15,,1.0,False
82,AGL,INE1YPB01014,ALLCARGO GLOBAL LIMITED,82,1,2026-07-03,True,nse_symbols_consolidated.csv,2026-08-15,,1.0,False
83,AGRITECH,INE449G01018,AGRI-TECH (INDIA) LIMITED,83,1,2014-01-28,True,nse_symbols_consolidated.csv,2026-08-15,,1.0,False
84,AGROPHOS,INE740V01019,AGRO PHOS INDIA LIMITED,84,1,2019-03-08,True,nse_symbols_consolidated.csv,2026-08-15,,1.0,False
85,AGSTRA,INE583L01014,AGS TRANSACT TECHNOLOGIES LIMITED,85,1,2022-01-31,True,nse_symbols_consolidated.csv,2026-08-15,,1.0,False
86,AHCL,INE0Y8W01025,ANLON HEALTHCARE LIMITED,86,1,2025-09-03,True,nse_symbols_consolidated.csv,2026-08-15,,1.0,False
87,AHLADA,INE00PV01013,AHLADA ENGINEERS LIMITED,87,1,2021-01-28,True,nse_symbols_consolidated.csv,2026-08-15,,1.0,False
88,AHLEAST,INE926K01017,ASIAN HOTELS (EAST) LIMITED,88,1,2010-08-11,True,nse_symbols_consolidated.csv,2026-08-15,,1.0,False
89,AHLUCONT,INE758C01029,AHLUWALIA CONTRACTS (INDIA) LIMITED,89,1,2009-12-14,True,nse_symbols_consolidated.csv,2026-08-15,,1.0,False
90,AHLWEST,INE915K01010,ASIAN HOTELS (WEST) LIMITED,90,1,2010-08-05,True,nse_symbols_consolidated.csv,2026-08-15,,1.0,False
91,AIAENG,INE212H01026,AIA ENGINEERING LIMITED,91,1,2005-12-14,True,nse_symbols_consolidated.csv,2026-08-15,,1.0,False
92,AIIL,INE206F01022,AUTHUM INVESTMENT AND INFRASTRUCTURE LIMITED,92,1,2024-04-23,True,nse_symbols_consolidated.csv,2026-08-15,,1.0,False
93,AIRAN,INE645W01026,AIRAN LIMITED,93,1,2019-05-03,True,nse_symbols_consolidated.csv,2026-08-15,,1.0,False
94,AIROLAM,INE801L01010,AIRO LAM LIMITED,94,1,2021-10-13,True,nse_symbols_consolidated.csv,2026-08-15,,1.0,False
95,AJANTPHARM,INE031B01049,AJANTA PHARMA LIMITED,95,1,2000-05-29,True,nse_symbols_consolidated.csv,2026-08-15,,1.0,False
96,AJAXENGG,INE274Y01021,AJAX ENGINEERING LIMITED,96,1,2025-02-17,True,nse_symbols_consolidated.csv,2026-08-15,,1.0,False
97,AJMERA,INE298G01035,AJMERA REALTY AND INFRA INDIA LIMITED,97,1,2009-06-16,True,nse_symbols_consolidated.csv,2026-08-15,,1.0,False
98,AJOONI,INE820Y01021,AJOONI BIOTECH LIMITED,98,1,2021-05-07,True,nse_symbols_consolidated.csv,2026-08-15,,1.0,False
99,AKASH,INE737W01013,AKASH INFRA-PROJECTS LIMITED,99,1,2019-10-11,True,nse_symbols_consolidated.csv,2026-08-15,,1.0,False
100,AKCAPIT,INE701G01012,AK CAPITAL SERVICES LIMITED,100,1,2026-04-20,True,nse_symbols_consolidated.csv,2026-08-15,,1.0,False
101,AKG,INE00Y801016,AKG EXIM LIMITED,101,1,2021-02-16,True,nse_symbols_consolidated.csv,2026-08-15,,1.0,False
102,AKI,INE642Z01026,AKI INDIA LIMITED,102,1,2023-04-06,True,nse_symbols_consolidated.csv,2026-08-15,,1.0,False
103,AKSHAR,INE256Z01025,AKSHAR SPINTEX LIMITED,103,1,2022-05-23,True,nse_symbols_consolidated.csv,2026-08-15,,1.0,False
104,AKSHARCHEM,INE542B01011,AKSHARCHEM INDIA LIMITED,104,1,2017-03-28,True,nse_symbols_consolidated.csv,2026-08-15,,1.0,False
105,AKSHOPTFBR,INE523B01011,AKSH OPTIFIBRE LIMITED,105,1,2000-08-18,True,nse_symbols_consolidated.csv,2026-08-15,,1.0,False
106,AKUMS,INE09XN01023,AKUMS DRUGS AND PHARMACEUTICALS LIMITED,106,1,2024-08-06,True,nse_symbols_consolidated.csv,2026-08-15,,1.0,False
107,ALANKIT,INE914E01040,ALANKIT LIMITED,107,1,2015-06-30,True,nse_symbols_consolidated.csv,2026-08-15,,1.0,False
108,ALBERTDAVD,INE155C01010,ALBERT DAVID LIMITED,108,1,2016-06-14,True,nse_symbols_consolidated.csv,2026-08-15,,1.0,False
109,ALEMBICLTD,INE426A01027,ALEMBIC LIMITED,109,1,1999-09-22,True,nse_symbols_consolidated.csv,2026-08-15,,1.0,False
110,ALGOQUANT,INE598D01035,ALGOQUANT FINTECH LIMITED,110,1,2026-01-06,True,nse_symbols_consolidated.csv,2026-08-15,,1.0,False
111,ALICON,INE062D01024,ALICON CASTALLOY LIMITED,111,1,2006-09-29,True,nse_symbols_consolidated.csv,2026-08-15,,1.0,False
112,ALIVUS,INE03Q201024,ALIVUS LIFE SCIENCES LIMITED,112,1,2021-08-06,True,nse_symbols_consolidated.csv,2026-08-15,,1.0,False
113,ALKALI,INE773I01017,ALKALI METALS LIMITED,113,1,2008-11-06,True,nse_symbols_consolidated.csv,2026-08-15,,1.0,False
114,ALKEM,INE540L01014,ALKEM LABORATORIES LIMITED,114,1,2015-12-23,True,nse_symbols_consolidated.csv,2026-08-15,,1.0,False
115,ALKYLAMINE,INE150B01039,ALKYL AMINES CHEMICALS LIMITED,115,1,2007-11-26,True,nse_symbols_consolidated.csv,2026-08-15,,1.0,False
116,ALLCARGO,INE418H01029,ALLCARGO LOGISTICS LIMITED,116,1,2006-06-23,True,nse_symbols_consolidated.csv,2026-08-15,,1.0,False
117,ALLDIGI,INE835G01018,ALLDIGI TECH LIMITED,117,1,2005-05-09,True,nse_symbols_consolidated.csv,2026-08-15,,1.0,False
118,ALLTIME,INE0GV601021,ALL TIME PLASTICS LIMITED,118,1,2025-08-14,True,nse_symbols_consolidated.csv,2026-08-15,,1.0,False
119,ALMONDZ,INE326B01035,ALMONDZ GLOBAL SECURITIES LIMITED,119,1,2008-06-16,True,nse_symbols_consolidated.csv,2026-08-15,,1.0,False
120,ALOKINDS,INE270A01029,ALOK INDUSTRIES LIMITED,120,1,2020-02-19,True,nse_symbols_consolidated.csv,2026-08-15,,1.0,False
121,ALPA,INE385I01010,ALPA LABORATORIES LIMITED,121,1,2007-08-06,True,nse_symbols_consolidated.csv,2026-08-15,,1.0,False
122,ALPHAGEO,INE137C01018,ALPHAGEO (INDIA) LIMITED,122,1,2007-05-11,True,nse_symbols_consolidated.csv,2026-08-15,,1.0,False
123,ALPINETEX,INE1JCQ01037,ALPINE TEXWORLD LIMITED,123,1,2026-07-21,True,nse_symbols_consolidated.csv,2026-08-15,,1.0,False
124,AMAGI,INE121R01077,AMAGI MEDIA LABS LIMITED,124,1,2026-01-21,True,nse_symbols_consolidated.csv,2026-08-15,,1.0,False
125,AMANTA,INE084K01015,AMANTA HEALTHCARE LIMITED,125,1,2025-09-09,True,nse_symbols_consolidated.csv,2026-08-15,,1.0,False
126,AMBALALSA,INE432A01017,AMBALAL SARABHAI ENTERPRISES LIMITED,126,1,2026-04-20,True,nse_symbols_consolidated.csv,2026-08-15,,1.0,False
127,AMBER,INE371P01015,AMBER ENTERPRISES INDIA LIMITED,127,1,2018-01-30,True,nse_symbols_consolidated.csv,2026-08-15,,1.0,False
128,AMBICAAGAR,INE792B01012,AMBICA AGARBATHIES AND AROMA INDUSTRIES LIMITED,128,1,2004-06-29,True,nse_symbols_consolidated.csv,2026-08-15,,1.0,False
129,AMBIKCO,INE540G01014,AMBIKA COTTON MILLS LIMITED,129,1,2008-01-29,True,nse_symbols_consolidated.csv,2026-08-15,,1.0,False
130,AMBUJACEM,INE079A01024,AMBUJA CEMENTS LIMITED,130,1,1998-02-18,True,nse_symbols_consolidated.csv,2026-08-15,,1.0,False
131,AMDIND,INE005I01014,AMD INDUSTRIES LIMITED,131,1,2007-03-19,True,nse_symbols_consolidated.csv,2026-08-15,,1.0,False
132,AMJLAND,INE606A01024,AMJ LAND HOLDINGS LIMITED,132,1,1995-02-08,True,nse_symbols_consolidated.csv,2026-08-15,,1.0,False
133,AMNPLST,INE275D01022,AMINES AND PLASTICIZERS LIMITED,133,1,2023-11-10,True,nse_symbols_consolidated.csv,2026-08-15,,1.0,False
134,AMRUTANJAN,INE098F01031,AMRUTANJAN HEALTH CARE LIMITED,134,1,2015-01-02,True,nse_symbols_consolidated.csv,2026-08-15,,1.0,False
135,ANANDRATHI,INE463V01026,ANAND RATHI WEALTH LIMITED,135,1,2021-12-14,True,nse_symbols_consolidated.csv,2026-08-15,,1.0,False
136,ANANTRAJ,INE242C01024,ANANT RAJ LIMITED,136,1,2006-09-27,True,nse_symbols_consolidated.csv,2026-08-15,,1.0,False
137,ANDHRAPAP,INE435A01051,ANDHRA PAPER LIMITED,137,1,2004-05-13,True,nse_symbols_consolidated.csv,2026-08-15,,1.0,False
138,ANDHRSUGAR,INE715B01021,THE ANDHRA SUGARS LIMITED,138,1,1995-11-01,True,nse_symbols_consolidated.csv,2026-08-15,,1.0,False
139,ANGELONE,INE732I01021,ANGEL ONE LIMITED,139,1,2020-10-05,True,nse_symbols_consolidated.csv,2026-08-15,,1.0,False
140,ANIKINDS,INE087B01017,ANIK INDUSTRIES LIMITED,140,1,2008-05-21,True,nse_symbols_consolidated.csv,2026-08-15,,1.0,False
141,ANKITMETAL,INE106I01010,ANKIT METAL AND POWER LIMITED,141,1,2013-03-14,True,nse_symbols_consolidated.csv,2026-08-15,,1.0,False
142,ANMOL,INE02AR01019,ANMOL INDIA LIMITED,142,1,2021-06-04,True,nse_symbols_consolidated.csv,2026-08-15,,1.0,False
143,ANNAPURNA,INE0MGM01017,ANNAPURNA SWADISHT LIMITED,143,1,2026-08-12,True,nse_symbols_consolidated.csv,2026-08-15,,1.0,False
144,ANSALAPI,INE436A01026,ANSAL PROPERTIES AND INFRASTRUCTURE LIMITED,144,1,2006-01-27,True,nse_symbols_consolidated.csv,2026-08-15,,1.0,False
145,ANTELOPUS,INE818A01017,ANTELOPUS SELAN ENERGY LIMITED,145,1,2006-09-26,True,nse_symbols_consolidated.csv,2026-08-15,,1.0,False
146,ANTGRAPHIC,INE414B01021,ANTARCTICA LIMITED,146,1,1997-12-31,True,nse_symbols_consolidated.csv,2026-08-15,,1.0,False
147,ANTHEM,INE0CZ201020,ANTHEM BIOSCIENCES LIMITED,147,1,2025-07-21,True,nse_symbols_consolidated.csv,2026-08-15,,1.0,False
148,ANUHPHR,INE489G01022,ANUH PHARMA LIMITED,148,1,2024-12-20,True,nse_symbols_consolidated.csv,2026-08-15,,1.0,False
149,ANUP,INE294Z01018,THE ANUP ENGINEERING LIMITED,149,1,2019-03-01,True,nse_symbols_consolidated.csv,2026-08-15,,1.0,False
150,ANURAS,INE930P01018,ANUPAM RASAYAN INDIA LIMITED,150,1,2021-03-24,True,nse_symbols_consolidated.csv,2026-08-15,,1.0,False
151,APARINDS,INE372A01015,APAR INDUSTRIES LIMITED,151,1,2004-07-12,True,nse_symbols_consolidated.csv,2026-08-15,,1.0,False
152,APCL,INE071F01012,ANJANI PORTLAND CEMENT LIMITED,152,1,2017-04-10,True,nse_symbols_consolidated.csv,2026-08-15,,1.0,False
153,APCOTEXIND,INE116A01032,APCOTEX INDUSTRIES LIMITED,153,1,1995-09-06,True,nse_symbols_consolidated.csv,2026-08-15,,1.0,False
154,APEX,INE346W01013,APEX FROZEN FOODS LIMITED,154,1,2017-09-04,True,nse_symbols_consolidated.csv,2026-08-15,,1.0,False
155,APLAPOLLO,INE702C01027,APL APOLLO TUBES LIMITED,155,1,2011-12-14,True,nse_symbols_consolidated.csv,2026-08-15,,1.0,False
156,APLLTD,INE901L01018,ALEMBIC PHARMACEUTICALS LIMITED,156,1,2011-09-20,True,nse_symbols_consolidated.csv,2026-08-15,,1.0,False
157,APOLLO,INE713T01028,APOLLO MICRO SYSTEMS LIMITED,157,1,2018-01-22,True,nse_symbols_consolidated.csv,2026-08-15,,1.0,False
158,APOLLOHOSP,INE437A01024,APOLLO HOSPITALS ENTERPRISE LIMITED,158,1,1996-01-10,True,nse_symbols_consolidated.csv,2026-08-15,,1.0,False
159,APOLLOPIPE,INE126J01016,APOLLO PIPES LIMITED,159,1,2019-11-11,True,nse_symbols_consolidated.csv,2026-08-15,,1.0,False
160,APOLLOTYRE,INE438A01022,APOLLO TYRES LIMITED,160,1,1995-05-31,True,nse_symbols_consolidated.csv,2026-08-15,,1.0,False
161,APOLSINHOT,INE451F01024,APOLLO SINDOORI HOTELS LIMITED,161,1,2015-01-28,True,nse_symbols_consolidated.csv,2026-08-15,,1.0,False
162,APTECHT,INE266F01018,APTECH LIMITED,162,1,2002-09-27,True,nse_symbols_consolidated.csv,2026-08-15,,1.0,False
163,APTUS,INE852O01025,APTUS VALUE HOUSING FINANCE INDIA LIMITED,163,1,2021-08-24,True,nse_symbols_consolidated.csv,2026-08-15,,1.0,False
164,AQYLON,INE416A01051,AQYLON NEXUS LIMITED,164,1,2024-04-01,True,nse_symbols_consolidated.csv,2026-08-15,,1.0,False
165,ARCHIDPLY,INE877I01016,ARCHIDPLY INDUSTRIES LIMITED,165,1,2008-07-04,True,nse_symbols_consolidated.csv,2026-08-15,,1.0,False
166,ARCHIES,INE731A01020,ARCHIES LIMITED,166,1,1998-09-02,True,nse_symbols_consolidated.csv,2026-08-15,,1.0,False
167,ARDEE,INE0XNF01022,ARDEE INDUSTRIES LIMITED,167,1,2026-08-12,True,nse_symbols_consolidated.csv,2026-08-15,,1.0,False
168,ARE&M,INE885A01032,AMARA RAJA ENERGY AND MOBILITY LIMITED,168,1,2003-09-05,True,nse_symbols_consolidated.csv,2026-08-15,,1.0,False
169,ARENTERP,INE610C01014,RAJDARSHAN INDUSTRIES LIMITED,169,1,1995-10-18,True,nse_symbols_consolidated.csv,2026-08-15,,1.0,False
170,ARFIN,INE784R01023,ARFIN INDIA LIMITED,170,1,2025-07-22,True,nse_symbols_consolidated.csv,2026-08-15,,1.0,False
171,ARIES,INE298I01015,ARIES AGRO LIMITED,171,1,2008-01-11,True,nse_symbols_consolidated.csv,2026-08-15,,1.0,False
172,ARIHANT,INE413D01011,ARIHANT FOUNDATIONS AND HOUSING LIMITED,172,1,2026-04-20,True,nse_symbols_consolidated.csv,2026-08-15,,1.0,False
173,ARIHANTCAP,INE420B01036,ARIHANT CAPITAL MARKETS LIMITED,173,1,2021-06-15,True,nse_symbols_consolidated.csv,2026-08-15,,1.0,False
174,ARIHANTSUP,INE643K01018,ARIHANT SUPERSTRUCTURES LIMITED,174,1,2017-03-28,True,nse_symbols_consolidated.csv,2026-08-15,,1.0,False
175,ARIS,INE0H9P01028,ARISINFRA SOLUTIONS LIMITED,175,1,2025-06-25,True,nse_symbols_consolidated.csv,2026-08-15,,1.0,False
176,ARKADE,INE0QRL01017,ARKADE DEVELOPERS LIMITED,176,1,2024-09-24,True,nse_symbols_consolidated.csv,2026-08-15,,1.0,False
177,ARMANFIN,INE109C01017,ARMAN FINANCIAL SERVICES LIMITED,177,1,2016-06-14,True,nse_symbols_consolidated.csv,2026-08-15,,1.0,False
178,AROGRANITE,INE210C01013,ARO GRANITE INDUSTRIES LIMITED,178,1,2007-04-24,True,nse_symbols_consolidated.csv,2026-08-15,,1.0,False
179,ARROWGREEN,INE570D01018,ARROW GREENTECH LIMITED,179,1,2015-05-21,True,nse_symbols_consolidated.csv,2026-08-15,,1.0,False
180,ARSHIYA,INE968D01022,ARSHIYA LIMITED,180,1,2009-12-14,True,nse_symbols_consolidated.csv,2026-08-15,,1.0,False
181,ARSSBL,INE549H01021,ANAND RATHI SHARE AND STOCK BROKERS LIMITED,181,1,2025-09-30,True,nse_symbols_consolidated.csv,2026-08-15,,1.0,False
182,ARTEMISMED,INE025R01021,ARTEMIS MEDICARE SERVICES LIMITED,182,1,2020-01-23,True,nse_symbols_consolidated.csv,2026-08-15,,1.0,False
183,ARTNIRMAN,INE738V01013,ART NIRMAN LIMITED,183,1,2021-10-18,True,nse_symbols_consolidated.csv,2026-08-15,,1.0,False
184,ARVEE,INE006Z01016,ARVEE LABORATORIES (INDIA) LIMITED,184,1,2021-03-22,True,nse_symbols_consolidated.csv,2026-08-15,,1.0,False
185,ARVIND,INE034A01011,ARVIND LIMITED,185,1,1995-02-08,True,nse_symbols_consolidated.csv,2026-08-15,,1.0,False
186,ARVINDFASN,INE955V01021,ARVIND FASHIONS LIMITED,186,1,2019-03-08,True,nse_symbols_consolidated.csv,2026-08-15,,1.0,False
187,ARVSMART,INE034S01021,ARVIND SMARTSPACES LIMITED,187,1,2015-08-26,True,nse_symbols_consolidated.csv,2026-08-15,,1.0,False
188,ASAHIINDIA,INE439A01020,ASAHI INDIA GLASS LIMITED,188,1,1998-03-18,True,nse_symbols_consolidated.csv,2026-08-15,,1.0,False
189,ASAHISONG,INE228I01012,ASAHI SONGWON COLORS LIMITED,189,1,2011-08-29,True,nse_symbols_consolidated.csv,2026-08-15,,1.0,False
190,ASAL,INE900C01027,AUTOMOTIVE STAMPINGS AND ASSEMBLIES LIMITED,190,1,2002-03-12,True,nse_symbols_consolidated.csv,2026-08-15,,1.0,False
191,ASALCBR,INE073G01016,ASSOCIATED ALCOHOLS AND BREWERIES LIMITED,191,1,2020-02-12,True,nse_symbols_consolidated.csv,2026-08-15,,1.0,False
192,ASHAPURMIN,INE348A01023,ASHAPURA MINECHEM LIMITED,192,1,1995-09-20,True,nse_symbols_consolidated.csv,2026-08-15,,1.0,False
193,ASHIANA,INE365D01021,ASHIANA HOUSING LIMITED,193,1,2011-06-29,True,nse_symbols_consolidated.csv,2026-08-15,,1.0,False
194,ASHIKAG,INE094B01013,ASHIKA GLOBAL SECURITIES LIMITED,194,1,2026-04-20,True,nse_symbols_consolidated.csv,2026-08-15,,1.0,False
195,ASHIMASYN,INE440A01010,ASHIMA LIMITED,195,1,1995-07-27,True,nse_symbols_consolidated.csv,2026-08-15,,1.0,False
196,ASHOKA,INE442H01029,ASHOKA BUILDCON LIMITED,196,1,2010-10-14,True,nse_symbols_consolidated.csv,2026-08-15,,1.0,False
197,ASHOKAMET,INE760Y01011,ASHOKA METCAST LIMITED,197,1,2023-06-27,True,nse_symbols_consolidated.csv,2026-08-15,,1.0,False
198,ASHOKLEY,INE208A01029,ASHOK LEYLAND LIMITED,198,1,1995-05-25,True,nse_symbols_consolidated.csv,2026-08-15,,1.0,False
199,ASIANENE,INE276G01015,ASIAN ENERGY SERVICES LIMITED,199,1,2021-12-09,True,nse_symbols_consolidated.csv,2026-08-15,,1.0,False
200,ASIANHOTNR,INE363A01022,ASIAN HOTELS (NORTH) LIMITED,200,1,2010-04-07,True,nse_symbols_consolidated.csv,2026-08-15,,1.0,False
201,ASIANPAINT,INE021A01026,ASIAN PAINTS LIMITED,201,1,1995-05-31,True,nse_symbols_consolidated.csv,2026-08-15,,1.0,False
202,ASIANTILES,INE022I01019,ASIAN GRANITO INDIA LIMITED,202,1,2007-08-23,True,nse_symbols_consolidated.csv,2026-08-15,,1.0,False
203,ASKAUTOLTD,INE491J01022,ASK AUTOMOTIVE LIMITED,203,1,2023-11-15,True,nse_symbols_consolidated.csv,2026-08-15,,1.0,False
204,ASMS,INE855F01042,AVIO SMART MARKET STACK LIMITED,204,1,2023-02-09,True,nse_symbols_consolidated.csv,2026-08-15,,1.0,False
205,ASPINWALL,INE991I01015,ASPINWALL AND COMPANY LIMITED,205,1,2016-06-14,True,nse_symbols_consolidated.csv,2026-08-15,,1.0,False
206,ASTAR,INE194D01017,ASIAN STAR COMPANY LIMITED,206,1,2026-04-20,True,nse_symbols_consolidated.csv,2026-08-15,,1.0,False
207,ASTEC,INE563J01010,ASTEC LIFESCIENCES LIMITED,207,1,2009-11-25,True,nse_symbols_consolidated.csv,2026-08-15,,1.0,False
208,ASTERDM,INE914M01019,ASTER DM QUALITY CARE LIMITED,208,1,2018-02-26,True,nse_symbols_consolidated.csv,2026-08-15,,1.0,False
209,ASTRAL,INE006I01046,ASTRAL LIMITED,209,1,2007-03-20,True,nse_symbols_consolidated.csv,2026-08-15,,1.0,False
210,ASTRAMICRO,INE386C01029,ASTRA MICROWAVE PRODUCTS LIMITED,210,1,2004-11-01,True,nse_symbols_consolidated.csv,2026-08-15,,1.0,False
211,ASTRAZEN,INE203A01020,ASTRAZENECA PHARMA INDIA LIMITED,211,1,2001-05-04,True,nse_symbols_consolidated.csv,2026-08-15,,1.0,False
212,ASTRON,INE646X01014,ASTRON PAPER AND BOARD MILL LIMITED,212,1,2017-12-29,True,nse_symbols_consolidated.csv,2026-08-15,,1.0,False
213,ATALREAL,INE0ALR01029,ATAL REALTECH LIMITED,213,1,2023-05-12,True,nse_symbols_consolidated.csv,2026-08-15,,1.0,False
214,ATAM,INE09KD01013,ATAM VALVES LIMITED,214,1,2023-05-10,True,nse_symbols_consolidated.csv,2026-08-15,,1.0,False
215,ATGL,INE399L01023,ADANI TOTAL GAS LIMITED,215,1,2018-11-05,True,nse_symbols_consolidated.csv,2026-08-15,,1.0,False
216,ATHERENERG,INE0LEZ01016,ATHER ENERGY LIMITED,216,1,2025-05-06,True,nse_symbols_consolidated.csv,2026-08-15,,1.0,False
217,ATL,INE0NN701020,ALLCARGO TERMINALS LIMITED,217,1,2023-08-10,True,nse_symbols_consolidated.csv,2026-08-15,,1.0,False
218,ATLANTAA,INE285H01022,ATLANTAA LIMITED,218,1,2006-09-25,True,nse_symbols_consolidated.csv,2026-08-15,,1.0,False
219,ATLANTAELE,INE0Z4F01028,ATLANTA ELECTRICALS LIMITED,219,1,2025-09-29,True,nse_symbols_consolidated.csv,2026-08-15,,1.0,False
220,ATLASCYCLE,INE446A01025,ATLAS CYCLES (HARYANA) LIMITED,220,1,1996-10-23,True,nse_symbols_consolidated.csv,2026-08-15,,1.0,False
221,ATUL,INE100A01010,ATUL LIMITED,221,1,1998-05-06,True,nse_symbols_consolidated.csv,2026-08-15,,1.0,False
222,ATULAUTO,INE951D01028,ATUL AUTO LIMITED,222,1,2013-06-26,True,nse_symbols_consolidated.csv,2026-08-15,,1.0,False
223,AUBANK,INE949L01017,AU SMALL FINANCE BANK LIMITED,223,1,2017-07-10,True,nse_symbols_consolidated.csv,2026-08-15,,1.0,False
224,AURIONPRO,INE132H01018,AURIONPRO SOLUTIONS LIMITED,224,1,2005-10-25,True,nse_symbols_consolidated.csv,2026-08-15,,1.0,False
225,AUROPHARMA,INE406A01037,AUROBINDO PHARMA LIMITED,225,1,2000-07-19,True,nse_symbols_consolidated.csv,2026-08-15,,1.0,False
226,AURUM,INE898S01029,AURUM PROPTECH LIMITED,226,1,2015-08-19,True,nse_symbols_consolidated.csv,2026-08-15,,1.0,False
227,AURUS,INE142K01011,AURUS GEM CORPORATION LIMITED,227,1,2013-11-05,True,nse_symbols_consolidated.csv,2026-08-15,,1.0,False
228,AUSOMENT,INE218C01016,AUSOM ENTERPRISE LIMITED,228,1,1996-04-17,True,nse_symbols_consolidated.csv,2026-08-15,,1.0,False
229,AUTOAXLES,INE449A01011,AUTOMOTIVE AXLES LIMITED,229,1,2003-05-29,True,nse_symbols_consolidated.csv,2026-08-15,,1.0,False
230,AUTOIND,INE718H01014,AUTOLINE INDUSTRIES LIMITED,230,1,2007-01-31,True,nse_symbols_consolidated.csv,2026-08-15,,1.0,False
231,AVADHSUGAR,INE349W01017,AVADH SUGAR AND ENERGY LIMITED,231,1,2017-07-28,True,nse_symbols_consolidated.csv,2026-08-15,,1.0,False
232,AVALON,INE0LCL01028,AVALON TECHNOLOGIES LIMITED,232,1,2023-04-18,True,nse_symbols_consolidated.csv,2026-08-15,,1.0,False
233,AVANTEL,INE005B01027,AVANTEL LIMITED,233,1,2024-07-31,True,nse_symbols_consolidated.csv,2026-08-15,,1.0,False
234,AVANTIFEED,INE871C01038,AVANTI FEEDS LIMITED,234,1,2015-04-15,True,nse_symbols_consolidated.csv,2026-08-15,,1.0,False
235,AVG,INE680Z01018,AVG LOGISTICS LIMITED,235,1,2023-05-12,True,nse_symbols_consolidated.csv,2026-08-15,,1.0,False
236,AVL,INE679V01027,ADITYA VISION LIMITED,236,1,2024-11-06,True,nse_symbols_consolidated.csv,2026-08-15,,1.0,False
237,AVONMORE,INE323B01024,AVONMORE CAPITAL AND MANAGEMENT SERVICES LIMITED,237,1,2023-01-04,True,nse_symbols_consolidated.csv,2026-08-15,,1.0,False
238,AVROIND,INE652Z01025,AVRO INDIA LIMITED,238,1,2022-04-07,True,nse_symbols_consolidated.csv,2026-08-15,,1.0,False
239,AVTNPL,INE488D01021,AVT NATURAL PRODUCTS LIMITED,239,1,2007-01-10,True,nse_symbols_consolidated.csv,2026-08-15,,1.0,False
240,AWFIS,INE108V01019,AWFIS SPACE SOLUTIONS LIMITED,240,1,2024-05-30,True,nse_symbols_consolidated.csv,2026-08-15,,1.0,False
241,AWHCL,INE01BK01022,ANTONY WASTE HANDLING CELL LIMITED,241,1,2021-01-01,True,nse_symbols_consolidated.csv,2026-08-15,,1.0,False
242,AWL,INE699H01024,AWL AGRI BUSINESS LIMITED,242,1,2022-02-08,True,nse_symbols_consolidated.csv,2026-08-15,,1.0,False
243,AXISBANK,INE238A01034,AXIS BANK LIMITED,243,1,1998-11-16,True,nse_symbols_consolidated.csv,2026-08-15,,1.0,False
244,AXISCADES,INE555B01013,AXISCADES TECHNOLOGIES LIMITED,244,1,2000-12-21,True,nse_symbols_consolidated.csv,2026-08-15,,1.0,False
245,AXITA,INE02EZ01022,AXITA COTTON LIMITED,245,1,2022-06-21,True,nse_symbols_consolidated.csv,2026-08-15,,1.0,False
246,AYE,INE501X01029,AYE FINANCE LIMITED,246,1,2026-02-16,True,nse_symbols_consolidated.csv,2026-08-15,,1.0,False
247,AYMSYNTEX,INE193B01039,AYM SYNTEX LIMITED,247,1,2015-08-14,True,nse_symbols_consolidated.csv,2026-08-15,,1.0,False
248,AZAD,INE02IJ01035,AZAD ENGINEERING LIMITED,248,1,2023-12-28,True,nse_symbols_consolidated.csv,2026-08-15,,1.0,False
249,BAFNAPH,INE878I01022,BAFNA PHARMACEUTICALS LIMITED,249,1,2020-02-27,True,nse_symbols_consolidated.csv,2026-08-15,,1.0,False
250,BAGFILMS,INE116D01028,B.A.G FILMS AND MEDIA LIMITED,250,1,2003-10-17,True,nse_symbols_consolidated.csv,2026-08-15,,1.0,False
251,BAIDFIN,INE020D01022,BAID FINSERV LIMITED,251,1,2023-01-20,True,nse_symbols_consolidated.csv,2026-08-15,,1.0,False
252,BAJAJ-AUTO,INE917I01010,BAJAJ AUTO LIMITED,252,1,2008-05-26,True,nse_symbols_consolidated.csv,2026-08-15,,1.0,False
253,BAJAJCON,INE933K01021,BAJAJ CONSUMER CARE LIMITED,253,1,2010-08-18,True,nse_symbols_consolidated.csv,2026-08-15,,1.0,False
254,BAJAJELEC,INE193E01025,BAJAJ ELECTRICALS LIMITED,254,1,2007-11-02,True,nse_symbols_consolidated.csv,2026-08-15,,1.0,False
255,BAJAJFINSV,INE918I01026,BAJAJ FINSERV LIMITED,255,1,2008-05-26,True,nse_symbols_consolidated.csv,2026-08-15,,1.0,False
256,BAJAJHCARE,INE411U01027,BAJAJ HEALTHCARE LIMITED,256,1,2021-11-25,True,nse_symbols_consolidated.csv,2026-08-15,,1.0,False
257,BAJAJHFL,INE377Y01014,BAJAJ HOUSING FINANCE LIMITED,257,1,2024-09-16,True,nse_symbols_consolidated.csv,2026-08-15,,1.0,False
258,BAJAJHIND,INE306A01021,BAJAJ HINDUSTHAN SUGAR LIMITED,258,1,1995-05-10,True,nse_symbols_consolidated.csv,2026-08-15,,1.0,False
259,BAJAJHLDNG,INE118A01012,BAJAJ HOLDINGS AND INVESTMENT LIMITED,259,1,1995-03-15,True,nse_symbols_consolidated.csv,2026-08-15,,1.0,False
260,BAJAJINDEF,INE0O9T01021,INDEF MANUFACTURING LIMITED,260,1,2025-02-21,True,nse_symbols_consolidated.csv,2026-08-15,,1.0,False
261,BAJAJST,INE704G01024,BAJAJ STEEL INDUSTRIES LIMITED,261,1,2026-04-20,True,nse_symbols_consolidated.csv,2026-08-15,,1.0,False
262,BAJEL,INE0KQN01018,BAJEL PROJECTS LIMITED,262,1,2023-12-19,True,nse_symbols_consolidated.csv,2026-08-15,,1.0,False
263,BAJFINANCE,INE296A01032,BAJAJ FINANCE LIMITED,263,1,2003-04-01,True,nse_symbols_consolidated.csv,2026-08-15,,1.0,False
264,BALAJEE,INE0S2G01011,SHREE TIRUPATI BALAJEE AGRO TRADING COMPANY LIMITED,264,1,2024-09-12,True,nse_symbols_consolidated.csv,2026-08-15,,1.0,False
265,BALAJITELE,INE794B01026,BALAJI TELEFILMS LIMITED,265,1,2000-11-22,True,nse_symbols_consolidated.csv,2026-08-15,,1.0,False
266,BALAMINES,INE050E01027,BALAJI AMINES LIMITED,266,1,2007-04-05,True,nse_symbols_consolidated.csv,2026-08-15,,1.0,False
267,BALAXI,INE618N01022,BALAXI PHARMACEUTICALS LIMITED,267,1,2015-11-30,True,nse_symbols_consolidated.csv,2026-08-15,,1.0,False
268,BALKRISHNA,INE875R01011,BALKRISHNA PAPER MILLS LIMITED,268,1,2015-07-28,True,nse_symbols_consolidated.csv,2026-08-15,,1.0,False
269,BALKRISIND,INE787D01026,BALKRISHNA INDUSTRIES LIMITED,269,1,2006-01-27,True,nse_symbols_consolidated.csv,2026-08-15,,1.0,False
270,BALMLAWRIE,INE164A01016,BALMER LAWRIE AND COMPANY LIMITED,270,1,1995-07-06,True,nse_symbols_consolidated.csv,2026-08-15,,1.0,False
271,BALPHARMA,INE083D01012,BAL PHARMA LIMITED,271,1,2006-05-08,True,nse_symbols_consolidated.csv,2026-08-15,,1.0,False
272,BALRAMCHIN,INE119A01028,BALRAMPUR CHINI MILLS LIMITED,272,1,1995-02-08,True,nse_symbols_consolidated.csv,2026-08-15,,1.0,False
273,BALUFORGE,INE011E01029,BALU FORGE INDUSTRIES LIMITED,273,1,2024-04-29,True,nse_symbols_consolidated.csv,2026-08-15,,1.0,False
274,BANARBEADS,INE655B01011,BANARAS BEADS LIMITED,274,1,1995-07-07,True,nse_symbols_consolidated.csv,2026-08-15,,1.0,False
275,BANARISUG,INE459A01010,BANNARI AMMAN SUGARS LIMITED,275,1,2003-05-28,True,nse_symbols_consolidated.csv,2026-08-15,,1.0,False
276,BANCOINDIA,INE213C01025,BANCO PRODUCTS (I) LIMITED,276,1,2006-12-22,True,nse_symbols_consolidated.csv,2026-08-15,,1.0,False
277,BANDHANBNK,INE545U01014,BANDHAN BANK LIMITED,277,1,2018-03-27,True,nse_symbols_consolidated.csv,2026-08-15,,1.0,False
278,BANG,INE863I01016,BANG OVERSEAS LIMITED,278,1,2008-02-20,True,nse_symbols_consolidated.csv,2026-08-15,,1.0,False
279,BANKA,INE862Y01015,BANKA BIOLOO LIMITED,279,1,2020-10-29,True,nse_symbols_consolidated.csv,2026-08-15,,1.0,False
280,BANKBARODA,INE028A01039,BANK OF BARODA,280,1,1997-02-19,True,nse_symbols_consolidated.csv,2026-08-15,,1.0,False
281,BANKINDIA,INE084A01016,BANK OF INDIA,281,1,1997-04-30,True,nse_symbols_consolidated.csv,2026-08-15,,1.0,False
282,BANSALWIRE,INE0B9K01025,BANSAL WIRE INDUSTRIES LIMITED,282,1,2024-07-10,True,nse_symbols_consolidated.csv,2026-08-15,,1.0,False
283,BANSWRAS,INE629D01020,BANSWARA SYNTEX LIMITED,283,1,2007-04-11,True,nse_symbols_consolidated.csv,2026-08-15,,1.0,False
284,BASF,INE373A01013,BASF INDIA LIMITED,284,1,1995-05-17,True,nse_symbols_consolidated.csv,2026-08-15,,1.0,False
285,BASML,INE186H01022,BANNARI AMMAN SPINNING MILLS LIMITED,285,1,2005-11-14,True,nse_symbols_consolidated.csv,2026-08-15,,1.0,False
286,BATAINDIA,INE176A01028,BATA INDIA LIMITED,286,1,2003-06-18,True,nse_symbols_consolidated.csv,2026-08-15,,1.0,False
287,BATLIBOI,INE177C01022,BATLIBOI LIMITED,287,1,2026-04-20,True,nse_symbols_consolidated.csv,2026-08-15,,1.0,False
288,BAYERCROP,INE462A01022,BAYER CROPSCIENCE LIMITED,288,1,2010-01-08,True,nse_symbols_consolidated.csv,2026-08-15,,1.0,False
289,BBL,INE464A01036,BHARAT BIJLEE LIMITED,289,1,2006-11-21,True,nse_symbols_consolidated.csv,2026-08-15,,1.0,False
290,BBOX,INE676A01027,BLACK BOX LIMITED,290,1,2003-07-22,True,nse_symbols_consolidated.csv,2026-08-15,,1.0,False
291,BBTC,INE050A01025,THE BOMBAY BURMAH TRADING CORPORATION LIMITED,291,1,1996-04-03,True,nse_symbols_consolidated.csv,2026-08-15,,1.0,False
292,BBTCL,INE01EE01011,BANDB TRIPLEWALL CONTAINERS LIMITED,292,1,2022-11-23,True,nse_symbols_consolidated.csv,2026-08-15,,1.0,False
293,BCG,INE425B01027,BRIGHTCOM GROUP LIMITED,293,1,2015-05-08,True,nse_symbols_consolidated.csv,2026-08-15,,1.0,False
294,BCLIND,INE412G01024,BCL INDUSTRIES LIMITED,294,1,2021-03-04,True,nse_symbols_consolidated.csv,2026-08-15,,1.0,False
295,BCONCEPTS,INE977Y01011,BRAND CONCEPTS LIMITED,295,1,2022-01-11,True,nse_symbols_consolidated.csv,2026-08-15,,1.0,False
296,BCPL,INE00SW01015,BCPL RAILWAY INFRASTRUCTURE LIMITED,296,1,2026-03-27,True,nse_symbols_consolidated.csv,2026-08-15,,1.0,False
297,BDL,INE171Z01026,BHARAT DYNAMICS LIMITED,297,1,2018-03-23,True,nse_symbols_consolidated.csv,2026-08-15,,1.0,False
298,BEARDSELL,INE520H01022,BEARDSELL LIMITED,298,1,2015-01-13,True,nse_symbols_consolidated.csv,2026-08-15,,1.0,False
299,BECTORFOOD,INE495P01020,MRS. BECTORS FOOD SPECIALITIES LIMITED,299,1,2020-12-24,True,nse_symbols_consolidated.csv,2026-08-15,,1.0,False
300,BEDMUTHA,INE844K01012,BEDMUTHA INDUSTRIES LIMITED,300,1,2010-10-14,True,nse_symbols_consolidated.csv,2026-08-15,,1.0,False
301,BEEKAY,INE213D01015,BEEKAY STEEL INDUSTRIES LIMITED,301,1,2026-04-20,True,nse_symbols_consolidated.csv,2026-08-15,,1.0,False
302,BEL,INE263A01024,BHARAT ELECTRONICS LIMITED,302,1,2000-07-19,True,nse_symbols_consolidated.csv,2026-08-15,,1.0,False
303,BELLACASA,INE344T01014,BELLA CASA FASHION AND RETAIL LIMITED,303,1,2025-07-18,True,nse_symbols_consolidated.csv,2026-08-15,,1.0,False
304,BELRISE,INE894V01022,BELRISE INDUSTRIES LIMITED,304,1,2025-05-28,True,nse_symbols_consolidated.csv,2026-08-15,,1.0,False
305,BEML,INE258A01024,BEML LIMITED,305,1,2003-11-05,True,nse_symbols_consolidated.csv,2026-08-15,,1.0,False
306,BENGALASM,INE083K01017,BENGAL AND ASSAM COMPANY LIMITED,306,1,2026-04-20,True,nse_symbols_consolidated.csv,2026-08-15,,1.0,False
307,BEPL,INE922A01025,BHANSALI ENGINEERING POLYMERS LIMITED,307,1,2005-03-21,True,nse_symbols_consolidated.csv,2026-08-15,,1.0,False
308,BERGEPAINT,INE463A01038,BERGER PAINTS (I) LIMITED,308,1,1999-11-24,True,nse_symbols_consolidated.csv,2026-08-15,,1.0,False
309,BESTAGRO,INE052T01021,BEST AGROLIFE LIMITED,309,1,2024-04-10,True,nse_symbols_consolidated.csv,2026-08-15,,1.0,False
310,BETA,INE351Y01019,BETA DRUGS LIMITED,310,1,2025-11-24,True,nse_symbols_consolidated.csv,2026-08-15,,1.0,False
311,BFINVEST,INE878K01010,BF INVESTMENT LIMITED,311,1,2011-01-14,True,nse_symbols_consolidated.csv,2026-08-15,,1.0,False
312,BFUTILITIE,INE243D01012,BF UTILITIES LIMITED,312,1,2007-05-03,True,nse_symbols_consolidated.csv,2026-08-15,,1.0,False
313,BGRENERGY,INE661I01014,BGR ENERGY SYSTEMS LIMITED,313,1,2008-01-03,True,nse_symbols_consolidated.csv,2026-08-15,,1.0,False
314,BHAGCHEM,INE414D01027,BHAGIRADHA CHEMICALS AND INDUSTRIES LIMITED,314,1,2021-10-18,True,nse_symbols_consolidated.csv,2026-08-15,,1.0,False
315,BHAGERIA,INE354C01027,BHAGERIA INDUSTRIES LIMITED,315,1,2016-03-02,True,nse_symbols_consolidated.csv,2026-08-15,,1.0,False
316,BHAGYANGR,INE458B01036,BHAGYANAGAR INDIA LIMITED,316,1,2017-05-17,True,nse_symbols_consolidated.csv,2026-08-15,,1.0,False
317,BHANDARI,INE474E01029,BHANDARI HOSIERY EXPORTS LIMITED,317,1,2017-01-30,True,nse_symbols_consolidated.csv,2026-08-15,,1.0,False
318,BHARATCOAL,INE05XR01022,BHARAT COKING COAL LIMITED,318,1,2026-01-19,True,nse_symbols_consolidated.csv,2026-08-15,,1.0,False
319,BHARATFORG,INE465A01025,BHARAT FORGE LIMITED,319,1,2003-04-04,True,nse_symbols_consolidated.csv,2026-08-15,,1.0,False
320,BHARATGEAR,INE561C01019,BHARAT GEARS LIMITED,320,1,1996-04-03,True,nse_symbols_consolidated.csv,2026-08-15,,1.0,False
321,BHARATRAS,INE838B01021,BHARAT RASAYAN LIMITED,321,1,1995-10-11,True,nse_symbols_consolidated.csv,2026-08-15,,1.0,False
322,BHARATSE,INE415D01024,BHARAT SEATS LIMITED,322,1,2025-03-24,True,nse_symbols_consolidated.csv,2026-08-15,,1.0,False
323,BHARATWIRE,INE316L01019,BHARAT WIRE ROPES LIMITED,323,1,2016-04-01,True,nse_symbols_consolidated.csv,2026-08-15,,1.0,False
324,BHARTIARTL,INE397D01024,BHARTI AIRTEL LIMITED,324,1,2002-02-15,True,nse_symbols_consolidated.csv,2026-08-15,,1.0,False
325,BHARTIHEXA,INE343G01021,BHARTI HEXACOM LIMITED,325,1,2024-04-12,True,nse_symbols_consolidated.csv,2026-08-15,,1.0,False
326,BHEL,INE257A01026,BHARAT HEAVY ELECTRICALS LIMITED,326,1,2003-11-11,True,nse_symbols_consolidated.csv,2026-08-15,,1.0,False
327,BI,INE986A01012,BILCARE LIMITED,327,1,2026-04-20,True,nse_symbols_consolidated.csv,2026-08-15,,1.0,False
328,BIGBLOC,INE412U01025,BIGBLOC CONSTRUCTION LIMITED,328,1,2016-09-02,True,nse_symbols_consolidated.csv,2026-08-15,,1.0,False
329,BIKAJI,INE00E101023,BIKAJI FOODS INTERNATIONAL LIMITED,329,1,2022-11-16,True,nse_symbols_consolidated.csv,2026-08-15,,1.0,False
330,BIL,INE828A01016,BHARTIYA INTERNATIONAL LIMITED,330,1,2000-04-12,True,nse_symbols_consolidated.csv,2026-08-15,,1.0,False
331,BILVYAPAR,INE071A01013,BIL VYAPAR LIMITED,331,1,2006-09-27,True,nse_symbols_consolidated.csv,2026-08-15,,1.0,False
332,BIMETAL,INE469A01019,BIMETAL BEARINGS LIMITED,332,1,2026-04-20,True,nse_symbols_consolidated.csv,2026-08-15,,1.0,False
333,BIOCON,INE376G01013,BIOCON LIMITED,333,1,2004-04-07,True,nse_symbols_consolidated.csv,2026-08-15,,1.0,False
334,BIOFILCHEM,INE829A01014,BIOFIL CHEMICALS AND PHARMACEUTICALS LIMITED,334,1,1996-06-12,True,nse_symbols_consolidated.csv,2026-08-15,,1.0,False
335,BIRLACABLE,INE800A01015,BIRLA CABLE LIMITED,335,1,1995-12-06,True,nse_symbols_consolidated.csv,2026-08-15,,1.0,False
336,BIRLACORPN,INE340A01012,BIRLA CORPORATION LIMITED,336,1,1995-04-12,True,nse_symbols_consolidated.csv,2026-08-15,,1.0,False
337,BIRLAMONEY,INE865C01022,ADITYA BIRLA MONEY LIMITED,337,1,2008-02-07,True,nse_symbols_consolidated.csv,2026-08-15,,1.0,False
338,BIRLANU,INE557A01011,BIRLANU LIMITED,338,1,1995-04-26,True,nse_symbols_consolidated.csv,2026-08-15,,1.0,False
339,BIRLAPREC,INE372E01025,BIRLA PRECISION TECHNOLOGIES LIMITED,339,1,2026-04-20,True,nse_symbols_consolidated.csv,2026-08-15,,1.0,False
340,BLACKBUCK,INE0UIZ01018,BLACKBUCK LIMITED,340,1,2024-11-22,True,nse_symbols_consolidated.csv,2026-08-15,,1.0,False
341,BLACKROSE,INE761G01016,BLACK ROSE INDUSTRIES LIMITED,341,1,2026-04-20,True,nse_symbols_consolidated.csv,2026-08-15,,1.0,False
342,BLAL,INE0N7W01012,BEML LAND ASSETS LIMITED,342,1,2023-04-19,True,nse_symbols_consolidated.csv,2026-08-15,,1.0,False
343,BLBLIMITED,INE791A01024,BLB LIMITED,343,1,2000-05-31,True,nse_symbols_consolidated.csv,2026-08-15,,1.0,False
344,BLIL,INE525F01025,BALMER LAWRIE INVESTMENTS LIMITED,344,1,2026-04-20,True,nse_symbols_consolidated.csv,2026-08-15,,1.0,False
345,BLISSGVS,INE416D01022,BLISS GVS PHARMA LIMITED,345,1,2010-07-26,True,nse_symbols_consolidated.csv,2026-08-15,,1.0,False
346,BLKASHYAP,INE350H01032,B. L. KASHYAP AND SONS LIMITED,346,1,2006-03-17,True,nse_symbols_consolidated.csv,2026-08-15,,1.0,False
347,BLS,INE153T01027,BLS INTERNATIONAL SERVICES LIMITED,347,1,2016-06-14,True,nse_symbols_consolidated.csv,2026-08-15,,1.0,False
348,BLSE,INE0NLT01010,BLS E-SERVICES LIMITED,348,1,2024-02-06,True,nse_symbols_consolidated.csv,2026-08-15,,1.0,False
349,BLUECHIP,INE657B01025,BLUE CHIP INDIA LIMITED,349,1,1997-03-12,True,nse_symbols_consolidated.csv,2026-08-15,,1.0,False
350,BLUECOAST,INE472B01011,BLUE COAST HOTELS LIMITED,350,1,2000-02-16,True,nse_symbols_consolidated.csv,2026-08-15,,1.0,False
351,BLUEDART,INE233B01017,BLUE DART EXPRESS LIMITED,351,1,2002-12-12,True,nse_symbols_consolidated.csv,2026-08-15,,1.0,False
352,BLUEJET,INE0KBH01020,BLUE JET HEALTHCARE LIMITED,352,1,2023-11-01,True,nse_symbols_consolidated.csv,2026-08-15,,1.0,False
353,BLUESTARCO,INE472A01039,BLUE STAR LIMITED,353,1,2000-06-15,True,nse_symbols_consolidated.csv,2026-08-15,,1.0,False
354,BLUESTONE,INE304W01038,BLUESTONE JEWELLERY AND LIFESTYLE LIMITED,354,1,2025-08-19,True,nse_symbols_consolidated.csv,2026-08-15,,1.0,False
355,BLUSPRING,INE0U4101014,BLUSPRING ENTERPRISES LIMITED,355,1,2025-06-11,True,nse_symbols_consolidated.csv,2026-08-15,,1.0,False
356,BMWVENTLTD,INE965W01036,BMW VENTURES LIMITED,356,1,2025-10-01,True,nse_symbols_consolidated.csv,2026-08-15,,1.0,False
357,BNAGROCHEM,INE00HZ01011,BN AGROCHEM LIMITED,357,1,2026-04-20,True,nse_symbols_consolidated.csv,2026-08-15,,1.0,False
358,BNALTD,INE489D01011,B AND A LIMITED,358,1,2026-04-20,True,nse_symbols_consolidated.csv,2026-08-15,,1.0,False
359,BODALCHEM,INE338D01028,BODAL CHEMICALS LIMITED,359,1,2011-08-22,True,nse_symbols_consolidated.csv,2026-08-15,,1.0,False
360,BOHRAIND,INE802W01023,BOHRA INDUSTRIES LIMITED,360,1,2022-10-27,True,nse_symbols_consolidated.csv,2026-08-15,,1.0,False
361,BOMDYEING,INE032A01023,BOMBAY DYEING AND MANUFACTURING COMPANY LIMITED,361,1,1995-04-26,True,nse_symbols_consolidated.csv,2026-08-15,,1.0,False
362,BONLON,INE0B9A01018,BONLON INDUSTRIES LIMITED,362,1,2026-02-20,True,nse_symbols_consolidated.csv,2026-08-15,,1.0,False
363,BORANA,INE16SF01016,BORANA WEAVES LIMITED,363,1,2025-05-27,True,nse_symbols_consolidated.csv,2026-08-15,,1.0,False
364,BOROLTD,INE02PY01013,BOROSIL LIMITED,364,1,2020-07-22,True,nse_symbols_consolidated.csv,2026-08-15,,1.0,False
365,BORORENEW,INE666D01022,BOROSIL RENEWABLES LIMITED,365,1,2018-05-25,True,nse_symbols_consolidated.csv,2026-08-15,,1.0,False
366,BOROSCI,INE02L001032,BOROSIL SCIENTIFIC LIMITED,366,1,2024-06-07,True,nse_symbols_consolidated.csv,2026-08-15,,1.0,False
367,BOSCH-HCIL,INE782A01015,BOSCH HOME COMFORT INDIA LIMITED,367,1,2000-01-03,True,nse_symbols_consolidated.csv,2026-08-15,,1.0,False
368,BOSCHLTD,INE323A01026,BOSCH LIMITED,368,1,2003-05-12,True,nse_symbols_consolidated.csv,2026-08-15,,1.0,False
369,BPCL,INE029A01011,BHARAT PETROLEUM CORPORATION LIMITED,369,1,1995-09-13,True,nse_symbols_consolidated.csv,2026-08-15,,1.0,False
370,BPL,INE110A01019,BPL LIMITED,370,1,1995-06-14,True,nse_symbols_consolidated.csv,2026-08-15,,1.0,False
371,BRIGADE,INE791I01019,BRIGADE ENTERPRISES LIMITED,371,1,2007-12-31,True,nse_symbols_consolidated.csv,2026-08-15,,1.0,False
372,BRIGHOTEL,INE03NU01014,BRIGADE HOTEL VENTURES LIMITED,372,1,2025-07-31,True,nse_symbols_consolidated.csv,2026-08-15,,1.0,False
373,BRITANNIA,INE216A01030,BRITANNIA INDUSTRIES LIMITED,373,1,1998-11-05,True,nse_symbols_consolidated.csv,2026-08-15,,1.0,False
374,BRNL,INE727S01012,BHARAT ROAD NETWORK LIMITED,374,1,2017-09-18,True,nse_symbols_consolidated.csv,2026-08-15,,1.0,False
375,BROOKS,INE650L01011,BROOKS LABORATORIES LIMITED,375,1,2011-09-05,True,nse_symbols_consolidated.csv,2026-08-15,,1.0,False
376,BSE,INE118H01025,BSE LIMITED,376,1,2017-02-03,True,nse_symbols_consolidated.csv,2026-08-15,,1.0,False
377,BSHSL,INE032Z01020,BOMBAY SUPER HYBRID SEEDS LIMITED,377,1,2020-10-28,True,nse_symbols_consolidated.csv,2026-08-15,,1.0,False
378,BSL,INE594B01012,BSL LIMITED,378,1,1995-07-27,True,nse_symbols_consolidated.csv,2026-08-15,,1.0,False
379,BSOFT,INE836A01035,BIRLASOFT LIMITED,379,1,1999-11-24,True,nse_symbols_consolidated.csv,2026-08-15,,1.0,False
380,BTML,INE0EEJ01023,BODHI TREE MULTIMEDIA LIMITED,380,1,2023-02-15,True,nse_symbols_consolidated.csv,2026-08-15,,1.0,False
381,BTTL,INE274K01012,BHILWARA TECHNICAL TEXTILES LIMITED,381,1,2026-04-20,True,nse_symbols_consolidated.csv,2026-08-15,,1.0,False
382,BUILDPRO,INE24OJ01011,SHANKARA BUILDPRO LIMITED,382,1,2026-01-09,True,nse_symbols_consolidated.csv,2026-08-15,,1.0,False
383,BURNPUR,INE817H01022,BURNPUR CEMENT LIMITED,383,1,2008-01-03,True,nse_symbols_consolidated.csv,2026-08-15,,1.0,False
384,BUTTERFLY,INE295F01017,BUTTERFLY GANDHIMATHI APPLIANCES LIMITED,384,1,2014-04-28,True,nse_symbols_consolidated.csv,2026-08-15,,1.0,False
385,BVCL,INE139I01011,BARAK VALLEY CEMENTS LIMITED,385,1,2007-11-23,True,nse_symbols_consolidated.csv,2026-08-15,,1.0,False
386,BYKE,INE319B01014,THE BYKE HOSPITALITY LIMITED,386,1,2015-04-15,True,nse_symbols_consolidated.csv,2026-08-15,,1.0,False
387,CALSOFT,INE526B01014,CALIFORNIA SOFTWARE COMPANY LIMITED,387,1,2000-06-28,True,nse_symbols_consolidated.csv,2026-08-15,,1.0,False
388,CAMLINFINE,INE052I01032,CAMLIN FINE SCIENCES LIMITED,388,1,2015-01-20,True,nse_symbols_consolidated.csv,2026-08-15,,1.0,False
389,CAMPUS,INE278Y01022,CAMPUS ACTIVEWEAR LIMITED,389,1,2022-05-09,True,nse_symbols_consolidated.csv,2026-08-15,,1.0,False
390,CAMS,INE596I01020,COMPUTER AGE MANAGEMENT SERVICES LIMITED,390,1,2021-05-07,True,nse_symbols_consolidated.csv,2026-08-15,,1.0,False
391,CANBK,INE476A01022,CANARA BANK,391,1,2002-12-23,True,nse_symbols_consolidated.csv,2026-08-15,,1.0,False
392,CANFINHOME,INE477A01020,CAN FIN HOMES LIMITED,392,1,1995-05-10,True,nse_symbols_consolidated.csv,2026-08-15,,1.0,False
393,CANHLIFE,INE01TY01017,CANARA HSBC LIFE INSURANCE COMPANY LIMITED,393,1,2025-10-17,True,nse_symbols_consolidated.csv,2026-08-15,,1.0,False
394,CANTABIL,INE068L01024,CANTABIL RETAIL INDIA LIMITED,394,1,2010-10-12,True,nse_symbols_consolidated.csv,2026-08-15,,1.0,False
395,CAPACITE,INE264T01014,CAPACIT'E INFRAPROJECTS LIMITED,395,1,2017-09-25,True,nse_symbols_consolidated.csv,2026-08-15,,1.0,False
396,CAPILLARY,INE0ILV01024,CAPILLARY TECHNOLOGIES INDIA LIMITED,396,1,2025-11-21,True,nse_symbols_consolidated.csv,2026-08-15,,1.0,False
397,CAPITALSFB,INE646H01017,CAPITAL SMALL FINANCE BANK LIMITED,397,1,2024-02-14,True,nse_symbols_consolidated.csv,2026-08-15,,1.0,False
398,CAPLIPOINT,INE475E01026,CAPLIN POINT LABORATORIES LIMITED,398,1,2014-06-23,True,nse_symbols_consolidated.csv,2026-08-15,,1.0,False
399,CAPTRUST,INE707C01018,CAPITAL TRUST LIMITED,399,1,2017-01-16,True,nse_symbols_consolidated.csv,2026-08-15,,1.0,False
400,CARBORUNIV,INE120A01034,CARBORUNDUM UNIVERSAL LIMITED,400,1,1996-04-03,True,nse_symbols_consolidated.csv,2026-08-15,,1.0,False
401,CARERATING,INE752H01013,CARE RATINGS LIMITED,401,1,2012-12-26,True,nse_symbols_consolidated.csv,2026-08-15,,1.0,False
402,CARRARO,INE0V7W01012,CARRARO INDIA LIMITED,402,1,2024-12-30,True,nse_symbols_consolidated.csv,2026-08-15,,1.0,False
403,CARTRADE,INE290S01011,CARTRADE TECH LIMITED,403,1,2021-08-20,True,nse_symbols_consolidated.csv,2026-08-15,,1.0,False
404,CARYSIL,INE482D01024,CARYSIL LIMITED,404,1,2021-01-14,True,nse_symbols_consolidated.csv,2026-08-15,,1.0,False
405,CASTROLIND,INE172A01027,CASTROL INDIA LIMITED,405,1,2014-03-14,True,nse_symbols_consolidated.csv,2026-08-15,,1.0,False
406,CCAVENUE,INE483S01020,AVENUESAI LIMITED,406,1,2016-04-04,True,nse_symbols_consolidated.csv,2026-08-15,,1.0,False
407,CCCL,INE429I01024,CONSOLIDATED CONSTRUCTION CONSORTIUM LIMITED,407,1,2007-10-15,True,nse_symbols_consolidated.csv,2026-08-15,,1.0,False
408,CCHHL,INE652F01027,COUNTRY CLUB HOSPITALITY AND HOLIDAYS LIMITED,408,1,2015-02-03,True,nse_symbols_consolidated.csv,2026-08-15,,1.0,False
409,CCL,INE421D01022,CCL PRODUCTS (INDIA) LIMITED,409,1,2004-06-07,True,nse_symbols_consolidated.csv,2026-08-15,,1.0,False
410,CDSL,INE736A01011,CENTRAL DEPOSITORY SERVICES (INDIA) LIMITED,410,1,2017-06-30,True,nse_symbols_consolidated.csv,2026-08-15,,1.0,False
411,CEATLTD,INE482A01020,CEAT LIMITED,411,1,2008-02-01,True,nse_symbols_consolidated.csv,2026-08-15,,1.0,False
412,CEIGALL,INE0AG901020,CEIGALL INDIA LIMITED,412,1,2024-08-08,True,nse_symbols_consolidated.csv,2026-08-15,,1.0,False
413,CEINSYS,INE016Q01014,CEINSYS TECH LIMITED,413,1,2026-02-19,True,nse_symbols_consolidated.csv,2026-08-15,,1.0,False
414,CELEBRITY,INE185H01016,CELEBRITY FASHIONS LIMITED,414,1,2006-01-12,True,nse_symbols_consolidated.csv,2026-08-15,,1.0,False
415,CELLO,INE0LMW01024,CELLO WORLD LIMITED,415,1,2023-11-06,True,nse_symbols_consolidated.csv,2026-08-15,,1.0,False
416,CEMPRO,INE686A01026,CEMINDIA PROJECTS LIMITED,416,1,1999-02-10,True,nse_symbols_consolidated.csv,2026-08-15,,1.0,False
417,CENTENKA,INE485A01015,CENTURY ENKA LIMITED,417,1,1995-05-10,True,nse_symbols_consolidated.csv,2026-08-15,,1.0,False
418,CENTEXT,INE281A01026,CENTURY EXTRUSIONS LIMITED,418,1,2004-07-20,True,nse_symbols_consolidated.csv,2026-08-15,,1.0,False
419,CENTRALBK,INE483A01010,CENTRAL BANK OF INDIA,419,1,2007-08-21,True,nse_symbols_consolidated.csv,2026-08-15,,1.0,False
420,CENTRUM,INE660C01027,CENTRUM CAPITAL LIMITED,420,1,2018-04-04,True,nse_symbols_consolidated.csv,2026-08-15,,1.0,False
421,CENTUM,INE320B01020,CENTUM ELECTRONICS LIMITED,421,1,2007-10-05,True,nse_symbols_consolidated.csv,2026-08-15,,1.0,False
422,CENTURYPLY,INE348B01021,CENTURY PLYBOARDS (INDIA) LIMITED,422,1,2006-03-23,True,nse_symbols_consolidated.csv,2026-08-15,,1.0,False
423,CERA,INE739E01017,CERA SANITARYWARE LIMITED,423,1,2007-11-02,True,nse_symbols_consolidated.csv,2026-08-15,,1.0,False
424,CEREBRAINT,INE345B01019,CEREBRA INTEGRATED TECHNOLOGIES LIMITED,424,1,2013-06-26,True,nse_symbols_consolidated.csv,2026-08-15,,1.0,False
425,CESC,INE486A01021,CESC LIMITED,425,1,1995-02-08,True,nse_symbols_consolidated.csv,2026-08-15,,1.0,False
426,CEWATER,INE037Z01029,CONCORD ENVIRO SYSTEMS LIMITED,426,1,2024-12-27,True,nse_symbols_consolidated.csv,2026-08-15,,1.0,False
427,CGCL,INE180C01042,CAPRI GLOBAL CAPITAL LIMITED,427,1,2010-10-29,True,nse_symbols_consolidated.csv,2026-08-15,,1.0,False
428,CGPOWER,INE067A01029,CG POWER AND INDUSTRIAL SOLUTIONS LIMITED,428,1,1995-03-01,True,nse_symbols_consolidated.csv,2026-08-15,,1.0,False
429,CHALET,INE427F01016,CHALET HOTELS LIMITED,429,1,2019-02-07,True,nse_symbols_consolidated.csv,2026-08-15,,1.0,False
430,CHAMBLFERT,INE085A01013,CHAMBAL FERTILIZERS AND CHEMICALS LIMITED,430,1,1995-06-14,True,nse_symbols_consolidated.csv,2026-08-15,,1.0,False
431,CHEMBOND,INE995D01025,CHEMBOND MATERIAL TECHNOLOGIES LIMITED,431,1,2019-11-20,True,nse_symbols_consolidated.csv,2026-08-15,,1.0,False
432,CHEMBONDCH,INE0TGX01019,CHEMBOND CHEMICALS LIMITED,432,1,2025-07-23,True,nse_symbols_consolidated.csv,2026-08-15,,1.0,False
433,CHEMCON,INE03YM01018,CHEMCON SPECIALITY CHEMICALS LIMITED,433,1,2020-10-01,True,nse_symbols_consolidated.csv,2026-08-15,,1.0,False
434,CHEMFAB,INE783X01023,CHEMFAB ALKALIS LIMITED,434,1,2018-04-25,True,nse_symbols_consolidated.csv,2026-08-15,,1.0,False
435,CHEMPLASTS,INE488A01050,CHEMPLAST SANMAR LIMITED,435,1,2021-08-24,True,nse_symbols_consolidated.csv,2026-08-15,,1.0,False
436,CHENNPETRO,INE178A01016,CHENNAI PETROLEUM CORPORATION LIMITED,436,1,2000-06-07,True,nse_symbols_consolidated.csv,2026-08-15,,1.0,False
437,CHEVIOT,INE974B01016,CHEVIOT COMPANY LIMITED,437,1,2022-06-20,True,nse_symbols_consolidated.csv,2026-08-15,,1.0,False
438,CHOICEIN,INE102B01014,CHOICE INTERNATIONAL LIMITED,438,1,2022-04-08,True,nse_symbols_consolidated.csv,2026-08-15,,1.0,False
439,CHOLAFIN,INE121A01024,CHOLAMANDALAM INVESTMENT AND FINANCE COMPANY LIMITED,439,1,1996-05-15,True,nse_symbols_consolidated.csv,2026-08-15,,1.0,False
440,CHOLAHLDNG,INE149A01033,CHOLAMANDALAM FINANCIAL HOLDINGS LIMITED,440,1,2017-09-25,True,nse_symbols_consolidated.csv,2026-08-15,,1.0,False
441,CIEINDIA,INE536H01010,CIE AUTOMOTIVE INDIA LIMITED,441,1,2007-08-30,True,nse_symbols_consolidated.csv,2026-08-15,,1.0,False
442,CIFL,INE345H01024,CAPITAL INDIA FINANCE LIMITED,442,1,2025-04-17,True,nse_symbols_consolidated.csv,2026-08-15,,1.0,False
443,CINELINE,INE704H01022,CINELINE INDIA LIMITED,443,1,2012-06-13,True,nse_symbols_consolidated.csv,2026-08-15,,1.0,False
444,CINEVISTA,INE039B01026,CINEVISTA LIMITED,444,1,2000-05-02,True,nse_symbols_consolidated.csv,2026-08-15,,1.0,False
445,CIPLA,INE059A01026,CIPLA LIMITED,445,1,1995-02-08,True,nse_symbols_consolidated.csv,2026-08-15,,1.0,False
446,CLCIND,INE376C01038,CLC INDUSTRIES LIMITED,446,1,2006-12-20,True,nse_symbols_consolidated.csv,2026-08-15,,1.0,False
447,CLEAN,INE227W01023,CLEAN SCIENCE AND TECHNOLOGY LIMITED,447,1,2021-07-19,True,nse_symbols_consolidated.csv,2026-08-15,,1.0,False
448,CLEANMAX,INE647U01026,CLEAN MAX ENVIRO ENERGY SOLUTIONS LIMITED,448,1,2026-03-02,True,nse_symbols_consolidated.csv,2026-08-15,,1.0,False
449,CLEDUCATE,INE201M01029,CL EDUCATE LIMITED,449,1,2017-03-31,True,nse_symbols_consolidated.csv,2026-08-15,,1.0,False
450,CLSEL,INE419D01026,CHAMAN LAL SETIA EXPORTS LIMITED,450,1,2021-05-12,True,nse_symbols_consolidated.csv,2026-08-15,,1.0,False
451,CMLL,INE11XY01018,CALIBER MINING AND LOGISTICS LIMITED,451,1,2026-07-24,True,nse_symbols_consolidated.csv,2026-08-15,,1.0,False
452,CMPDI,INE05HV01027,CENTRAL MINE PLANNING AND DESIGN INSTITUTE LIMITED,452,1,2026-03-30,True,nse_symbols_consolidated.csv,2026-08-15,,1.0,False
453,CMRGREEN,INE00WV01027,CMR GREEN TECHNOLOGIES LIMITED,453,1,2026-06-10,True,nse_symbols_consolidated.csv,2026-08-15,,1.0,False
454,CMSINFO,INE925R01014,CMS INFO SYSTEMS LIMITED,454,1,2021-12-31,True,nse_symbols_consolidated.csv,2026-08-15,,1.0,False
455,CNL,INE985W01018,CREATIVE NEWTECH LIMITED,455,1,2019-08-05,True,nse_symbols_consolidated.csv,2026-08-15,,1.0,False
456,COALINDIA,INE522F01014,COAL INDIA LIMITED,456,1,2010-11-04,True,nse_symbols_consolidated.csv,2026-08-15,,1.0,False
457,COASTCORP,INE377E01024,COASTAL CORPORATION LIMITED,457,1,2021-10-08,True,nse_symbols_consolidated.csv,2026-08-15,,1.0,False
458,COCHINSHIP,INE704P01025,COCHIN SHIPYARD LIMITED,458,1,2017-08-11,True,nse_symbols_consolidated.csv,2026-08-15,,1.0,False
459,COCKERILL,INE515A01019,JOHN COCKERILL INDIA LIMITED,459,1,2026-04-20,True,nse_symbols_consolidated.csv,2026-08-15,,1.0,False
460,COFFEEDAY,INE335K01011,COFFEE DAY ENTERPRISES LIMITED,460,1,2015-11-02,True,nse_symbols_consolidated.csv,2026-08-15,,1.0,False
461,COFORGE,INE591G01025,COFORGE LIMITED,461,1,2004-08-30,True,nse_symbols_consolidated.csv,2026-08-15,,1.0,False
462,COHANCE,INE03QK01018,COHANCE LIFESCIENCES LIMITED,462,1,2020-03-09,True,nse_symbols_consolidated.csv,2026-08-15,,1.0,False
463,COLPAL,INE259A01022,COLGATE PALMOLIVE (INDIA) LIMITED,463,1,2007-12-17,True,nse_symbols_consolidated.csv,2026-08-15,,1.0,False
464,COMFINTE,INE819A01049,COMFORT INTECH LIMITED,464,1,2026-04-20,True,nse_symbols_consolidated.csv,2026-08-15,,1.0,False
465,COMPINFO,INE070C01037,COMPUAGE INFOCOM LIMITED,465,1,2016-07-07,True,nse_symbols_consolidated.csv,2026-08-15,,1.0,False
466,COMPUSOFT,INE453B01029,COMPUCOM SOFTWARE LIMITED,466,1,2012-03-02,True,nse_symbols_consolidated.csv,2026-08-15,,1.0,False
467,COMSYN,INE073V01015,COMMERCIAL SYN BAGS LIMITED,467,1,2024-01-23,True,nse_symbols_consolidated.csv,2026-08-15,,1.0,False
468,CONCOR,INE111A01025,CONTAINER CORPORATION OF INDIA LIMITED,468,1,1997-05-07,True,nse_symbols_consolidated.csv,2026-08-15,,1.0,False
469,CONCORDBIO,INE338H01029,CONCORD BIOTECH LIMITED,469,1,2023-08-18,True,nse_symbols_consolidated.csv,2026-08-15,,1.0,False
470,CONFIPET,INE552D01024,CONFIDENCE PETROLEUM INDIA LIMITED,470,1,2019-06-13,True,nse_symbols_consolidated.csv,2026-08-15,,1.0,False
471,CONSOFINVT,INE025A01027,CONSOLIDATED FINVEST AND HOLDINGS LIMITED,471,1,2005-03-29,True,nse_symbols_consolidated.csv,2026-08-15,,1.0,False
472,CONTROLPR,INE663B01015,CONTROL PRINT LIMITED,472,1,2016-06-24,True,nse_symbols_consolidated.csv,2026-08-15,,1.0,False
473,CORALFINAC,INE558D01021,CORAL INDIA FINANCE AND HOUSING LIMITED,473,1,1996-03-25,True,nse_symbols_consolidated.csv,2026-08-15,,1.0,False
474,CORDELIA,INE0LZF01013,WATERWAYS LEISURE TOURISM LIMITED,474,1,2026-07-01,True,nse_symbols_consolidated.csv,2026-08-15,,1.0,False
475,CORDSCABLE,INE792I01017,CORDS CABLE INDUSTRIES LIMITED,475,1,2008-02-13,True,nse_symbols_consolidated.csv,2026-08-15,,1.0,False
476,COROMANDEL,INE169A01031,COROMANDEL INTERNATIONAL LIMITED,476,1,1995-05-31,True,nse_symbols_consolidated.csv,2026-08-15,,1.0,False
477,CORONA,INE02ZQ01018,CORONA REMEDIES LIMITED,477,1,2025-12-15,True,nse_symbols_consolidated.csv,2026-08-15,,1.0,False
478,COSMOFIRST,INE757A01017,COSMO FIRST LIMITED,478,1,1995-05-25,True,nse_symbols_consolidated.csv,2026-08-15,,1.0,False
479,COUNCODOS,INE695B01025,COUNTRY CONDO'S LIMITED,479,1,2009-01-22,True,nse_symbols_consolidated.csv,2026-08-15,,1.0,False
480,CPCAP,INE521J01018,CP CAPITAL LIMITED,480,1,2010-10-06,True,nse_symbols_consolidated.csv,2026-08-15,,1.0,False
481,CPEDU,INE0P6P01016,CAREER POINT EDUTECH LIMITED,481,1,2025-09-05,True,nse_symbols_consolidated.csv,2026-08-15,,1.0,False
482,CPL,INE536P01021,CAPTAIN POLYPLAST LIMITED,482,1,2026-07-23,True,nse_symbols_consolidated.csv,2026-08-15,,1.0,False
483,CPPLUS,INE819V01029,ADITYA INFOTECH LIMITED,483,1,2025-08-05,True,nse_symbols_consolidated.csv,2026-08-15,,1.0,False
484,CRAFTSMAN,INE00LO01017,CRAFTSMAN AUTOMATION LIMITED,484,1,2021-03-25,True,nse_symbols_consolidated.csv,2026-08-15,,1.0,False
485,CRAMC,INE218I01013,CANARA ROBECO ASSET MANAGEMENT COMPANY LIMITED,485,1,2025-10-16,True,nse_symbols_consolidated.csv,2026-08-15,,1.0,False
486,CREATIVEYE,INE230B01021,CREATIVE EYE LIMITED,486,1,2000-12-20,True,nse_symbols_consolidated.csv,2026-08-15,,1.0,False
487,CREDITACC,INE741K01010,CREDITACCESS GRAMEEN LIMITED,487,1,2018-08-23,True,nse_symbols_consolidated.csv,2026-08-15,,1.0,False
488,CREST,INE559D01011,CREST VENTURES LIMITED,488,1,2006-12-27,True,nse_symbols_consolidated.csv,2026-08-15,,1.0,False
489,CRISIL,INE007A01025,CRISIL LIMITED,489,1,1995-06-28,True,nse_symbols_consolidated.csv,2026-08-15,,1.0,False
490,CRIZAC,INE0S4R01014,CRIZAC LIMITED,490,1,2025-07-09,True,nse_symbols_consolidated.csv,2026-08-15,,1.0,False
491,CROMPTON,INE299U01018,CROMPTON GREAVES CONSUMER ELECTRICALS LIMITED,491,1,2016-05-13,True,nse_symbols_consolidated.csv,2026-08-15,,1.0,False
492,CROWN,INE491V01019,CROWN LIFTERS LIMITED,492,1,2022-02-08,True,nse_symbols_consolidated.csv,2026-08-15,,1.0,False
493,CSBBANK,INE679A01013,CSB BANK LIMITED,493,1,2019-12-04,True,nse_symbols_consolidated.csv,2026-08-15,,1.0,False
494,CSLFINANCE,INE718F01018,CSL FINANCE LIMITED,494,1,2022-07-21,True,nse_symbols_consolidated.csv,2026-08-15,,1.0,False
495,CSM,INE0ZK601013,CSM TECHNOLOGIES LIMITED,495,1,2026-07-02,True,nse_symbols_consolidated.csv,2026-08-15,,1.0,False
496,CTE,INE627H01017,CAMBRIDGE TECHNOLOGY ENTERPRISES LIMITED,496,1,2007-02-07,True,nse_symbols_consolidated.csv,2026-08-15,,1.0,False
497,CUB,INE491A01021,CITY UNION BANK LIMITED,497,1,1998-08-25,True,nse_symbols_consolidated.csv,2026-08-15,,1.0,False
498,CUBEXTUB,INE144D01012,CUBEX TUBINGS LIMITED,498,1,1996-04-24,True,nse_symbols_consolidated.csv,2026-08-15,,1.0,False
499,CUMMINSIND,INE298A01020,CUMMINS INDIA LIMITED,499,1,1995-03-29,True,nse_symbols_consolidated.csv,2026-08-15,,1.0,False
500,CUPID,INE509F01029,CUPID LIMITED,500,1,2016-09-16,True,nse_symbols_consolidated.csv,2026-08-15,,1.0,False
501,CURAA,INE117B01020,CURA TECHNOLOGIES LIMITED,501,1,2025-03-21,True,nse_symbols_consolidated.csv,2026-08-15,,1.0,False
502,CYBERMEDIA,INE278G01037,CYBER MEDIA (INDIA) LIMITED,502,1,2005-06-10,True,nse_symbols_consolidated.csv,2026-08-15,,1.0,False
503,CYBERTECH,INE214A01019,CYBERTECH SYSTEMS AND SOFTWARE LIMITED,503,1,1999-01-27,True,nse_symbols_consolidated.csv,2026-08-15,,1.0,False
504,CYIENT,INE136B01020,CYIENT LIMITED,504,1,1998-09-30,True,nse_symbols_consolidated.csv,2026-08-15,,1.0,False
505,CYIENTDLM,INE055S01018,CYIENT DLM LIMITED,505,1,2023-07-10,True,nse_symbols_consolidated.csv,2026-08-15,,1.0,False
506,DABUR,INE016A01026,DABUR INDIA LIMITED,506,1,1999-04-28,True,nse_symbols_consolidated.csv,2026-08-15,,1.0,False
507,DAICHI,INE928C01010,DAI-ICHI KARKARIA LIMITED,507,1,2026-04-20,True,nse_symbols_consolidated.csv,2026-08-15,,1.0,False
508,DALBHARAT,INE00R701025,DALMIA BHARAT LIMITED,508,1,2019-01-22,True,nse_symbols_consolidated.csv,2026-08-15,,1.0,False
509,DALMIASUG,INE495A01022,DALMIA BHARAT SUGAR AND INDUSTRIES LIMITED,509,1,1996-01-17,True,nse_symbols_consolidated.csv,2026-08-15,,1.0,False
510,DAMCAPITAL,INE284H01025,DAM CAPITAL ADVISORS LIMITED,510,1,2024-12-27,True,nse_symbols_consolidated.csv,2026-08-15,,1.0,False
511,DAMODARIND,INE497D01022,DAMODAR INDUSTRIES LIMITED,511,1,2016-07-04,True,nse_symbols_consolidated.csv,2026-08-15,,1.0,False
512,DANGEE,INE688Y01022,DANGEE DUMS LIMITED,512,1,2020-11-13,True,nse_symbols_consolidated.csv,2026-08-15,,1.0,False
513,DATAMATICS,INE365B01017,DATAMATICS GLOBAL SERVICES LIMITED,513,1,2004-05-07,True,nse_symbols_consolidated.csv,2026-08-15,,1.0,False
514,DATAPATTNS,INE0IX101010,DATA PATTERNS (INDIA) LIMITED,514,1,2021-12-24,True,nse_symbols_consolidated.csv,2026-08-15,,1.0,False
515,DAVANGERE,INE179G01029,DAVANGERE SUGAR COMPANY LIMITED,515,1,2024-01-25,True,nse_symbols_consolidated.csv,2026-08-15,,1.0,False
516,DBCORP,INE950I01011,D.B.CORPORATION LIMITED,516,1,2010-01-06,True,nse_symbols_consolidated.csv,2026-08-15,,1.0,False
517,DBEIL,INE0OPA01027,DEEPAK BUILDERS AND ENGINEERS INDIA LIMITED,517,1,2024-10-28,True,nse_symbols_consolidated.csv,2026-08-15,,1.0,False
518,DBL,INE917M01012,DILIP BUILDCON LIMITED,518,1,2016-08-11,True,nse_symbols_consolidated.csv,2026-08-15,,1.0,False
519,DBOL,INE0I3401014,DHAMPUR BIO ORGANICS LIMITED,519,1,2022-09-08,True,nse_symbols_consolidated.csv,2026-08-15,,1.0,False
520,DBREALTY,INE879I01012,VALOR ESTATE LIMITED,520,1,2010-02-24,True,nse_symbols_consolidated.csv,2026-08-15,,1.0,False
521,DBSTOCKBRO,INE921B01025,DB (INTERNATIONAL) STOCK BROKERS LIMITED,521,1,2012-02-29,True,nse_symbols_consolidated.csv,2026-08-15,,1.0,False
522,DCAL,INE385W01011,DISHMAN CARBOGEN AMCIS LIMITED,522,1,2017-09-21,True,nse_symbols_consolidated.csv,2026-08-15,,1.0,False
523,DCBBANK,INE503A01015,DCB BANK LIMITED,523,1,2006-10-27,True,nse_symbols_consolidated.csv,2026-08-15,,1.0,False
524,DCI,INE0A1101019,DC INFOTECH AND COMMUNICATION LIMITED,524,1,2022-10-19,True,nse_symbols_consolidated.csv,2026-08-15,,1.0,False
525,DCM,INE498A01018,DCM LIMITED,525,1,1995-03-29,True,nse_symbols_consolidated.csv,2026-08-15,,1.0,False
526,DCMFINSERV,INE891B01012,DCM FINANCIAL SERVICES LIMITED,526,1,1997-05-21,True,nse_symbols_consolidated.csv,2026-08-15,,1.0,False
527,DCMNVL,INE08KP01019,DCM NOUVELLE LIMITED,527,1,2019-07-16,True,nse_symbols_consolidated.csv,2026-08-15,,1.0,False
528,DCMSHRIRAM,INE499A01024,DCM SHRIRAM LIMITED,528,1,1995-04-12,True,nse_symbols_consolidated.csv,2026-08-15,,1.0,False
529,DCMSIL,INE0OU201013,DCM SHRIRAM INTERNATIONAL LIMITED,529,1,2026-02-17,True,nse_symbols_consolidated.csv,2026-08-15,,1.0,False
530,DCMSRIND,INE843D01027,DCM SHRIRAM INDUSTRIES LIMITED,530,1,2021-12-24,True,nse_symbols_consolidated.csv,2026-08-15,,1.0,False
531,DCW,INE500A01029,DCW LIMITED,531,1,1995-05-25,True,nse_symbols_consolidated.csv,2026-08-15,,1.0,False
532,DCXINDIA,INE0KL801015,DCX SYSTEMS LIMITED,532,1,2022-11-11,True,nse_symbols_consolidated.csv,2026-08-15,,1.0,False
533,DDEVPLSTIK,INE0HR601026,DDEV PLASTIKS INDUSTRIES LIMITED,533,1,2025-01-15,True,nse_symbols_consolidated.csv,2026-08-15,,1.0,False
534,DECCANCE,INE583C01021,DECCAN CEMENTS LIMITED,534,1,2007-08-02,True,nse_symbols_consolidated.csv,2026-08-15,,1.0,False
535,DECNGOLD,INE945F01025,DECCAN GOLD MINES LIMITED,535,1,2026-04-20,True,nse_symbols_consolidated.csv,2026-08-15,,1.0,False
536,DEEDEV,INE841L01016,DEE DEVELOPMENT ENGINEERS LIMITED,536,1,2024-06-26,True,nse_symbols_consolidated.csv,2026-08-15,,1.0,False
537,DEEPAKFERT,INE501A01019,DEEPAK FERTILIZERS AND PETROCHEMICALS CORPORATION LIMITED,537,1,2003-01-17,True,nse_symbols_consolidated.csv,2026-08-15,,1.0,False
538,DEEPAKNTR,INE288B01029,DEEPAK NITRITE LIMITED,538,1,2010-09-29,True,nse_symbols_consolidated.csv,2026-08-15,,1.0,False
539,DEEPINDS,INE0FHS01024,DEEP INDUSTRIES LIMITED,539,1,2021-04-27,True,nse_symbols_consolidated.csv,2026-08-15,,1.0,False
540,DELHIVERY,INE148O01028,DELHIVERY LIMITED,540,1,2022-05-24,True,nse_symbols_consolidated.csv,2026-08-15,,1.0,False
541,DELPHIFX,INE726L01027,DELPHI WORLD MONEY LIMITED,541,1,2011-06-28,True,nse_symbols_consolidated.csv,2026-08-15,,1.0,False
542,DELTACORP,INE124G01033,DELTA CORPORATION LIMITED,542,1,2007-11-02,True,nse_symbols_consolidated.csv,2026-08-15,,1.0,False
543,DELTAMAGNT,INE393A01011,DELTA MANUFACTURING LIMITED,543,1,1995-10-18,True,nse_symbols_consolidated.csv,2026-08-15,,1.0,False
544,DEN,INE947J01015,DEN NETWORKS LIMITED,544,1,2009-11-24,True,nse_symbols_consolidated.csv,2026-08-15,,1.0,False
545,DENORA,INE244A01016,DE NORA INDIA LIMITED,545,1,1997-08-07,True,nse_symbols_consolidated.csv,2026-08-15,,1.0,False
546,DENTA,INE0R4L01018,DENTA WATER AND INFRA SOLUTIONS LIMITED,546,1,2025-01-29,True,nse_symbols_consolidated.csv,2026-08-15,,1.0,False
547,DEVIT,INE060X01034,DEV INFORMATION TECHNOLOGY LIMITED,547,1,2022-02-15,True,nse_symbols_consolidated.csv,2026-08-15,,1.0,False
548,DEVX,INE0VOV01021,DEV ACCELERATOR LIMITED,548,1,2025-09-17,True,nse_symbols_consolidated.csv,2026-08-15,,1.0,False
549,DEVYANI,INE872J01023,DEVYANI INTERNATIONAL LIMITED,549,1,2021-08-16,True,nse_symbols_consolidated.csv,2026-08-15,,1.0,False
550,DGCONTENT,INE03JI01017,DIGICONTENT LIMITED,550,1,2019-06-18,True,nse_symbols_consolidated.csv,2026-08-15,,1.0,False
551,DHAMPURSUG,INE041A01016,DHAMPUR SUGAR MILLS LIMITED,551,1,1995-03-29,True,nse_symbols_consolidated.csv,2026-08-15,,1.0,False
552,DHANBANK,INE680A01011,DHANLAXMI BANK LIMITED,552,1,2004-04-01,True,nse_symbols_consolidated.csv,2026-08-15,,1.0,False
553,DHANUKA,INE435G01025,DHANUKA AGRITECH LIMITED,553,1,2011-06-29,True,nse_symbols_consolidated.csv,2026-08-15,,1.0,False
554,DHARAN,INE278R01034,DHARAN INFRA-EPC LIMITED,554,1,2018-04-02,True,nse_symbols_consolidated.csv,2026-08-15,,1.0,False
555,DHARMAJ,INE00OQ01016,DHARMAJ CROP GUARD LIMITED,555,1,2022-12-08,True,nse_symbols_consolidated.csv,2026-08-15,,1.0,False
556,DHRUV,INE506Z01015,DHRUV CONSULTANCY SERVICES LIMITED,556,1,2021-11-25,True,nse_symbols_consolidated.csv,2026-08-15,,1.0,False
557,DHUNINV,INE320L01011,DHUNSERI INVESTMENTS LIMITED,557,1,2011-03-18,True,nse_symbols_consolidated.csv,2026-08-15,,1.0,False
558,DIACABS,INE989C01038,DIAMOND POWER INFRASTRUCTURE LIMITED,558,1,2023-09-15,True,nse_symbols_consolidated.csv,2026-08-15,,1.0,False
559,DIAMINESQ,INE591D01014,DIAMINES AND CHEMICALS LIMITED,559,1,2023-09-25,True,nse_symbols_consolidated.csv,2026-08-15,,1.0,False
560,DIAMONDYD,INE393P01035,PRATAAP SNACKS LIMITED,560,1,2017-10-05,True,nse_symbols_consolidated.csv,2026-08-15,,1.0,False
561,DICIND,INE303A01010,DIC INDIA LIMITED,561,1,1995-08-30,True,nse_symbols_consolidated.csv,2026-08-15,,1.0,False
562,DIFFNKG,INE184O01015,DIFFUSION ENGINEERS LIMITED,562,1,2024-10-04,True,nse_symbols_consolidated.csv,2026-08-15,,1.0,False
563,DIGIDRIVE,INE0PSC01024,DIGIDRIVE DISTRIBUTORS LIMITED,563,1,2024-01-10,True,nse_symbols_consolidated.csv,2026-08-15,,1.0,False
564,DIGISPICE,INE927C01020,DIGISPICE TECHNOLOGIES LIMITED,564,1,2008-05-27,True,nse_symbols_consolidated.csv,2026-08-15,,1.0,False
565,DIGITIDE,INE0U4701011,DIGITIDE SOLUTIONS LIMITED,565,1,2025-06-11,True,nse_symbols_consolidated.csv,2026-08-15,,1.0,False
566,DIGJAMLMTD,INE731U01028,DIGJAM LIMITED,566,1,2021-10-18,True,nse_symbols_consolidated.csv,2026-08-15,,1.0,False
567,DISAQ,INE131C01011,DISA INDIA LIMITED,567,1,2026-04-20,True,nse_symbols_consolidated.csv,2026-08-15,,1.0,False
568,DISHTV,INE836F01026,DISH TV INDIA LIMITED,568,1,2007-04-18,True,nse_symbols_consolidated.csv,2026-08-15,,1.0,False
569,DIVGIITTS,INE753U01022,DIVGI TORQTRANSFER SYSTEMS LIMITED,569,1,2023-03-14,True,nse_symbols_consolidated.csv,2026-08-15,,1.0,False
570,DIVISLAB,INE361B01024,DIVI'S LABORATORIES LIMITED,570,1,2003-03-12,True,nse_symbols_consolidated.csv,2026-08-15,,1.0,False
571,DIXON,INE935N01020,DIXON TECHNOLOGIES (INDIA) LIMITED,571,1,2017-09-18,True,nse_symbols_consolidated.csv,2026-08-15,,1.0,False
572,DJML,INE0B1K01014,DJ MEDIAPRINT AND LOGISTICS LIMITED,572,1,2022-12-05,True,nse_symbols_consolidated.csv,2026-08-15,,1.0,False
573,DLF,INE271C01023,DLF LIMITED,573,1,2007-07-05,True,nse_symbols_consolidated.csv,2026-08-15,,1.0,False
574,DLINKINDIA,INE250K01012,D-LINK (INDIA) LIMITED,574,1,2009-12-18,True,nse_symbols_consolidated.csv,2026-08-15,,1.0,False
575,DMART,INE192R01011,AVENUE SUPERMARTS LIMITED,575,1,2017-03-21,True,nse_symbols_consolidated.csv,2026-08-15,,1.0,False
576,DMCC,INE505A01010,DMCC SPECIALITY CHEMICALS LIMITED,576,1,2021-12-01,True,nse_symbols_consolidated.csv,2026-08-15,,1.0,False
577,DNAMEDIA,INE016M01021,DILIGENT MEDIA CORPORATION LIMITED,577,1,2017-12-11,True,nse_symbols_consolidated.csv,2026-08-15,,1.0,False
578,DODLA,INE021O01019,DODLA DAIRY LIMITED,578,1,2021-06-28,True,nse_symbols_consolidated.csv,2026-08-15,,1.0,False
579,DOLATALGO,INE966A01022,DOLAT ALGOTECH LIMITED,579,1,2024-01-12,True,nse_symbols_consolidated.csv,2026-08-15,,1.0,False
580,DOLLAR,INE325C01035,DOLLAR INDUSTRIES LIMITED,580,1,2017-04-21,True,nse_symbols_consolidated.csv,2026-08-15,,1.0,False
581,DOLPHIN,INE920A01037,DOLPHIN OFFSHORE ENTERPRISES (INDIA) LIMITED,581,1,2023-08-21,True,nse_symbols_consolidated.csv,2026-08-15,,1.0,False
582,DOMS,INE321T01012,DOMS INDUSTRIES LIMITED,582,1,2023-12-20,True,nse_symbols_consolidated.csv,2026-08-15,,1.0,False
583,DONEAR,INE668D01028,DONEAR INDUSTRIES LIMITED,583,1,2006-12-20,True,nse_symbols_consolidated.csv,2026-08-15,,1.0,False
584,DPABHUSHAN,INE266Y01019,D. P. ABHUSHAN LIMITED,584,1,2020-11-03,True,nse_symbols_consolidated.csv,2026-08-15,,1.0,False
585,DPSCLTD,INE360C01024,DPSC LIMITED,585,1,2008-04-21,True,nse_symbols_consolidated.csv,2026-08-15,,1.0,False
586,DPWIRES,INE864X01013,D P WIRES LIMITED,586,1,2020-01-17,True,nse_symbols_consolidated.csv,2026-08-15,,1.0,False
587,DRAGARWQ,INE934C01018,DR AGARWALS EYE HOSPITAL LIMITED,587,1,2026-04-20,True,nse_symbols_consolidated.csv,2026-08-15,,1.0,False
588,DRCSYSTEMS,INE03RS01027,DRC SYSTEMS INDIA LIMITED,588,1,2021-03-10,True,nse_symbols_consolidated.csv,2026-08-15,,1.0,False
589,DREAMFOLKS,INE0JS101016,DREAMFOLKS SERVICES LIMITED,589,1,2022-09-06,True,nse_symbols_consolidated.csv,2026-08-15,,1.0,False
590,DREDGECORP,INE506A01018,DREDGING CORPORATION OF INDIA LIMITED,590,1,2004-01-15,True,nse_symbols_consolidated.csv,2026-08-15,,1.0,False
591,DRREDDY,INE089A01031,DR. REDDY'S LABORATORIES LIMITED,591,1,2003-05-30,True,nse_symbols_consolidated.csv,2026-08-15,,1.0,False
592,DSFCL,INE0OFM01015,DCM SHRIRAM FINE CHEMICALS LIMITED,592,1,2026-02-17,True,nse_symbols_consolidated.csv,2026-08-15,,1.0,False
593,DSKULKARNI,INE891A01022,DS KULKARNI DEVELOPERS LIMITED,593,1,1995-02-08,True,nse_symbols_consolidated.csv,2026-08-15,,1.0,False
594,DSSL,INE417B01040,DYNACONS SYSTEMS AND SOLUTIONS LIMITED,594,1,2011-12-01,True,nse_symbols_consolidated.csv,2026-08-15,,1.0,False
595,DTIL,INE341R01014,DHUNSERI TEA AND INDUSTRIES LIMITED,595,1,2015-01-20,True,nse_symbols_consolidated.csv,2026-08-15,,1.0,False
596,DUCON,INE741L01018,DUCON INFRATECHNOLOGIES LIMITED,596,1,2012-10-09,True,nse_symbols_consolidated.csv,2026-08-15,,1.0,False
597,DVL,INE477B01010,DHUNSERI VENTURES LIMITED,597,1,2008-01-11,True,nse_symbols_consolidated.csv,2026-08-15,,1.0,False
598,DWARKESH,INE366A01041,DWARIKESH SUGAR INDUSTRIES LIMITED,598,1,2004-12-31,True,nse_symbols_consolidated.csv,2026-08-15,,1.0,False
599,DYCL,INE600Y01019,DYNAMIC CABLES LIMITED,599,1,2022-07-27,True,nse_symbols_consolidated.csv,2026-08-15,,1.0,False
600,DYNAMATECH,INE221B01012,DYNAMATIC TECHNOLOGIES LIMITED,600,1,2006-09-14,True,nse_symbols_consolidated.csv,2026-08-15,,1.0,False
601,DYNPRO,INE256H01015,DYNEMIC PRODUCTS LIMITED,601,1,2017-07-19,True,nse_symbols_consolidated.csv,2026-08-15,,1.0,False
602,E2E,INE255Z01027,E2E NETWORKS LIMITED,602,1,2022-04-12,True,nse_symbols_consolidated.csv,2026-08-15,,1.0,False
603,EASEMYTRIP,INE07O001026,EASY TRIP PLANNERS LIMITED,603,1,2021-03-19,True,nse_symbols_consolidated.csv,2026-08-15,,1.0,False
604,EASTSILK,INE962C01035,EASTERN SILK INDUSTRIES LIMITED,604,1,1996-07-03,True,nse_symbols_consolidated.csv,2026-08-15,,1.0,False
605,EBGNG,INE18JU01028,GNG ELECTRONICS LIMITED,605,1,2025-07-30,True,nse_symbols_consolidated.csv,2026-08-15,,1.0,False
606,ECLERX,INE738I01010,ECLERX SERVICES LIMITED,606,1,2007-12-31,True,nse_symbols_consolidated.csv,2026-08-15,,1.0,False
607,ECOSMOBLTY,INE06HJ01020,ECOS (INDIA) MOBILITY AND HOSPITALITY LIMITED,607,1,2024-09-04,True,nse_symbols_consolidated.csv,2026-08-15,,1.0,False
608,EDELWEISS,INE532F01054,EDELWEISS FINANCIAL SERVICES LIMITED,608,1,2007-12-12,True,nse_symbols_consolidated.csv,2026-08-15,,1.0,False
609,EFCIL,INE886D01026,EFC (I) LIMITED,609,1,2025-08-20,True,nse_symbols_consolidated.csv,2026-08-15,,1.0,False
610,EICHERMOT,INE066A01021,EICHER MOTORS LIMITED,610,1,2004-09-07,True,nse_symbols_consolidated.csv,2026-08-15,,1.0,False
611,EIDPARRY,INE126A01031,EID PARRY INDIA LIMITED,611,1,1995-05-10,True,nse_symbols_consolidated.csv,2026-08-15,,1.0,False
612,EIEL,INE0LLY01014,ENVIRO INFRA ENGINEERS LIMITED,612,1,2024-11-29,True,nse_symbols_consolidated.csv,2026-08-15,,1.0,False
613,EIFFL,INE546V01010,EURO INDIA FRESH FOODS LIMITED,613,1,2021-10-12,True,nse_symbols_consolidated.csv,2026-08-15,,1.0,False
614,EIHAHOTELS,INE276C01014,EIH ASSOCIATED HOTELS LIMITED,614,1,2008-04-08,True,nse_symbols_consolidated.csv,2026-08-15,,1.0,False
615,EIHOTEL,INE230A01023,EIH LIMITED,615,1,1995-02-08,True,nse_symbols_consolidated.csv,2026-08-15,,1.0,False
616,EIMCOELECO,INE158B01016,EIMCO ELECON (INDIA) LIMITED,616,1,1996-04-17,True,nse_symbols_consolidated.csv,2026-08-15,,1.0,False
617,EKC,INE184H01027,EVEREST KANTO CYLINDER LIMITED,617,1,2005-12-15,True,nse_symbols_consolidated.csv,2026-08-15,,1.0,False
618,ELANTAS,INE280B01018,ELANTAS BECK INDIA LIMITED,618,1,2026-04-20,True,nse_symbols_consolidated.csv,2026-08-15,,1.0,False
619,ELCIDIN,INE927X01018,EL CID INVESTMENTS LIMITED,619,1,2026-04-20,True,nse_symbols_consolidated.csv,2026-08-15,,1.0,False
620,ELDEHSG,INE668G01021,ELDECO HOUSING AND INDUSTRIES LIMITED,620,1,2022-04-12,True,nse_symbols_consolidated.csv,2026-08-15,,1.0,False
621,ELECON,INE205B01031,ELECON ENGINEERING COMPANY LIMITED,621,1,2006-09-29,True,nse_symbols_consolidated.csv,2026-08-15,,1.0,False
622,ELECTCAST,INE086A01029,ELECTROSTEEL CASTINGS LIMITED,622,1,2003-06-20,True,nse_symbols_consolidated.csv,2026-08-15,,1.0,False
623,ELECTHERM,INE822G01016,ELECTROTHERM (INDIA) LIMITED,623,1,2007-08-20,True,nse_symbols_consolidated.csv,2026-08-15,,1.0,False
624,ELGIEQUIP,INE285A01027,ELGI EQUIPMENTS LIMITED,624,1,1995-11-22,True,nse_symbols_consolidated.csv,2026-08-15,,1.0,False
625,ELGIRUBCO,INE819L01012,ELGI RUBBER COMPANY LIMITED,625,1,2011-08-10,True,nse_symbols_consolidated.csv,2026-08-15,,1.0,False
626,ELIN,INE050401020,ELIN ELECTRONICS LIMITED,626,1,2022-12-30,True,nse_symbols_consolidated.csv,2026-08-15,,1.0,False
627,ELITECON,INE669R01026,ELITECON INTERNATIONAL LIMITED,627,1,2026-04-20,True,nse_symbols_consolidated.csv,2026-08-15,,1.0,False
628,ELLEN,INE236E01022,ELLENBARRIE INDUSTRIAL GASES LIMITED,628,1,2025-07-01,True,nse_symbols_consolidated.csv,2026-08-15,,1.0,False
629,ELPROINTL,INE579B01039,ELPRO INTERNATIONAL LIMITED,629,1,2026-04-20,True,nse_symbols_consolidated.csv,2026-08-15,,1.0,False
630,EMAMILTD,INE548C01032,EMAMI LIMITED,630,1,2006-08-03,True,nse_symbols_consolidated.csv,2026-08-15,,1.0,False
631,EMAMIPAP,INE830C01026,EMAMI PAPER MILLS LIMITED,631,1,2019-05-30,True,nse_symbols_consolidated.csv,2026-08-15,,1.0,False
632,EMAMIREAL,INE778K01012,EMAMI REALTY LIMITED,632,1,2010-07-28,True,nse_symbols_consolidated.csv,2026-08-15,,1.0,False
633,EMBDL,INE069I01010,EMBASSY DEVELOPMENTS LIMITED,633,1,2007-03-23,True,nse_symbols_consolidated.csv,2026-08-15,,1.0,False
634,EMCURE,INE168P01015,EMCURE PHARMACEUTICALS LIMITED,634,1,2024-07-10,True,nse_symbols_consolidated.csv,2026-08-15,,1.0,False
635,EMIL,INE02YR01019,ELECTRONICS MART INDIA LIMITED,635,1,2022-10-17,True,nse_symbols_consolidated.csv,2026-08-15,,1.0,False
636,EMKAY,INE296H01011,EMKAY GLOBAL FINANCIAL SERVICES LIMITED,636,1,2006-04-28,True,nse_symbols_consolidated.csv,2026-08-15,,1.0,False
637,EMMBI,INE753K01015,EMMBI INDUSTRIES LIMITED,637,1,2010-02-24,True,nse_symbols_consolidated.csv,2026-08-15,,1.0,False
638,EMMVEE,INE1C6T01020,EMMVEE PHOTOVOLTAIC POWER LIMITED,638,1,2025-11-18,True,nse_symbols_consolidated.csv,2026-08-15,,1.0,False
639,EMPOWER,INE507F01023,EMPOWER INDIA LIMITED,639,1,2026-04-20,True,nse_symbols_consolidated.csv,2026-08-15,,1.0,False
640,EMSLIMITED,INE0OV601013,EMS LIMITED,640,1,2023-09-21,True,nse_symbols_consolidated.csv,2026-08-15,,1.0,False
641,EMUDHRA,INE01QM01018,EMUDHRA LIMITED,641,1,2022-06-01,True,nse_symbols_consolidated.csv,2026-08-15,,1.0,False
642,ENDURANCE,INE913H01037,ENDURANCE TECHNOLOGIES LIMITED,642,1,2016-10-19,True,nse_symbols_consolidated.csv,2026-08-15,,1.0,False
643,ENERGYDEV,INE306C01019,ENERGY DEVELOPMENT COMPANY LIMITED,643,1,2007-11-02,True,nse_symbols_consolidated.csv,2026-08-15,,1.0,False
644,ENGINERSIN,INE510A01028,ENGINEERS INDIA LIMITED,644,1,1997-08-20,True,nse_symbols_consolidated.csv,2026-08-15,,1.0,False
645,ENIL,INE265F01028,ENTERTAINMENT NETWORK (INDIA) LIMITED,645,1,2006-02-15,True,nse_symbols_consolidated.csv,2026-08-15,,1.0,False
646,ENRIN,INE1NPP01017,SIEMENS ENERGY INDIA LIMITED,646,1,2025-06-19,True,nse_symbols_consolidated.csv,2026-08-15,,1.0,False
647,ENTERO,INE010601016,ENTERO HEALTHCARE SOLUTIONS LIMITED,647,1,2024-02-16,True,nse_symbols_consolidated.csv,2026-08-15,,1.0,False
648,EPACK,INE0G5901015,EPACK DURABLE LIMITED,648,1,2024-01-30,True,nse_symbols_consolidated.csv,2026-08-15,,1.0,False
649,EPACKPEB,INE0MLS01022,EPACK PREFAB TECHNOLOGIES LIMITED,649,1,2025-10-01,True,nse_symbols_consolidated.csv,2026-08-15,,1.0,False
650,EPIGRAL,INE071N01016,EPIGRAL LIMITED,650,1,2021-08-18,True,nse_symbols_consolidated.csv,2026-08-15,,1.0,False
651,EPL,INE255A01020,EPL LIMITED,651,1,2002-02-11,True,nse_symbols_consolidated.csv,2026-08-15,,1.0,False
652,EQUIPPP,INE217G01035,EQUIPPP SOCIAL IMPACT TECHNOLOGIES LIMITED,652,1,2021-05-19,True,nse_symbols_consolidated.csv,2026-08-15,,1.0,False
653,EQUITASBNK,INE063P01018,EQUITAS SMALL FINANCE BANK LIMITED,653,1,2020-11-02,True,nse_symbols_consolidated.csv,2026-08-15,,1.0,False
654,ERIS,INE406M01024,ERIS LIFESCIENCES LIMITED,654,1,2017-06-29,True,nse_symbols_consolidated.csv,2026-08-15,,1.0,False
655,ESABINDIA,INE284A01012,ESAB INDIA LIMITED,655,1,1995-11-01,True,nse_symbols_consolidated.csv,2026-08-15,,1.0,False
656,ESAFSFB,INE818W01011,ESAF SMALL FINANCE BANK LIMITED,656,1,2023-11-10,True,nse_symbols_consolidated.csv,2026-08-15,,1.0,False
657,ESCORTS,INE042A01014,ESCORTS KUBOTA LIMITED,657,1,1995-03-01,True,nse_symbols_consolidated.csv,2026-08-15,,1.0,False
658,ESSARSHPNG,INE122M01019,ESSAR SHIPPING LIMITED,658,1,2011-11-15,True,nse_symbols_consolidated.csv,2026-08-15,,1.0,False
659,ESSENTIA,INE418N01035,INTEGRA ESSENTIA LIMITED,659,1,2013-08-20,True,nse_symbols_consolidated.csv,2026-08-15,,1.0,False
660,ESTER,INE778B01029,ESTER INDUSTRIES LIMITED,660,1,2011-06-20,True,nse_symbols_consolidated.csv,2026-08-15,,1.0,False
661,ETERNAL,INE758T01015,ETERNAL LIMITED,661,1,2021-07-23,True,nse_symbols_consolidated.csv,2026-08-15,,1.0,False
662,ETHOSLTD,INE04TZ01018,ETHOS LIMITED,662,1,2022-05-30,True,nse_symbols_consolidated.csv,2026-08-15,,1.0,False
663,EUREKAFORB,INE0KCE01017,EUREKA FORBES LIMITED,663,1,2024-09-11,True,nse_symbols_consolidated.csv,2026-08-15,,1.0,False
664,EUROBOND,INE505V01016,EURO PANEL PRODUCTS LIMITED,664,1,2025-08-01,True,nse_symbols_consolidated.csv,2026-08-15,,1.0,False
665,EUROPRATIK,INE198501012,EURO PRATIK SALES LIMITED,665,1,2025-09-23,True,nse_symbols_consolidated.csv,2026-08-15,,1.0,False
666,EUROTEXIND,INE022C01012,EUROTEX INDUSTRIES AND EXPORTS LIMITED,666,1,1996-01-31,True,nse_symbols_consolidated.csv,2026-08-15,,1.0,False
667,EVEREADY,INE128A01029,EVEREADY INDUSTRIES INDIA LIMITED,667,1,2005-04-27,True,nse_symbols_consolidated.csv,2026-08-15,,1.0,False
668,EVERESTIND,INE295A01018,EVEREST INDUSTRIES LIMITED,668,1,1995-03-29,True,nse_symbols_consolidated.csv,2026-08-15,,1.0,False
669,EXCELINDUS,INE369A01029,EXCEL INDUSTRIES LIMITED,669,1,2004-06-16,True,nse_symbols_consolidated.csv,2026-08-15,,1.0,False
670,EXCELSOFT,INE606N01019,EXCELSOFT TECHNOLOGIES LIMITED,670,1,2025-11-26,True,nse_symbols_consolidated.csv,2026-08-15,,1.0,False
671,EXICOM,INE777F01014,EXICOM TELE-SYSTEMS LIMITED,671,1,2024-03-05,True,nse_symbols_consolidated.csv,2026-08-15,,1.0,False
672,EXIDEIND,INE302A01020,EXIDE INDUSTRIES LIMITED,672,1,2003-06-17,True,nse_symbols_consolidated.csv,2026-08-15,,1.0,False
673,EXPLEOSOL,INE201K01015,EXPLEO SOLUTIONS LIMITED,673,1,2009-10-26,True,nse_symbols_consolidated.csv,2026-08-15,,1.0,False
674,EXXARO,INE0GFE01026,EXXARO TILES LIMITED,674,1,2021-08-16,True,nse_symbols_consolidated.csv,2026-08-15,,1.0,False
675,FABTECH,INE0HF201011,FABTECH TECHNOLOGIES LIMITED,675,1,2025-10-07,True,nse_symbols_consolidated.csv,2026-08-15,,1.0,False
676,FACT,INE188A01015,FERTILIZERS AND CHEMICALS TRAVANCORE LIMITED,676,1,1995-04-12,True,nse_symbols_consolidated.csv,2026-08-15,,1.0,False
677,FAIRCHEMOR,INE0DNW01011,FAIRCHEM ORGANICS LIMITED,677,1,2020-12-24,True,nse_symbols_consolidated.csv,2026-08-15,,1.0,False
678,FAZE3Q,INE963C01033,FAZE THREE LIMITED,678,1,2022-11-18,True,nse_symbols_consolidated.csv,2026-08-15,,1.0,False
679,FCL,INE045J01034,FINEOTEX CHEMICAL LIMITED,679,1,2015-01-15,True,nse_symbols_consolidated.csv,2026-08-15,,1.0,False
680,FCSSOFT,INE512B01022,FCS SOFTWARE SOLUTIONS LIMITED,680,1,2005-09-21,True,nse_symbols_consolidated.csv,2026-08-15,,1.0,False
681,FDC,INE258B01022,FDC LIMITED,681,1,1997-08-07,True,nse_symbols_consolidated.csv,2026-08-15,,1.0,False
682,FEDDERSHOL,INE417D01020,FEDDERS HOLDING LIMITED,682,1,2026-04-20,True,nse_symbols_consolidated.csv,2026-08-15,,1.0,False
683,FEDERALBNK,INE171A01029,THE FEDERAL BANK LIMITED,683,1,1995-02-08,True,nse_symbols_consolidated.csv,2026-08-15,,1.0,False
684,FEDFINA,INE007N01010,FEDBANK FINANCIAL SERVICES LIMITED,684,1,2023-11-30,True,nse_symbols_consolidated.csv,2026-08-15,,1.0,False
685,FEL,INE623B01027,FUTURE ENTERPRISES LIMITED,685,1,2001-11-05,True,nse_symbols_consolidated.csv,2026-08-15,,1.0,False
686,FELDVR,IN9623B01058,FUTURE ENTERPRISES LIMITED,685,1,2009-02-13,True,nse_symbols_consolidated.csv,2026-08-15,,1.0,False
687,FERMENTA,INE225B01021,FERMENTA BIOTECH LIMITED,686,1,2026-08-04,True,nse_symbols_consolidated.csv,2026-08-15,,1.0,False
688,FIBERWEB,INE296C01020,FIBERWEB (INDIA) LIMITED,687,1,2022-02-16,True,nse_symbols_consolidated.csv,2026-08-15,,1.0,False
689,FIEMIND,INE737H01014,FIEM INDUSTRIES LIMITED,688,1,2006-10-19,True,nse_symbols_consolidated.csv,2026-08-15,,1.0,False
690,FILATEX,INE816B01035,FILATEX INDIA LIMITED,689,1,2011-08-29,True,nse_symbols_consolidated.csv,2026-08-15,,1.0,False
691,FILATFASH,INE185E01021,FILATEX FASHIONS LIMITED,690,1,2024-05-06,True,nse_symbols_consolidated.csv,2026-08-15,,1.0,False
692,FINCABLES,INE235A01022,FINOLEX CABLES LIMITED,691,1,1995-02-15,True,nse_symbols_consolidated.csv,2026-08-15,,1.0,False
693,FINEORG,INE686Y01026,FINE ORGANIC INDUSTRIES LIMITED,692,1,2018-07-02,True,nse_symbols_consolidated.csv,2026-08-15,,1.0,False
694,FINKURVE,INE734I01027,FINKURVE FINANCIAL SERVICES LIMITED,693,1,2025-10-01,True,nse_symbols_consolidated.csv,2026-08-15,,1.0,False
695,FINOPB,INE02NC01014,FINO PAYMENTS BANK LIMITED,694,1,2021-11-12,True,nse_symbols_consolidated.csv,2026-08-15,,1.0,False
696,FINPIPE,INE183A01024,FINOLEX INDUSTRIES LIMITED,695,1,1995-02-08,True,nse_symbols_consolidated.csv,2026-08-15,,1.0,False
697,FIRSTCRY,INE02RE01045,BRAINBEES SOLUTIONS LIMITED,696,1,2024-08-13,True,nse_symbols_consolidated.csv,2026-08-15,,1.0,False
698,FISCHER,INE771F01041,FISCHER MEDICAL VENTURES LIMITED,697,1,2025-07-10,True,nse_symbols_consolidated.csv,2026-08-15,,1.0,False
699,FIVESTAR,INE128S01021,FIVE-STAR BUSINESS FINANCE LIMITED,698,1,2022-11-21,True,nse_symbols_consolidated.csv,2026-08-15,,1.0,False
700,FLAIR,INE00Y201027,FLAIR WRITING INDUSTRIES LIMITED,699,1,2023-12-01,True,nse_symbols_consolidated.csv,2026-08-15,,1.0,False
701,FLEXITUFF,INE060J01017,FLEXITUFF VENTURES INTERNATIONAL LIMITED,700,1,2011-10-19,True,nse_symbols_consolidated.csv,2026-08-15,,1.0,False
702,FLFL,INE452O01016,FUTURE LIFESTYLE FASHIONS LIMITED,701,1,2013-10-01,True,nse_symbols_consolidated.csv,2026-08-15,,1.0,False
703,FLUOROCHEM,INE09N301011,GUJARAT FLUOROCHEMICALS LIMITED,702,1,2019-10-16,True,nse_symbols_consolidated.csv,2026-08-15,,1.0,False
704,FMGOETZE,INE529A01010,FEDERAL-MOGUL GOETZE (INDIA) LIMITED.,703,1,1995-02-08,True,nse_symbols_consolidated.csv,2026-08-15,,1.0,False
705,FMNL,INE360L01017,FUTURE MARKET NETWORKS LIMITED,704,1,2010-12-31,True,nse_symbols_consolidated.csv,2026-08-15,,1.0,False
706,FOCUS,INE593W01028,FOCUS LIGHTING AND FIXTURES LIMITED,705,1,2021-11-24,True,nse_symbols_consolidated.csv,2026-08-15,,1.0,False
707,FOODSIN,INE976E01023,FOODS AND INNS LIMITED,706,1,2021-11-16,True,nse_symbols_consolidated.csv,2026-08-15,,1.0,False
708,FORCEMOT,INE451A01017,FORCE MOTORS LIMITED,707,1,2024-02-14,True,nse_symbols_consolidated.csv,2026-08-15,,1.0,False
709,FORTIS,INE061F01013,FORTIS HEALTHCARE LIMITED,708,1,2007-05-09,True,nse_symbols_consolidated.csv,2026-08-15,,1.0,False
710,FOSECOIND,INE519A01011,FOSECO INDIA LIMITED,709,1,2003-05-05,True,nse_symbols_consolidated.csv,2026-08-15,,1.0,False
711,FRACTAL,INE212S01015,FRACTAL ANALYTICS LIMITED,710,1,2026-02-16,True,nse_symbols_consolidated.csv,2026-08-15,,1.0,False
712,FRONTSP,INE572D01014,FRONTIER SPRINGS LIMITED,711,1,2026-04-20,True,nse_symbols_consolidated.csv,2026-08-15,,1.0,False
713,FSL,INE684F01012,FIRSTSOURCE SOLUTIONS LIMITED,712,1,2007-02-22,True,nse_symbols_consolidated.csv,2026-08-15,,1.0,False
714,FUSION,INE139R01012,FUSION FINANCE LIMITED,713,1,2022-11-15,True,nse_symbols_consolidated.csv,2026-08-15,,1.0,False
715,GABRIEL,INE524A01029,GABRIEL INDIA LIMITED,714,1,2005-04-20,True,nse_symbols_consolidated.csv,2026-08-15,,1.0,False
716,GAEL,INE036B01030,GUJARAT AMBUJA EXPORTS LIMITED,715,1,2000-10-11,True,nse_symbols_consolidated.csv,2026-08-15,,1.0,False
717,GAIL,INE129A01019,GAIL (INDIA) LIMITED,716,1,1997-04-02,True,nse_symbols_consolidated.csv,2026-08-15,,1.0,False
718,GALAPREC,INE0RE001014,GALA PRECISION ENGINEERING LIMITED,717,1,2024-09-09,True,nse_symbols_consolidated.csv,2026-08-15,,1.0,False
719,GALAXYSURF,INE600K01018,GALAXY SURFACTANTS LIMITED,718,1,2018-02-08,True,nse_symbols_consolidated.csv,2026-08-15,,1.0,False
720,GALLANTT,INE297H01019,GALLANTT ISPAT LIMITED,719,1,2006-04-04,True,nse_symbols_consolidated.csv,2026-08-15,,1.0,False
721,GANDHAR,INE717W01049,GANDHAR OIL REFINERY (INDIA) LIMITED,720,1,2023-11-30,True,nse_symbols_consolidated.csv,2026-08-15,,1.0,False
722,GANDHITUBE,INE524B01027,GANDHI SPECIAL TUBES LIMITED,721,1,2007-01-31,True,nse_symbols_consolidated.csv,2026-08-15,,1.0,False
723,GANECOS,INE845D01014,GANESHA ECOSPHERE LIMITED,722,1,2015-03-09,True,nse_symbols_consolidated.csv,2026-08-15,,1.0,False
724,GANESHBE,INE388A01029,GANESH BENZOPLAST LIMITED,723,1,2021-09-16,True,nse_symbols_consolidated.csv,2026-08-15,,1.0,False
725,GANESHCP,INE652V01016,GANESH CONSUMER PRODUCTS LIMITED,724,1,2025-09-29,True,nse_symbols_consolidated.csv,2026-08-15,,1.0,False
726,GANESHHOU,INE460C01014,GANESH HOUSING LIMITED,725,1,2007-03-02,True,nse_symbols_consolidated.csv,2026-08-15,,1.0,False
727,GANGAFORGE,INE691Z01023,GANGA FORGING LIMITED,726,1,2021-07-06,True,nse_symbols_consolidated.csv,2026-08-15,,1.0,False
728,GANGESSECU,INE335W01016,GANGES SECURITIES LIMITED,727,1,2017-07-28,True,nse_symbols_consolidated.csv,2026-08-15,,1.0,False
729,GARFIBRES,INE276A01018,GARWARE TECHNICAL FIBRES LIMITED,728,1,2007-04-03,True,nse_symbols_consolidated.csv,2026-08-15,,1.0,False
730,GARUDA,INE0JVO01026,GARUDA CONSTRUCTION AND ENGINEERING LIMITED,729,1,2024-10-15,True,nse_symbols_consolidated.csv,2026-08-15,,1.0,False
731,GATECH,INE224E01028,GACM TECHNOLOGIES LIMITED,730,1,2016-07-25,True,nse_symbols_consolidated.csv,2026-08-15,,1.0,False
732,GATECHDVR,INE224E01036,GACM TECHNOLOGIES LIMITED,730,1,2017-10-10,True,nse_symbols_consolidated.csv,2026-08-15,,1.0,False
733,GATEWAY,INE079J01017,GATEWAY DISTRIPARKS LIMITED,731,1,2022-03-22,True,nse_symbols_consolidated.csv,2026-08-15,,1.0,False
734,GAUDIUMIVF,INE0P8B01020,GAUDIUM IVF AND WOMEN HEALTH LIMITED,732,1,2026-02-27,True,nse_symbols_consolidated.csv,2026-08-15,,1.0,False
735,GAYAHWS,INE287Z01012,GAYATRI HIGHWAYS LIMITED,733,1,2018-06-28,True,nse_symbols_consolidated.csv,2026-08-15,,1.0,False
736,GAYAPROJ,INE336H01023,GAYATRI PROJECTS LIMITED,734,1,2011-08-22,True,nse_symbols_consolidated.csv,2026-08-15,,1.0,False
737,GCSL,INE199P01028,GRETEX CORPORATE SERVICES LIMITED,735,1,2025-09-04,True,nse_symbols_consolidated.csv,2026-08-15,,1.0,False
738,GEECEE,INE916G01016,GEECEE VENTURES LIMITED,736,1,2006-10-04,True,nse_symbols_consolidated.csv,2026-08-15,,1.0,False
739,GEEKAYWIRE,INE669X01032,GEEKAY WIRES LIMITED,737,1,2020-03-06,True,nse_symbols_consolidated.csv,2026-08-15,,1.0,False
740,GEMAROMA,INE06XZ01023,GEM AROMATICS LIMITED,738,1,2025-08-26,True,nse_symbols_consolidated.csv,2026-08-15,,1.0,False
741,GENCON,INE854S01022,GENERIC ENGINEERING CONSTRUCTION AND PROJECTS LIMITED,739,1,2021-02-16,True,nse_symbols_consolidated.csv,2026-08-15,,1.0,False
742,GENESYS,INE727B01026,GENESYS INTERNATIONAL CORPORATION LIMITED,740,1,2003-01-23,True,nse_symbols_consolidated.csv,2026-08-15,,1.0,False
743,GENESYS-RE,INE727B20018,GENESYS INTERNATIONAL CORPORATION LIMITED-RE,741,1,2026-08-14,True,nse_symbols_consolidated.csv,2026-08-15,,1.0,False
744,GENSOL,INE06H201014,GENSOL ENGINEERING LIMITED,742,1,2023-07-03,True,nse_symbols_consolidated.csv,2026-08-15,,1.0,False
745,GENUSPAPER,INE949P01018,GENUS PAPER AND BOARDS LIMITED,743,1,2015-02-16,True,nse_symbols_consolidated.csv,2026-08-15,,1.0,False
746,GENUSPOWER,INE955D01029,GENUS POWER INFRASTRUCTURES LIMITED,744,1,2005-07-08,True,nse_symbols_consolidated.csv,2026-08-15,,1.0,False
747,GEOJITFSL,INE007B01023,GEOJIT FINANCIAL SERVICES LIMITED,745,1,2005-07-01,True,nse_symbols_consolidated.csv,2026-08-15,,1.0,False
748,GESHIP,INE017A01032,THE GREAT EASTERN SHIPPING COMPANY LIMITED,746,1,2006-11-27,True,nse_symbols_consolidated.csv,2026-08-15,,1.0,False
749,GFLLIMITED,INE538A01037,GFL LIMITED,747,1,1995-05-25,True,nse_symbols_consolidated.csv,2026-08-15,,1.0,False
750,GHCL,INE539A01019,GHCL LIMITED,748,1,2003-07-31,True,nse_symbols_consolidated.csv,2026-08-15,,1.0,False
751,GHCLTEXTIL,INE0PA801013,GHCL TEXTILES LIMITED,749,1,2023-06-12,True,nse_symbols_consolidated.csv,2026-08-15,,1.0,False
752,GICHSGFIN,INE289B01019,GIC HOUSING FINANCE LIMITED,750,1,1996-05-08,True,nse_symbols_consolidated.csv,2026-08-15,,1.0,False
753,GICL,INE947T01022,GLOBE INTERNATIONAL CARRIERS LIMITED,751,1,2026-02-18,True,nse_symbols_consolidated.csv,2026-08-15,,1.0,False
754,GICRE,INE481Y01014,GENERAL INSURANCE CORPORATION OF INDIA,752,1,2017-10-25,True,nse_symbols_consolidated.csv,2026-08-15,,1.0,False
755,GILLANDERS,INE047B01011,GILLANDERS ARBUTHNOT AND COMPANY LIMITED,753,1,2009-12-14,True,nse_symbols_consolidated.csv,2026-08-15,,1.0,False
756,GILLETTE,INE322A01010,GILLETTE INDIA LIMITED,754,1,2003-07-30,True,nse_symbols_consolidated.csv,2026-08-15,,1.0,False
757,GINNIFILA,INE424C01010,GINNI FILAMENTS LIMITED,755,1,1995-05-10,True,nse_symbols_consolidated.csv,2026-08-15,,1.0,False
758,GIPCL,INE162A01010,GUJARAT INDUSTRIES POWER COMPANY LIMITED,756,1,1995-02-08,True,nse_symbols_consolidated.csv,2026-08-15,,1.0,False
759,GKENERGY,INE1AG301022,GK ENERGY LIMITED,757,1,2025-09-26,True,nse_symbols_consolidated.csv,2026-08-15,,1.0,False
760,GKSL,INE0V0W01025,GUJARAT KIDNEY AND SUPER SPECIALITY LIMITED,758,1,2025-12-30,True,nse_symbols_consolidated.csv,2026-08-15,,1.0,False
761,GKWLIMITED,INE528A01020,GKW LIMITED,759,1,2009-07-20,True,nse_symbols_consolidated.csv,2026-08-15,,1.0,False
762,GLAND,INE068V01023,GLAND PHARMA LIMITED,760,1,2020-11-20,True,nse_symbols_consolidated.csv,2026-08-15,,1.0,False
763,GLAXO,INE159A01016,GLAXOSMITHKLINE PHARMACEUTICALS LIMITED,761,1,2000-12-15,True,nse_symbols_consolidated.csv,2026-08-15,,1.0,False
764,GLENMARK,INE935A01035,GLENMARK PHARMACEUTICALS LIMITED,762,1,2000-02-07,True,nse_symbols_consolidated.csv,2026-08-15,,1.0,False
765,GLFL,INE540A01017,GUJARAT LEASE FINANCING LIMITED,763,1,1995-02-08,True,nse_symbols_consolidated.csv,2026-08-15,,1.0,False
766,GLOBAL,INE291W01037,GLOBAL EDUCATION LIMITED,764,1,2020-12-07,True,nse_symbols_consolidated.csv,2026-08-15,,1.0,False
767,GLOBALE,INE0URU01010,GLOBALE TESSILE LIMITED,765,1,2024-08-27,True,nse_symbols_consolidated.csv,2026-08-15,,1.0,False
768,GLOBALVECT,INE792H01019,GLOBAL VECTRA HELICORP LIMITED,766,1,2006-10-27,True,nse_symbols_consolidated.csv,2026-08-15,,1.0,False
769,GLOBE,INE581X01021,GLOBE ENTERPRISES (INDIA) LIMITED,767,1,2020-10-07,True,nse_symbols_consolidated.csv,2026-08-15,,1.0,False
770,GLOBECIVIL,INE0V3U01015,GLOBE CIVIL PROJECTS LIMITED,768,1,2025-07-01,True,nse_symbols_consolidated.csv,2026-08-15,,1.0,False
771,GLOBUSSPR,INE615I01010,GLOBUS SPIRITS LIMITED,769,1,2009-09-23,True,nse_symbols_consolidated.csv,2026-08-15,,1.0,False
772,GLOSTERLTD,INE350Z01018,GLOSTER LIMITED,770,1,2024-04-26,True,nse_symbols_consolidated.csv,2026-08-15,,1.0,False
773,GLOTTIS,INE0TQE01026,GLOTTIS LIMITED,771,1,2025-10-07,True,nse_symbols_consolidated.csv,2026-08-15,,1.0,False
774,GMBREW,INE075D01018,GM BREWERIES LIMITED,772,1,1995-08-23,True,nse_symbols_consolidated.csv,2026-08-15,,1.0,False
775,GMDCLTD,INE131A01031,GUJARAT MINERAL DEVELOPMENT CORPORATION LIMITED,773,1,1997-12-17,True,nse_symbols_consolidated.csv,2026-08-15,,1.0,False
776,GMMPFAUDLR,INE541A01023,GMM PFAUDLER LIMITED,774,1,2018-03-05,True,nse_symbols_consolidated.csv,2026-08-15,,1.0,False
777,GMRAIRPORT,INE776C01039,GMR AIRPORTS LIMITED,775,1,2006-08-21,True,nse_symbols_consolidated.csv,2026-08-15,,1.0,False
778,GMRP&UI,INE0CU601026,GMR POWER AND URBAN INFRA LIMITED,776,1,2022-03-23,True,nse_symbols_consolidated.csv,2026-08-15,,1.0,False
779,GNA,INE934S01014,GNA AXLES LIMITED,777,1,2016-09-26,True,nse_symbols_consolidated.csv,2026-08-15,,1.0,False
780,GNFC,INE113A01013,GUJARAT NARMADA VALLEY FERTILIZERS AND CHEMICALS LIMITED,778,1,1995-05-17,True,nse_symbols_consolidated.csv,2026-08-15,,1.0,False
781,GNRL,INE207H01018,GUJARAT NATURAL RESOURCES LIMITED,779,1,2026-04-20,True,nse_symbols_consolidated.csv,2026-08-15,,1.0,False
782,GOACARBON,INE426D01013,GOA CARBON LIMITED,780,1,2007-06-05,True,nse_symbols_consolidated.csv,2026-08-15,,1.0,False
783,GOCLCORP,INE077F01035,GOCL CORPORATION LIMITED,781,1,2014-06-26,True,nse_symbols_consolidated.csv,2026-08-15,,1.0,False
784,GOCOLORS,INE0BJS01011,GO FASHION (INDIA) LIMITED,782,1,2021-11-30,True,nse_symbols_consolidated.csv,2026-08-15,,1.0,False
785,GODAVARIB,INE497S01012,GODAVARI BIOREFINERIES LIMITED,783,1,2024-10-30,True,nse_symbols_consolidated.csv,2026-08-15,,1.0,False
786,GODFRYPHLP,INE260B01028,GODFREY PHILLIPS INDIA LIMITED,784,1,1996-07-24,True,nse_symbols_consolidated.csv,2026-08-15,,1.0,False
787,GODIGIT,INE03JT01014,GO DIGIT GENERAL INSURANCE LIMITED,785,1,2024-05-23,True,nse_symbols_consolidated.csv,2026-08-15,,1.0,False
788,GODREJAGRO,INE850D01014,GODREJ AGROVET LIMITED,786,1,2017-10-16,True,nse_symbols_consolidated.csv,2026-08-15,,1.0,False
789,GODREJCP,INE102D01028,GODREJ CONSUMER PRODUCTS LIMITED,787,1,2001-06-20,True,nse_symbols_consolidated.csv,2026-08-15,,1.0,False
790,GODREJIND,INE233A01035,GODREJ INDUSTRIES LIMITED,788,1,2003-02-25,True,nse_symbols_consolidated.csv,2026-08-15,,1.0,False
791,GODREJPROP,INE484J01027,GODREJ PROPERTIES LIMITED,789,1,2010-01-05,True,nse_symbols_consolidated.csv,2026-08-15,,1.0,False
792,GOKEX,INE887G01027,GOKALDAS EXPORTS LIMITED,790,1,2005-04-27,True,nse_symbols_consolidated.csv,2026-08-15,,1.0,False
793,GOKUL,INE020J01029,GOKUL REFOILS AND SOLVENT LIMITED,791,1,2008-06-04,True,nse_symbols_consolidated.csv,2026-08-15,,1.0,False
794,GOKULAGRO,INE314T01033,GOKUL AGRO RESOURCES LIMITED,792,1,2016-03-11,True,nse_symbols_consolidated.csv,2026-08-15,,1.0,False
795,GOLDENTOBC,INE973A01010,GOLDEN TOBACCO LIMITED,793,1,1995-02-08,True,nse_symbols_consolidated.csv,2026-08-15,,1.0,False
796,GOLDIAM,INE025B01025,GOLDIAM INTERNATIONAL LIMITED,794,1,2005-08-29,True,nse_symbols_consolidated.csv,2026-08-15,,1.0,False
797,GOLDTECH,INE805A01014,AION-TECH SOLUTIONS LIMITED,795,1,2001-04-11,True,nse_symbols_consolidated.csv,2026-08-15,,1.0,False
798,GOODLUCK,INE127I01024,GOODLUCK INDIA LIMITED,796,1,2015-01-08,True,nse_symbols_consolidated.csv,2026-08-15,,1.0,False
799,GOODYEAR,INE533A01012,GOODYEAR INDIA LIMITED,797,1,2026-04-20,True,nse_symbols_consolidated.csv,2026-08-15,,1.0,False
800,GOPAL,INE0L9R01028,GOPAL SNACKS LIMITED,798,1,2024-03-14,True,nse_symbols_consolidated.csv,2026-08-15,,1.0,False
801,GOYALALUM,INE705X01026,GOYAL ALUMINIUMS LIMITED,799,1,2022-11-04,True,nse_symbols_consolidated.csv,2026-08-15,,1.0,False
802,GPIL,INE177H01039,GODAWARI POWER AND ISPAT LIMITED,800,1,2006-04-25,True,nse_symbols_consolidated.csv,2026-08-15,,1.0,False
803,GPPL,INE517F01014,GUJARAT PIPAVAV PORT LIMITED,801,1,2010-09-09,True,nse_symbols_consolidated.csv,2026-08-15,,1.0,False
804,GPTHEALTH,INE486R01017,GPT HEALTHCARE LIMITED,802,1,2024-02-29,True,nse_symbols_consolidated.csv,2026-08-15,,1.0,False
805,GPTINFRA,INE390G01014,GPT INFRAPROJECTS LIMITED,803,1,2016-07-11,True,nse_symbols_consolidated.csv,2026-08-15,,1.0,False
806,GRADIENTE,INE361K01017,GRADIENTE INFOTAINMENT LIMITED,804,1,2026-05-08,True,nse_symbols_consolidated.csv,2026-08-15,,1.0,False
807,GRANDOAK,INE926B01016,GRAND OAK CANYONS DISTILLERY LIMITED,805,1,2026-04-20,True,nse_symbols_consolidated.csv,2026-08-15,,1.0,False
808,GRANULES,INE101D01020,GRANULES INDIA LIMITED,806,1,2005-06-20,True,nse_symbols_consolidated.csv,2026-08-15,,1.0,False
809,GRAPHITE,INE371A01025,GRAPHITE INDIA LIMITED,807,1,2003-02-07,True,nse_symbols_consolidated.csv,2026-08-15,,1.0,False
810,GRASIM,INE047A01021,GRASIM INDUSTRIES LIMITED,808,1,1995-05-10,True,nse_symbols_consolidated.csv,2026-08-15,,1.0,False
811,GRAUWEIL,INE266D01021,GRAUER AND WEIL INDIA LIMITED,809,1,2026-04-20,True,nse_symbols_consolidated.csv,2026-08-15,,1.0,False
812,GRAVISSHO,INE214F01026,GRAVISS HOSPITALITY LIMITED,810,1,2026-04-20,True,nse_symbols_consolidated.csv,2026-08-15,,1.0,False
813,GRAVITA,INE024L01027,GRAVITA INDIA LIMITED,811,1,2010-11-16,True,nse_symbols_consolidated.csv,2026-08-15,,1.0,False
814,GREAVESCOT,INE224A01026,GREAVES COTTON LIMITED,812,1,2004-09-09,True,nse_symbols_consolidated.csv,2026-08-15,,1.0,False
815,GREENLAM,INE544R01021,GREENLAM INDUSTRIES LIMITED,813,1,2015-03-02,True,nse_symbols_consolidated.csv,2026-08-15,,1.0,False
816,GREENPANEL,INE08ZM01014,GREENPANEL INDUSTRIES LIMITED,814,1,2019-10-23,True,nse_symbols_consolidated.csv,2026-08-15,,1.0,False
817,GREENPLY,INE461C01038,GREENPLY INDUSTRIES LIMITED,815,1,1996-03-06,True,nse_symbols_consolidated.csv,2026-08-15,,1.0,False
818,GREENPOWER,INE999K01014,ORIENT GREEN POWER COMPANY LIMITED,816,1,2010-10-08,True,nse_symbols_consolidated.csv,2026-08-15,,1.0,False
819,GRINDWELL,INE536A01023,GRINDWELL NORTON LIMITED,817,1,2006-09-11,True,nse_symbols_consolidated.csv,2026-08-15,,1.0,False
820,GRINFRA,INE201P01022,G R INFRAPROJECTS LIMITED,818,1,2021-07-19,True,nse_symbols_consolidated.csv,2026-08-15,,1.0,False
821,GRMOVER,INE192H01020,GRM OVERSEAS LIMITED,819,1,2022-09-07,True,nse_symbols_consolidated.csv,2026-08-15,,1.0,False
822,GROBTEA,INE646C01018,THE GROB TEA COMPANY LIMITED,820,1,2016-07-14,True,nse_symbols_consolidated.csv,2026-08-15,,1.0,False
823,GROWW,INE0HOQ01053,BILLIONBRAINS GARAGE VENTURES LIMITED,821,1,2025-11-12,True,nse_symbols_consolidated.csv,2026-08-15,,1.0,False
824,GRPLTD,INE137I01015,GRP LIMITED,822,1,2015-02-12,True,nse_symbols_consolidated.csv,2026-08-15,,1.0,False
825,GRSE,INE382Z01011,GARDEN REACH SHIPBUILDERS AND ENGINEERS LIMITED,823,1,2018-10-10,True,nse_symbols_consolidated.csv,2026-08-15,,1.0,False
826,GRWRHITECH,INE291A01017,GARWARE HI-TECH FILMS LIMITED,824,1,2022-02-03,True,nse_symbols_consolidated.csv,2026-08-15,,1.0,False
827,GSFC,INE026A01025,GUJARAT STATE FERTILIZERS AND CHEMICALS LIMITED,825,1,1995-09-06,True,nse_symbols_consolidated.csv,2026-08-15,,1.0,False
828,GSLSU,INE0JSX01015,GLOBAL SURFACES LIMITED,826,1,2023-03-23,True,nse_symbols_consolidated.csv,2026-08-15,,1.0,False
829,GSPCROP,INE713R01022,GSP CROP SCIENCE LIMITED,827,1,2026-03-24,True,nse_symbols_consolidated.csv,2026-08-15,,1.0,False
830,GSS,INE871H01011,GSS INFOTECH LIMITED,828,1,2008-03-07,True,nse_symbols_consolidated.csv,2026-08-15,,1.0,False
831,GTECJAINX,INE586X01012,G-TEC JAINX EDUCATION LIMITED,829,1,2020-11-13,True,nse_symbols_consolidated.csv,2026-08-15,,1.0,False
832,GTL,INE043A01012,GTL LIMITED,830,1,1995-03-29,True,nse_symbols_consolidated.csv,2026-08-15,,1.0,False
833,GTLINFRA,INE221H01019,GTL INFRASTRUCTURE LIMITED,831,1,2006-11-09,True,nse_symbols_consolidated.csv,2026-08-15,,1.0,False
834,GTPL,INE869I01013,GTPL HATHWAY LIMITED,832,1,2017-07-04,True,nse_symbols_consolidated.csv,2026-08-15,,1.0,False
835,GUFICBIO,INE742B01025,GUFIC BIOSCIENCES LIMITED,833,1,2004-10-19,True,nse_symbols_consolidated.csv,2026-08-15,,1.0,False
836,GUJALKALI,INE186A01019,GUJARAT ALKALIES AND CHEMICALS LIMITED,834,1,1997-08-07,True,nse_symbols_consolidated.csv,2026-08-15,,1.0,False
837,GUJAPOLLO,INE826C01016,GUJARAT APOLLO INDUSTRIES LIMITED,835,1,2007-06-04,True,nse_symbols_consolidated.csv,2026-08-15,,1.0,False
838,GUJENERGY,INE844O01030,GUJARAT ENERGY LIMITED,836,1,2015-09-15,True,nse_symbols_consolidated.csv,2026-08-15,,1.0,False
839,GUJRAFFIA,INE610B01024,GUJARAT RAFFIA INDUSTRIES LIMITED,837,1,1996-10-09,True,nse_symbols_consolidated.csv,2026-08-15,,1.0,False
840,GUJTHEM,INE942C01045,GUJARAT THEMIS BIOSYN LIMITED,838,1,2025-02-25,True,nse_symbols_consolidated.csv,2026-08-15,,1.0,False
841,GULFOILLUB,INE635Q01029,GULF OIL LUBRICANTS INDIA LIMITED,839,1,2014-07-31,True,nse_symbols_consolidated.csv,2026-08-15,,1.0,False
842,GULFPETRO,INE586G01017,GP PETROLEUMS LIMITED,840,1,2004-09-24,True,nse_symbols_consolidated.csv,2026-08-15,,1.0,False
843,GULPOLY,INE255D01024,GULSHAN POLYOLS LIMITED,841,1,2015-01-28,True,nse_symbols_consolidated.csv,2026-08-15,,1.0,False
844,GVKPIL,INE251H01024,GVK POWER AND INFRASTRUCTURE LIMITED,842,1,2006-02-27,True,nse_symbols_consolidated.csv,2026-08-15,,1.0,False
845,GVPIL,INE878A01011,GE POWER INDIA LIMITED,843,1,2000-04-19,True,nse_symbols_consolidated.csv,2026-08-15,,1.0,False
846,GVPTECH,INE382T01030,GVP INFOTECH LIMITED,844,1,2022-09-06,True,nse_symbols_consolidated.csv,2026-08-15,,1.0,False
847,GVT&D,INE200A01026,GE VERNOVA TANDD INDIA LIMITED,845,1,2008-06-30,True,nse_symbols_consolidated.csv,2026-08-15,,1.0,False
848,GYFTR,INE724A01017,GYFTR LIMITED,846,1,2026-07-10,True,nse_symbols_consolidated.csv,2026-08-15,,1.0,False
849,HAL,INE066F01020,HINDUSTAN AERONAUTICS LIMITED,847,1,2018-03-28,True,nse_symbols_consolidated.csv,2026-08-15,,1.0,False
850,HALDER,INE115S01010,HALDER VENTURE LIMITED,848,1,2026-01-19,True,nse_symbols_consolidated.csv,2026-08-15,,1.0,False
851,HALDYNGL,INE506D01020,HALDYN GLASS LIMITED,849,1,2026-04-20,True,nse_symbols_consolidated.csv,2026-08-15,,1.0,False
852,HALEOSLABS,INE320X01016,HALEOS LABS LIMITED,850,1,2017-08-17,True,nse_symbols_consolidated.csv,2026-08-15,,1.0,False
853,HAPPSTMNDS,INE419U01012,HAPPIEST MINDS TECHNOLOGIES LIMITED,851,1,2020-09-17,True,nse_symbols_consolidated.csv,2026-08-15,,1.0,False
854,HAPPYFORGE,INE330T01021,HAPPY FORGINGS LIMITED,852,1,2023-12-27,True,nse_symbols_consolidated.csv,2026-08-15,,1.0,False
855,HARDWYN,INE626Z01029,HARDWYN INDIA LIMITED,853,1,2022-04-12,True,nse_symbols_consolidated.csv,2026-08-15,,1.0,False
856,HARIOMPIPE,INE00EV01017,HARIOM PIPE INDUSTRIES LIMITED,854,1,2022-04-13,True,nse_symbols_consolidated.csv,2026-08-15,,1.0,False
857,HARRMALAYA,INE544A01019,HARRISONS MALAYALAM LIMITED,855,1,1995-02-08,True,nse_symbols_consolidated.csv,2026-08-15,,1.0,False
858,HARSHA,INE0JUS01029,HARSHA ENGINEERS INTERNATIONAL LIMITED,856,1,2022-09-26,True,nse_symbols_consolidated.csv,2026-08-15,,1.0,False
859,HATHWAY,INE982F01036,HATHWAY CABLE AND DATACOM LIMITED,857,1,2010-02-25,True,nse_symbols_consolidated.csv,2026-08-15,,1.0,False
860,HATSUN,INE473B01035,HATSUN AGRO PRODUCT LIMITED,858,1,2014-06-20,True,nse_symbols_consolidated.csv,2026-08-15,,1.0,False
861,HAVELLS,INE176B01034,HAVELLS INDIA LIMITED,859,1,2001-03-21,True,nse_symbols_consolidated.csv,2026-08-15,,1.0,False
862,HAVISHA,INE293B01029,SRI HAVISHA HOSPITALITY AND INFRASTRUCTURE LIMITED,860,1,2000-02-16,True,nse_symbols_consolidated.csv,2026-08-15,,1.0,False
863,HAWKINCOOK,INE979B01015,HAWKINS COOKERS LIMITED,861,1,2026-04-20,True,nse_symbols_consolidated.csv,2026-08-15,,1.0,False
864,HBESD,INE640B01021,HB ESTATE DEVELOPERS LIMITED,862,1,2026-04-20,True,nse_symbols_consolidated.csv,2026-08-15,,1.0,False
865,HBLENGINE,INE292B01021,HBL ENGINEERING LIMITED,863,1,2007-01-04,True,nse_symbols_consolidated.csv,2026-08-15,,1.0,False
866,HBSL,INE550B01022,HB STOCKHOLDINGS LIMITED,864,1,2018-07-23,True,nse_symbols_consolidated.csv,2026-08-15,,1.0,False
867,HCC,INE549A01026,HINDUSTAN CONSTRUCTION COMPANY LIMITED,865,1,2003-04-01,True,nse_symbols_consolidated.csv,2026-08-15,,1.0,False
868,HCG,INE075I01017,HEALTHCARE GLOBAL ENTERPRISES LIMITED,866,1,2016-03-30,True,nse_symbols_consolidated.csv,2026-08-15,,1.0,False
869,HCL-INSYS,INE236A01020,HCL INFOSYSTEMS LIMITED,867,1,1997-01-01,True,nse_symbols_consolidated.csv,2026-08-15,,1.0,False
870,HCLTECH,INE860A01027,HCL TECHNOLOGIES LIMITED,868,1,2000-01-06,True,nse_symbols_consolidated.csv,2026-08-15,,1.0,False
871,HDBFS,INE756I01012,HDB FINANCIAL SERVICES LIMITED,869,1,2025-07-02,True,nse_symbols_consolidated.csv,2026-08-15,,1.0,False
872,HDFCAMC,INE127D01025,HDFC ASSET MANAGEMENT COMPANY LIMITED,870,1,2018-08-06,True,nse_symbols_consolidated.csv,2026-08-15,,1.0,False
873,HDFCBANK,INE040A01034,HDFC BANK LIMITED,871,1,1995-11-08,True,nse_symbols_consolidated.csv,2026-08-15,,1.0,False
874,HDFCLIFE,INE795G01014,HDFC LIFE INSURANCE COMPANY LIMITED,872,1,2017-11-17,True,nse_symbols_consolidated.csv,2026-08-15,,1.0,False
875,HDIL,INE191I01012,HOUSING DEVELOPMENT AND INFRASTRUCTURE LIMITED,873,1,2007-07-24,True,nse_symbols_consolidated.csv,2026-08-15,,1.0,False
876,HEADSUP,INE759V01019,HEADS UP VENTURES LIMITED,874,1,2016-12-14,True,nse_symbols_consolidated.csv,2026-08-15,,1.0,False
877,HEALTHX,INE019J01013,HEALTH X PLATFORM LIMITED,875,1,2010-10-05,True,nse_symbols_consolidated.csv,2026-08-15,,1.0,False
878,HECPROJECT,INE558R01013,HEC INFRA PROJECTS LIMITED,876,1,2021-12-30,True,nse_symbols_consolidated.csv,2026-08-15,,1.0,False
879,HEG,INE545A01024,HEG LIMITED,877,1,1995-05-10,True,nse_symbols_consolidated.csv,2026-08-15,,1.0,False
880,HEIDELBERG,INE578A01017,HEIDELBERGCEMENT INDIA LIMITED,878,1,1995-03-15,True,nse_symbols_consolidated.csv,2026-08-15,,1.0,False
881,HEMIPROP,INE0AJG01018,HEMISPHERE PROPERTIES INDIA LIMITED,879,1,2020-10-22,True,nse_symbols_consolidated.csv,2026-08-15,,1.0,False
882,HERANBA,INE694N01015,HERANBA INDUSTRIES LIMITED,880,1,2021-03-05,True,nse_symbols_consolidated.csv,2026-08-15,,1.0,False
883,HERITGFOOD,INE978A01027,HERITAGE FOODS LIMITED,881,1,1996-11-27,True,nse_symbols_consolidated.csv,2026-08-15,,1.0,False
884,HEROMOTOCO,INE158A01026,HERO MOTOCORP LIMITED,882,1,2003-04-11,True,nse_symbols_consolidated.csv,2026-08-15,,1.0,False
885,HESTERBIO,INE782E01017,HESTER BIOSCIENCES LIMITED,883,1,2015-03-13,True,nse_symbols_consolidated.csv,2026-08-15,,1.0,False
886,HEXAGON,INE0JUI01012,HEXAGON NUTRITION LIMITED,884,1,2026-06-12,True,nse_symbols_consolidated.csv,2026-08-15,,1.0,False
887,HEXATRADEX,INE750M01017,HEXA TRADEX LIMITED,885,1,2012-04-20,True,nse_symbols_consolidated.csv,2026-08-15,,1.0,False
888,HEXT,INE093A01041,HEXAWARE TECHNOLOGIES LIMITED,886,1,2025-02-19,True,nse_symbols_consolidated.csv,2026-08-15,,1.0,False
889,HFCL,INE548A01028,HFCL LIMITED,887,1,2011-03-09,True,nse_symbols_consolidated.csv,2026-08-15,,1.0,False
890,HGINFRA,INE926X01010,H.G. INFRA ENGINEERING LIMITED,888,1,2018-03-09,True,nse_symbols_consolidated.csv,2026-08-15,,1.0,False
891,HGM,INE596H01014,HANDSON GLOBAL MANAGEMENT (HGM) LIMITED,889,1,2006-09-27,True,nse_symbols_consolidated.csv,2026-08-15,,1.0,False
892,HGS,INE170I01016,HINDUJA GLOBAL SOLUTIONS LIMITED,890,1,2007-06-19,True,nse_symbols_consolidated.csv,2026-08-15,,1.0,False
893,HIKAL,INE475B01022,HIKAL LIMITED,891,1,2001-02-14,True,nse_symbols_consolidated.csv,2026-08-15,,1.0,False
894,HILINFRA,INE00RL01028,HIGHWAY INFRASTRUCTURE LIMITED,892,1,2025-08-12,True,nse_symbols_consolidated.csv,2026-08-15,,1.0,False
895,HILTON,INE788H01017,HILTON METAL FORGING LIMITED,893,1,2007-05-24,True,nse_symbols_consolidated.csv,2026-08-15,,1.0,False
896,HIMATSEIDE,INE049A01027,HIMATSINGKA SEIDE LIMITED,894,1,1995-02-08,True,nse_symbols_consolidated.csv,2026-08-15,,1.0,False
897,HINDALCO,INE038A01020,HINDALCO INDUSTRIES LIMITED,895,1,1997-01-08,True,nse_symbols_consolidated.csv,2026-08-15,,1.0,False
898,HINDCOMPOS,INE310C01029,HINDUSTAN COMPOSITES LIMITED,896,1,1996-05-08,True,nse_symbols_consolidated.csv,2026-08-15,,1.0,False
899,HINDCON,INE642Y01029,HINDCON CHEMICALS LIMITED,897,1,2021-07-05,True,nse_symbols_consolidated.csv,2026-08-15,,1.0,False
900,HINDCOPPER,INE531E01026,HINDUSTAN COPPER LIMITED,898,1,2010-09-15,True,nse_symbols_consolidated.csv,2026-08-15,,1.0,False
901,HINDOILEXP,INE345A01011,HINDUSTAN OIL EXPLORATION COMPANY LIMITED,899,1,2003-09-23,True,nse_symbols_consolidated.csv,2026-08-15,,1.0,False
902,HINDPETRO,INE094A01015,HINDUSTAN PETROLEUM CORPORATION LIMITED,900,1,1998-06-17,True,nse_symbols_consolidated.csv,2026-08-15,,1.0,False
903,HINDUNILVR,INE030A01027,HINDUSTAN UNILEVER LIMITED,901,1,1995-07-06,True,nse_symbols_consolidated.csv,2026-08-15,,1.0,False
904,HINDWAREAP,INE05AN01011,HINDWARE HOME INNOVATION LIMITED,902,1,2019-12-26,True,nse_symbols_consolidated.csv,2026-08-15,,1.0,False
905,HINDZINC,INE267A01025,HINDUSTAN ZINC LIMITED,903,1,2006-11-21,True,nse_symbols_consolidated.csv,2026-08-15,,1.0,False
906,HIRECT,INE835D01023,HIND RECTIFIERS LIMITED,904,1,2006-12-26,True,nse_symbols_consolidated.csv,2026-08-15,,1.0,False
907,HISARMETAL,INE598C01011,HISAR METAL INDUSTRIES LIMITED,905,1,2017-01-05,True,nse_symbols_consolidated.csv,2026-08-15,,1.0,False
908,HITECH,INE106T01025,HI-TECH PIPES LIMITED,906,1,2018-05-07,True,nse_symbols_consolidated.csv,2026-08-15,,1.0,False
909,HITECHCORP,INE120D01012,HITECH CORPORATION LIMITED,907,1,2007-12-20,True,nse_symbols_consolidated.csv,2026-08-15,,1.0,False
910,HITECHGEAR,INE127B01011,THE HI-TECH GEARS LIMITED,908,1,2002-01-21,True,nse_symbols_consolidated.csv,2026-08-15,,1.0,False
911,HLEGLAS,INE461D01028,HLE GLASCOAT LIMITED,909,1,2023-02-09,True,nse_symbols_consolidated.csv,2026-08-15,,1.0,False
912,HLVLTD,INE102A01024,HLV LIMITED,910,1,1995-07-19,True,nse_symbols_consolidated.csv,2026-08-15,,1.0,False
913,HMAAGRO,INE0ECP01024,HMA AGRO INDUSTRIES LIMITED,911,1,2023-07-04,True,nse_symbols_consolidated.csv,2026-08-15,,1.0,False
914,HMT,INE262A01018,HMT LIMITED,912,1,2003-08-29,True,nse_symbols_consolidated.csv,2026-08-15,,1.0,False
915,HMVL,INE871K01015,HINDUSTAN MEDIA VENTURES LIMITED,913,1,2010-07-21,True,nse_symbols_consolidated.csv,2026-08-15,,1.0,False
916,HNDFDS,INE254N01026,HINDUSTAN FOODS LIMITED,914,1,2023-06-06,True,nse_symbols_consolidated.csv,2026-08-15,,1.0,False
917,HOMEFIRST,INE481N01025,HOME FIRST FINANCE COMPANY INDIA LIMITED,915,1,2021-02-03,True,nse_symbols_consolidated.csv,2026-08-15,,1.0,False
918,HONASA,INE0J5401028,HONASA CONSUMER LIMITED,916,1,2023-11-07,True,nse_symbols_consolidated.csv,2026-08-15,,1.0,False
919,HONAUT,INE671A01010,HONEYWELL AUTOMATION INDIA LIMITED,917,1,2003-07-18,True,nse_symbols_consolidated.csv,2026-08-15,,1.0,False
920,HONDAPOWER,INE634A01018,HONDA INDIA POWER PRODUCTS LIMITED,918,1,2003-04-01,True,nse_symbols_consolidated.csv,2026-08-15,,1.0,False
921,HPAL,INE0GSL01024,HP ADHESIVES LIMITED,919,1,2021-12-27,True,nse_symbols_consolidated.csv,2026-08-15,,1.0,False
922,HPIL,INE05X901010,HINDPRAKASH INDUSTRIES LIMITED,920,1,2022-11-07,True,nse_symbols_consolidated.csv,2026-08-15,,1.0,False
923,HPL,INE495S01016,HPL ELECTRIC AND POWER LIMITED,921,1,2016-10-04,True,nse_symbols_consolidated.csv,2026-08-15,,1.0,False
924,HSCL,INE019C01026,HIMADRI SPECIALITY CHEMICAL LIMITED,922,1,2007-03-02,True,nse_symbols_consolidated.csv,2026-08-15,,1.0,False
925,HTMEDIA,INE501G01024,HT MEDIA LIMITED,923,1,2005-09-01,True,nse_symbols_consolidated.csv,2026-08-15,,1.0,False
926,HUBTOWN,INE703H01016,HUBTOWN LIMITED,924,1,2007-02-07,True,nse_symbols_consolidated.csv,2026-08-15,,1.0,False
927,HUDCO,INE031A01017,HOUSING AND URBAN DEVELOPMENT CORPORATION LIMITED,925,1,2017-05-19,True,nse_symbols_consolidated.csv,2026-08-15,,1.0,False
928,HUHTAMAKI,INE275B01026,HUHTAMAKI INDIA LIMITED,926,1,2004-10-01,True,nse_symbols_consolidated.csv,2026-08-15,,1.0,False
929,HYBRIDFIN,INE965B01022,HYBRID FINANCIAL SERVICES LIMITED,927,1,2022-12-05,True,nse_symbols_consolidated.csv,2026-08-15,,1.0,False
930,HYUNDAI,INE0V6F01027,HYUNDAI MOTOR INDIA LIMITED,928,1,2024-10-22,True,nse_symbols_consolidated.csv,2026-08-15,,1.0,False
931,IBULLSLTD,INE126M01010,INDIABULLS LIMITED,929,1,2011-08-18,True,nse_symbols_consolidated.csv,2026-08-15,,1.0,False
932,ICDSLTD,INE613B01010,ICDS LIMITED,930,1,1999-11-17,True,nse_symbols_consolidated.csv,2026-08-15,,1.0,False
933,ICEMAKE,INE520Y01019,ICE MAKE REFRIGERATION LIMITED,931,1,2020-10-12,True,nse_symbols_consolidated.csv,2026-08-15,,1.0,False
934,ICICIAMC,INE346A01027,ICICI PRUDENTIAL ASSET MANAGEMENT COMPANY LIMITED,932,1,2025-12-19,True,nse_symbols_consolidated.csv,2026-08-15,,1.0,False
935,ICICIBANK,INE090A01021,ICICI BANK LIMITED,933,1,1997-09-17,True,nse_symbols_consolidated.csv,2026-08-15,,1.0,False
936,ICICIGI,INE765G01017,ICICI LOMBARD GENERAL INSURANCE COMPANY LIMITED,934,1,2017-09-27,True,nse_symbols_consolidated.csv,2026-08-15,,1.0,False
937,ICICIPRULI,INE726G01019,ICICI PRUDENTIAL LIFE INSURANCE COMPANY LIMITED,935,1,2016-09-29,True,nse_symbols_consolidated.csv,2026-08-15,,1.0,False
938,ICIL,INE483B01026,INDO COUNT INDUSTRIES LIMITED,936,1,2005-09-12,True,nse_symbols_consolidated.csv,2026-08-15,,1.0,False
939,ICRA,INE725G01011,ICRA LIMITED,937,1,2007-04-13,True,nse_symbols_consolidated.csv,2026-08-15,,1.0,False
940,IDBI,INE008A01015,IDBI BANK LIMITED,938,1,1995-09-20,True,nse_symbols_consolidated.csv,2026-08-15,,1.0,False
941,IDEA,INE669E01016,VODAFONE IDEA LIMITED,939,1,2007-03-09,True,nse_symbols_consolidated.csv,2026-08-15,,1.0,False
942,IDEAFORGE,INE349Y01013,IDEAFORGE TECHNOLOGY LIMITED,940,1,2023-07-07,True,nse_symbols_consolidated.csv,2026-08-15,,1.0,False
943,IDFCFIRSTB,INE092T01019,IDFC FIRST BANK LIMITED,941,1,2015-11-06,True,nse_symbols_consolidated.csv,2026-08-15,,1.0,False
944,IEX,INE022Q01020,INDIAN ENERGY EXCHANGE LIMITED,942,1,2017-10-23,True,nse_symbols_consolidated.csv,2026-08-15,,1.0,False
945,IFBAGRO,INE076C01018,IFB AGRO INDUSTRIES LIMITED,943,1,1996-04-03,True,nse_symbols_consolidated.csv,2026-08-15,,1.0,False
946,IFBIND,INE559A01017,IFB INDUSTRIES LIMITED,944,1,1995-03-29,True,nse_symbols_consolidated.csv,2026-08-15,,1.0,False
947,IFCI,INE039A01010,IFCI LIMITED,945,1,1995-04-26,True,nse_symbols_consolidated.csv,2026-08-15,,1.0,False
948,IFGLEXPOR,INE133Y01011,IFGL REFRACTORIES LIMITED,946,1,2017-11-14,True,nse_symbols_consolidated.csv,2026-08-15,,1.0,False
949,IGARASHI,INE188B01013,IGARASHI MOTORS INDIA LIMITED,947,1,2003-10-09,True,nse_symbols_consolidated.csv,2026-08-15,,1.0,False
950,IGCL,INE05J901018,INDOGULF CROPSCIENCES LIMITED,948,1,2025-07-03,True,nse_symbols_consolidated.csv,2026-08-15,,1.0,False
951,IGIL,INE0Q9301021,INTERNATIONAL GEMOLOGICAL INSTITUTE LIMITED,949,1,2024-12-20,True,nse_symbols_consolidated.csv,2026-08-15,,1.0,False
952,IGL,INE203G01027,INDRAPRASTHA GAS LIMITED,950,1,2003-12-26,True,nse_symbols_consolidated.csv,2026-08-15,,1.0,False
953,IGPL,INE204A01010,IG PETROCHEMICALS LIMITED,951,1,2007-01-29,True,nse_symbols_consolidated.csv,2026-08-15,,1.0,False
954,IIFL,INE530B01024,IIFL FINANCE LIMITED,952,1,2005-05-17,True,nse_symbols_consolidated.csv,2026-08-15,,1.0,False
955,IIFLCAPS,INE489L01022,IIFL CAPITAL SERVICES LIMITED,953,1,2019-09-20,True,nse_symbols_consolidated.csv,2026-08-15,,1.0,False
956,IITL,INE886A01014,INDUSTRIAL INVESTMENT TRUST LIMITED,954,1,2010-08-17,True,nse_symbols_consolidated.csv,2026-08-15,,1.0,False
957,IKIO,INE0LOJ01019,IKIO TECHNOLOGIES LIMITED,955,1,2023-06-16,True,nse_symbols_consolidated.csv,2026-08-15,,1.0,False
958,IKS,INE115Q01022,INVENTURUS KNOWLEDGE SOLUTIONS LIMITED,956,1,2024-12-19,True,nse_symbols_consolidated.csv,2026-08-15,,1.0,False
959,IL&FSENGG,INE369I01014,ILANDFS ENGINEERING AND CONSTRUCTION COMPANY LIMITED,957,1,2007-10-25,True,nse_symbols_consolidated.csv,2026-08-15,,1.0,False
960,IL&FSTRANS,INE975G01012,ILANDFS TRANSPORTATION NETWORKS LIMITED,958,1,2010-03-30,True,nse_symbols_consolidated.csv,2026-08-15,,1.0,False
961,IMAGICAA,INE172N01012,IMAGICAAWORLD ENTERTAINMENT LIMITED,959,1,2015-04-06,True,nse_symbols_consolidated.csv,2026-08-15,,1.0,False
962,IMFA,INE919H01018,INDIAN METALS AND FERRO ALLOYS LIMITED,960,1,2010-07-23,True,nse_symbols_consolidated.csv,2026-08-15,,1.0,False
963,IMPAL,INE547E01014,INDIA MOTOR PARTS AND ACCESSORIES LIMITED,961,1,2005-10-07,True,nse_symbols_consolidated.csv,2026-08-15,,1.0,False
964,IMPEXFERRO,INE691G01015,IMPEX FERRO TECH LIMITED,962,1,2005-02-03,True,nse_symbols_consolidated.csv,2026-08-15,,1.0,False
965,INA,INE0LGX01024,INSOLATION ENERGY LIMITED,963,1,2026-03-09,True,nse_symbols_consolidated.csv,2026-08-15,,1.0,False
966,INCREDIBLE,INE452L01012,INCREDIBLE INDUSTRIES LIMITED,964,1,2016-07-01,True,nse_symbols_consolidated.csv,2026-08-15,,1.0,False
967,INDBANK,INE841B01017,INDBANK MERCHANT BANKING SERVICES LIMITED,965,1,2008-10-08,True,nse_symbols_consolidated.csv,2026-08-15,,1.0,False
968,INDGN,INE065X01017,INDEGENE LIMITED,966,1,2024-05-13,True,nse_symbols_consolidated.csv,2026-08-15,,1.0,False
969,INDHOTEL,INE053A01029,THE INDIAN HOTELS COMPANY LIMITED,967,1,1996-07-03,True,nse_symbols_consolidated.csv,2026-08-15,,1.0,False
970,INDIACEM,INE383A01012,THE INDIA CEMENTS LIMITED,968,1,2000-05-31,True,nse_symbols_consolidated.csv,2026-08-15,,1.0,False
971,INDIAGLYCO,INE560A01023,INDIA GLYCOLS LIMITED,969,1,2005-07-01,True,nse_symbols_consolidated.csv,2026-08-15,,1.0,False
972,INDIAMART,INE933S01016,INDIAMART INTERMESH LIMITED,970,1,2019-07-04,True,nse_symbols_consolidated.csv,2026-08-15,,1.0,False
973,INDIANB,INE562A01011,INDIAN BANK,971,1,2007-03-01,True,nse_symbols_consolidated.csv,2026-08-15,,1.0,False
974,INDIANCARD,INE061A01014,INDIAN CARD CLOTHING COMPANY LIMITED,972,1,1997-01-08,True,nse_symbols_consolidated.csv,2026-08-15,,1.0,False
975,INDIANHUME,INE323C01030,INDIAN HUME PIPE COMPANY LIMITED,973,1,1995-08-30,True,nse_symbols_consolidated.csv,2026-08-15,,1.0,False
976,INDIASHLTR,INE922K01024,INDIA SHELTER FINANCE CORPORATION LIMITED,974,1,2023-12-20,True,nse_symbols_consolidated.csv,2026-08-15,,1.0,False
977,INDIGO,INE646L01027,INTERGLOBE AVIATION LIMITED,975,1,2015-11-10,True,nse_symbols_consolidated.csv,2026-08-15,,1.0,False
978,INDIGOPNTS,INE09VQ01012,INDIGO PAINTS LIMITED,976,1,2021-02-02,True,nse_symbols_consolidated.csv,2026-08-15,,1.0,False
979,INDIQUBE,INE06ST01018,INDIQUBE SPACES LIMITED,977,1,2025-07-30,True,nse_symbols_consolidated.csv,2026-08-15,,1.0,False
980,INDNIPPON,INE092B01025,INDIA NIPPON ELECTRICALS LIMITED,978,1,1997-05-07,True,nse_symbols_consolidated.csv,2026-08-15,,1.0,False
981,INDOAMIN,INE760F01028,INDO AMINES LIMITED,979,1,2022-04-29,True,nse_symbols_consolidated.csv,2026-08-15,,1.0,False
982,INDOBORAX,INE803D01021,INDO BORAX AND CHEMICALS LIMITED,980,1,2022-03-29,True,nse_symbols_consolidated.csv,2026-08-15,,1.0,False
983,INDOCO,INE873D01024,INDOCO REMEDIES LIMITED,981,1,2005-01-14,True,nse_symbols_consolidated.csv,2026-08-15,,1.0,False
984,INDOFARM,INE622H01018,INDO FARM EQUIPMENT LIMITED,982,1,2025-01-07,True,nse_symbols_consolidated.csv,2026-08-15,,1.0,False
985,INDOMIM,INE084101034,INDO-MIM LIMITED,983,1,2026-07-30,True,nse_symbols_consolidated.csv,2026-08-15,,1.0,False
986,INDORAMA,INE156A01020,INDO RAMA SYNTHETICS (INDIA) LIMITED,984,1,2003-06-20,True,nse_symbols_consolidated.csv,2026-08-15,,1.0,False
987,INDOSTAR,INE896L01010,INDOSTAR CAPITAL FINANCE LIMITED,985,1,2018-05-21,True,nse_symbols_consolidated.csv,2026-08-15,,1.0,False
988,INDOTECH,INE332H01014,INDO TECH TRANSFORMERS LIMITED,986,1,2006-03-16,True,nse_symbols_consolidated.csv,2026-08-15,,1.0,False
989,INDOTHAI,INE337M01021,INDO THAI SECURITIES LIMITED,987,1,2011-11-02,True,nse_symbols_consolidated.csv,2026-08-15,,1.0,False
990,INDOUS,INE250Z01010,INDO US BIOTECH LIMITED,988,1,2024-09-27,True,nse_symbols_consolidated.csv,2026-08-15,,1.0,False
991,INDOWIND,INE227G01018,INDOWIND ENERGY LIMITED,989,1,2007-09-14,True,nse_symbols_consolidated.csv,2026-08-15,,1.0,False
992,INDPRUD,INE620D01011,INDUSTRIAL AND PRUDENTIAL INVESTMENT COMPANY LIMITED,990,1,2026-04-20,True,nse_symbols_consolidated.csv,2026-08-15,,1.0,False
993,INDRAMEDCO,INE681B01017,INDRAPRASTHA MEDICAL CORPORATION LIMITED,991,1,1997-04-17,True,nse_symbols_consolidated.csv,2026-08-15,,1.0,False
994,INDSWFTLAB,INE915B01019,IND-SWIFT LABORATORIES LIMITED,992,1,1997-07-02,True,nse_symbols_consolidated.csv,2026-08-15,,1.0,False
995,INDTERRAIN,INE611L01021,INDIAN TERRAIN FASHIONS LIMITED,993,1,2011-03-11,True,nse_symbols_consolidated.csv,2026-08-15,,1.0,False
996,INDUSINDBK,INE095A01012,INDUSIND BANK LIMITED,994,1,1998-01-28,True,nse_symbols_consolidated.csv,2026-08-15,,1.0,False
997,INDUSTOWER,INE121J01017,INDUS TOWERS LIMITED,995,1,2012-12-28,True,nse_symbols_consolidated.csv,2026-08-15,,1.0,False
998,INFOBEAN,INE344S01016,INFOBEANS TECHNOLOGIES LIMITED,996,1,2019-07-15,True,nse_symbols_consolidated.csv,2026-08-15,,1.0,False
999,INFOMEDIA,INE669A01022,INFOMEDIA PRESS LIMITED,997,1,2006-10-12,True,nse_symbols_consolidated.csv,2026-08-15,,1.0,False
1000,INFY,INE009A01021,INFOSYS LIMITED,998,1,1995-02-08,True,nse_symbols_consolidated.csv,2026-08-15,,1.0,False
1001,INGERRAND,INE177A01018,INGERSOLL RAND (INDIA) LIMITED,999,1,1999-04-15,True,nse_symbols_consolidated.csv,2026-08-15,,1.0,False
1002,INNOVACAP,INE0DUT01020,INNOVA CAPTAB LIMITED,1000,1,2023-12-29,True,nse_symbols_consolidated.csv,2026-08-15,,1.0,False
1003,INNOVANA,INE403Y01018,INNOVANA THINKLABS LIMITED,1001,1,2024-12-17,True,nse_symbols_consolidated.csv,2026-08-15,,1.0,False
1004,INNOVISION,INE0ADB01012,INNOVISION LIMITED,1002,1,2026-03-23,True,nse_symbols_consolidated.csv,2026-08-15,,1.0,False
1005,INOXGREEN,INE510W01014,INOX GREEN ENERGY SERVICES LIMITED,1003,1,2022-11-23,True,nse_symbols_consolidated.csv,2026-08-15,,1.0,False
1006,INOXINDIA,INE616N01034,INOX INDIA LIMITED,1004,1,2023-12-21,True,nse_symbols_consolidated.csv,2026-08-15,,1.0,False
1007,INOXWIND,INE066P01011,INOX WIND LIMITED,1005,1,2015-04-09,True,nse_symbols_consolidated.csv,2026-08-15,,1.0,False
1008,INSECTICID,INE070I01018,INSECTICIDES (INDIA) LIMITED,1006,1,2007-05-30,True,nse_symbols_consolidated.csv,2026-08-15,,1.0,False
1009,INSPIRISYS,INE020G01017,INSPIRISYS SOLUTIONS LIMITED,1007,1,2006-10-30,True,nse_symbols_consolidated.csv,2026-08-15,,1.0,False
1010,INTELLECT,INE306R01017,INTELLECT DESIGN ARENA LIMITED,1008,1,2014-12-18,True,nse_symbols_consolidated.csv,2026-08-15,,1.0,False
1011,INTENTECH,INE781A01025,INTENSE TECHNOLOGIES LIMITED,1009,1,2017-03-23,True,nse_symbols_consolidated.csv,2026-08-15,,1.0,False
1012,INTERARCH,INE00M901018,INTERARCH BUILDING SOLUTIONS LIMITED,1010,1,2024-08-26,True,nse_symbols_consolidated.csv,2026-08-15,,1.0,False
1013,INTLCONV,INE575C01027,INTERNATIONAL CONVEYORS LIMITED,1011,1,2021-09-16,True,nse_symbols_consolidated.csv,2026-08-15,,1.0,False
1014,INVENTURE,INE878H01024,INVENTURE GROWTH AND SECURITIES LIMITED,1012,1,2011-08-04,True,nse_symbols_consolidated.csv,2026-08-15,,1.0,False
1015,INVPRECQ,INE155E01016,INVESTMENT AND PRECISION CASTINGS LIMITED,1013,1,2026-04-20,True,nse_symbols_consolidated.csv,2026-08-15,,1.0,False
1016,IOB,INE565A01014,INDIAN OVERSEAS BANK,1014,1,2000-12-07,True,nse_symbols_consolidated.csv,2026-08-15,,1.0,False
1017,IOC,INE242A01010,INDIAN OIL CORPORATION LIMITED,1015,1,1996-07-24,True,nse_symbols_consolidated.csv,2026-08-15,,1.0,False
1018,IOLCP,INE485C01029,IOL CHEMICALS AND PHARMACEUTICALS LIMITED,1016,1,2010-11-08,True,nse_symbols_consolidated.csv,2026-08-15,,1.0,False
1019,IONEXCHANG,INE570A01022,ION EXCHANGE (INDIA) LIMITED,1017,1,2022-02-22,True,nse_symbols_consolidated.csv,2026-08-15,,1.0,False
1020,IPCALAB,INE571A01038,IPCA LABORATORIES LIMITED,1018,1,1995-02-08,True,nse_symbols_consolidated.csv,2026-08-15,,1.0,False
1021,IPL,INE0D6701023,INDIA PESTICIDES LIMITED,1019,1,2021-07-05,True,nse_symbols_consolidated.csv,2026-08-15,,1.0,False
1022,IRB,INE821I01022,IRB INFRASTRUCTURE DEVELOPERS LIMITED,1020,1,2008-02-25,True,nse_symbols_consolidated.csv,2026-08-15,,1.0,False
1023,IRCON,INE962Y01021,IRCON INTERNATIONAL LIMITED,1021,1,2018-09-28,True,nse_symbols_consolidated.csv,2026-08-15,,1.0,False
1024,IRCTC,INE335Y01020,INDIAN RAILWAY CATERING AND TOURISM CORPORATION LIMITED,1022,1,2019-10-14,True,nse_symbols_consolidated.csv,2026-08-15,,1.0,False
1025,IREDA,INE202E01016,INDIAN RENEWABLE ENERGY DEVELOPMENT AGENCY LIMITED,1023,1,2023-11-29,True,nse_symbols_consolidated.csv,2026-08-15,,1.0,False
1026,IRFC,INE053F01010,INDIAN RAILWAY FINANCE CORPORATION LIMITED,1024,1,2021-01-29,True,nse_symbols_consolidated.csv,2026-08-15,,1.0,False
1027,IRIS,INE864K01010,IRIS REGTECH SOLUTIONS LIMITED,1025,1,2021-11-08,True,nse_symbols_consolidated.csv,2026-08-15,,1.0,False
1028,IRISDOREME,INE01GN01025,IRIS CLOTHINGS LIMITED,1026,1,2021-02-22,True,nse_symbols_consolidated.csv,2026-08-15,,1.0,False
1029,IRMENERGY,INE07U701015,IRM ENERGY LIMITED,1027,1,2023-10-26,True,nse_symbols_consolidated.csv,2026-08-15,,1.0,False
1030,ISFT,INE566K01011,INTRASOFT TECHNOLOGIES LIMITED,1028,1,2010-04-12,True,nse_symbols_consolidated.csv,2026-08-15,,1.0,False
1031,ISGEC,INE858B01029,ISGEC HEAVY ENGINEERING LIMITED,1029,1,2021-05-05,True,nse_symbols_consolidated.csv,2026-08-15,,1.0,False
1032,ISHANCH,INE561M01018,ISHAN DYES AND CHEMICALS LIMITED,1030,1,2025-03-24,True,nse_symbols_consolidated.csv,2026-08-15,,1.0,False
1033,ITC,INE154A01025,ITC LIMITED,1031,1,1995-08-23,True,nse_symbols_consolidated.csv,2026-08-15,,1.0,False
1034,ITCHOTELS,INE379A01028,ITC HOTELS LIMITED,1032,1,2025-01-29,True,nse_symbols_consolidated.csv,2026-08-15,,1.0,False
1035,ITDC,INE353K01014,INDIA TOURISM DEVELOPMENT CORPORATION LIMITED,1033,1,2016-12-30,True,nse_symbols_consolidated.csv,2026-08-15,,1.0,False
1036,ITI,INE248A01017,ITI LIMITED,1034,1,2003-09-15,True,nse_symbols_consolidated.csv,2026-08-15,,1.0,False
1037,IVALUE,INE056801025,IVALUE INFOSOLUTIONS LIMITED,1035,1,2025-09-25,True,nse_symbols_consolidated.csv,2026-08-15,,1.0,False
1038,IVC,INE050B01023,ILANDFS INVESTMENT MANAGERS LIMITED,1036,1,1999-09-15,True,nse_symbols_consolidated.csv,2026-08-15,,1.0,False
1039,IVP,INE043C01018,IVP LIMITED,1037,1,1995-09-13,True,nse_symbols_consolidated.csv,2026-08-15,,1.0,False
1040,IWP,INE586E01020,THE INDIAN WOOD PRODUCTS COMPANY LIMITED,1038,1,2026-04-20,True,nse_symbols_consolidated.csv,2026-08-15,,1.0,False
1041,IXIGO,INE0HV901016,LE TRAVENUES TECHNOLOGY LIMITED,1039,1,2024-06-18,True,nse_symbols_consolidated.csv,2026-08-15,,1.0,False
1042,IZMO,INE848A01014,IZMO LIMITED,1040,1,2007-02-05,True,nse_symbols_consolidated.csv,2026-08-15,,1.0,False
1043,J&KBANK,INE168A01041,THE JAMMU AND KASHMIR BANK LIMITED,1041,1,1998-07-22,True,nse_symbols_consolidated.csv,2026-08-15,,1.0,False
1044,JAGRAN,INE199G01027,JAGRAN PRAKASHAN LIMITED,1042,1,2006-02-22,True,nse_symbols_consolidated.csv,2026-08-15,,1.0,False
1045,JAGSNPHARM,INE048B01035,JAGSONPAL PHARMACEUTICALS LIMITED,1043,1,2000-03-01,True,nse_symbols_consolidated.csv,2026-08-15,,1.0,False
1046,JAIBALAJI,INE091G01026,JAI BALAJI INDUSTRIES LIMITED,1044,1,2003-12-09,True,nse_symbols_consolidated.csv,2026-08-15,,1.0,False
1047,JAICORPLTD,INE070D01027,JAI CORPORATION LIMITED,1045,1,1997-11-26,True,nse_symbols_consolidated.csv,2026-08-15,,1.0,False
1048,JAINREC,INE0YD401026,JAIN RESOURCE RECYCLING LIMITED,1046,1,2025-10-01,True,nse_symbols_consolidated.csv,2026-08-15,,1.0,False
1049,JAIPURKURT,INE696V01013,NANDANI CREATION LIMITED,1047,1,2021-09-02,True,nse_symbols_consolidated.csv,2026-08-15,,1.0,False
1050,JAMNAAUTO,INE039C01032,JAMNA AUTO INDUSTRIES LIMITED,1048,1,2010-12-10,True,nse_symbols_consolidated.csv,2026-08-15,,1.0,False
1051,JARO,INE00YJ01010,JARO INSTITUTE OF TECHNOLOGY MANAGEMENT AND RESEARCH LIMITED,1049,1,2025-09-30,True,nse_symbols_consolidated.csv,2026-08-15,,1.0,False
1052,JASH,INE039O01029,JASH ENGINEERING LIMITED,1050,1,2019-10-30,True,nse_symbols_consolidated.csv,2026-08-15,,1.0,False
1053,JAYAGROGN,INE785A01026,JAYANT AGRO ORGANICS LIMITED,1051,1,1996-04-17,True,nse_symbols_consolidated.csv,2026-08-15,,1.0,False
1054,JAYBARMARU,INE571B01036,JAY BHARAT MARUTI LIMITED,1052,1,1996-01-03,True,nse_symbols_consolidated.csv,2026-08-15,,1.0,False
1055,JAYKAY,INE903A01025,JAYKAY ENTERPRISES LIMITED,1053,1,2025-12-03,True,nse_symbols_consolidated.csv,2026-08-15,,1.0,False
1056,JAYNECOIND,INE854B01010,JAYASWAL NECO INDUSTRIES LIMITED,1054,1,1995-05-10,True,nse_symbols_consolidated.csv,2026-08-15,,1.0,False
1057,JAYSREETEA,INE364A01020,JAYSHREE TEA AND INDUSTRIES LIMITED,1055,1,1995-02-15,True,nse_symbols_consolidated.csv,2026-08-15,,1.0,False
1058,JBMA,INE927D01051,JBM AUTO LIMITED,1056,1,2004-12-17,True,nse_symbols_consolidated.csv,2026-08-15,,1.0,False
1059,JETFREIGHT,INE982V01025,JET FREIGHT LOGISTICS LIMITED,1057,1,2021-12-21,True,nse_symbols_consolidated.csv,2026-08-15,,1.0,False
1060,JGCHEM,INE0MB501011,J.G.CHEMICALS LIMITED,1058,1,2024-03-13,True,nse_symbols_consolidated.csv,2026-08-15,,1.0,False
1061,JHS,INE544H01014,JHS SVENDGAARD LABORATORIES LIMITED,1059,1,2006-10-21,True,nse_symbols_consolidated.csv,2026-08-15,,1.0,False
1062,JINDALPHOT,INE796G01012,JINDAL PHOTO LIMITED,1060,1,2005-04-07,True,nse_symbols_consolidated.csv,2026-08-15,,1.0,False
1063,JINDALPOLY,INE197D01010,JINDAL POLY FILMS LIMITED,1061,1,2002-01-21,True,nse_symbols_consolidated.csv,2026-08-15,,1.0,False
1064,JINDALSAW,INE324A01032,JINDAL SAW LIMITED,1062,1,2003-04-29,True,nse_symbols_consolidated.csv,2026-08-15,,1.0,False
1065,JINDALSTEL,INE749A01030,JINDAL STEEL LIMITED,1063,1,1999-12-29,True,nse_symbols_consolidated.csv,2026-08-15,,1.0,False
1066,JINDRILL,INE742C01031,JINDAL DRILLING AND INDUSTRIES LIMITED,1064,1,2006-12-22,True,nse_symbols_consolidated.csv,2026-08-15,,1.0,False
1067,JINDWORLD,INE247D01039,JINDAL WORLDWIDE LIMITED,1065,1,2010-11-25,True,nse_symbols_consolidated.csv,2026-08-15,,1.0,False
1068,JIOFIN,INE758E01017,JIO FINANCIAL SERVICES LIMITED,1066,1,2023-08-21,True,nse_symbols_consolidated.csv,2026-08-15,,1.0,False
1069,JISLDVREQS,IN9175A01010,JAIN IRRIGATION SYSTEMS LIMITED,1067,1,2011-11-30,True,nse_symbols_consolidated.csv,2026-08-15,,1.0,False
1070,JISLJALEQS,INE175A01038,JAIN IRRIGATION SYSTEMS LIMITED,1067,1,2001-08-13,True,nse_symbols_consolidated.csv,2026-08-15,,1.0,False
1071,JITFINFRA,INE863T01013,JITF INFRALOGISTICS LIMITED,1068,1,2017-02-27,True,nse_symbols_consolidated.csv,2026-08-15,,1.0,False
1072,JKCEMENT,INE823G01014,JK CEMENT LIMITED,1069,1,2006-03-14,True,nse_symbols_consolidated.csv,2026-08-15,,1.0,False
1073,JKIL,INE576I01022,J.KUMAR INFRAPROJECTS LIMITED,1070,1,2008-02-12,True,nse_symbols_consolidated.csv,2026-08-15,,1.0,False
1074,JKIPL,INE1FF001016,JINKUSHAL INDUSTRIES LIMITED,1071,1,2025-10-03,True,nse_symbols_consolidated.csv,2026-08-15,,1.0,False
1075,JKLAKSHMI,INE786A01032,JK LAKSHMI CEMENT LIMITED,1072,1,2006-06-19,True,nse_symbols_consolidated.csv,2026-08-15,,1.0,False
1076,JKPAPER,INE789E01012,JK PAPER LIMITED,1073,1,2005-06-16,True,nse_symbols_consolidated.csv,2026-08-15,,1.0,False
1077,JKTYRE,INE573A01042,JK TYRE AND INDUSTRIES LIMITED,1074,1,2007-03-19,True,nse_symbols_consolidated.csv,2026-08-15,,1.0,False
1078,JLHL,INE682M01020,JUPITER LIFE LINE HOSPITALS LIMITED,1075,1,2023-09-18,True,nse_symbols_consolidated.csv,2026-08-15,,1.0,False
1079,JMA,INE412C01023,JULLUNDUR MOTOR AGENCY (DELHI) LIMITED,1076,1,2015-03-16,True,nse_symbols_consolidated.csv,2026-08-15,,1.0,False
1080,JMFINANCIL,INE780C01023,JM FINANCIAL LIMITED,1077,1,2006-10-10,True,nse_symbols_consolidated.csv,2026-08-15,,1.0,False
1081,JNKINDIA,INE0OAF01028,JNK INDIA LIMITED,1078,1,2024-04-30,True,nse_symbols_consolidated.csv,2026-08-15,,1.0,False
1082,JNPR,INE05C901015,JUNIPER GREEN ENERGY LIMITED,1079,1,2026-08-06,True,nse_symbols_consolidated.csv,2026-08-15,,1.0,False
1083,JOCIL,INE839G01010,JOCIL LIMITED,1080,1,2008-10-08,True,nse_symbols_consolidated.csv,2026-08-15,,1.0,False
1084,JPOLYINVST,INE147P01019,JINDAL POLY INVESTMENT AND FINANCE COMPANY LIMITED,1081,1,2013-11-11,True,nse_symbols_consolidated.csv,2026-08-15,,1.0,False
1085,JPPOWER,INE351F01018,JAIPRAKASH POWER VENTURES LIMITED,1082,1,2005-04-18,True,nse_symbols_consolidated.csv,2026-08-15,,1.0,False
1086,JSFB,INE953L01027,JANA SMALL FINANCE BANK LIMITED,1083,1,2024-02-14,True,nse_symbols_consolidated.csv,2026-08-15,,1.0,False
1087,JSL,INE220G01021,JINDAL STAINLESS LIMITED,1084,1,2003-11-17,True,nse_symbols_consolidated.csv,2026-08-15,,1.0,False
1088,JSLL,INE0J5801029,JEENA SIKHO LIFECARE LIMITED,1085,1,2025-08-11,True,nse_symbols_consolidated.csv,2026-08-15,,1.0,False
1089,JSWCEMENT,INE718I01012,JSW CEMENT LIMITED,1086,1,2025-08-14,True,nse_symbols_consolidated.csv,2026-08-15,,1.0,False
1090,JSWDULUX,INE133A01011,JSW DULUX LIMITED,1087,1,2001-06-28,True,nse_symbols_consolidated.csv,2026-08-15,,1.0,False
1091,JSWENERGY,INE121E01018,JSW ENERGY LIMITED,1088,1,2010-01-04,True,nse_symbols_consolidated.csv,2026-08-15,,1.0,False
1092,JSWHL,INE824G01012,JSW HOLDINGS LIMITED,1089,1,2005-06-21,True,nse_symbols_consolidated.csv,2026-08-15,,1.0,False
1093,JSWINFRA,INE880J01026,JSW INFRASTRUCTURE LIMITED,1090,1,2023-10-03,True,nse_symbols_consolidated.csv,2026-08-15,,1.0,False
1094,JSWSTEEL,INE019A01038,JSW STEEL LIMITED,1091,1,2005-03-23,True,nse_symbols_consolidated.csv,2026-08-15,,1.0,False
1095,JTEKTINDIA,INE643A01035,JTEKT INDIA LIMITED,1092,1,2004-01-12,True,nse_symbols_consolidated.csv,2026-08-15,,1.0,False
1096,JTLIND,INE391J01032,JTL INDUSTRIES LIMITED,1093,1,2023-06-12,True,nse_symbols_consolidated.csv,2026-08-15,,1.0,False
1097,JUBLCPL,INE03CC01015,JUBILANT AGRI AND CONSUMER PRODUCTS LIMITED,1094,1,2025-02-14,True,nse_symbols_consolidated.csv,2026-08-15,,1.0,False
1098,JUBLFOOD,INE797F01020,JUBILANT FOODWORKS LIMITED,1095,1,2010-02-08,True,nse_symbols_consolidated.csv,2026-08-15,,1.0,False
1099,JUBLINGREA,INE0BY001018,JUBILANT INGREVIA LIMITED,1096,1,2021-03-19,True,nse_symbols_consolidated.csv,2026-08-15,,1.0,False
1100,JUBLPHARMA,INE700A01033,JUBILANT PHARMOVA LIMITED,1097,1,2003-06-16,True,nse_symbols_consolidated.csv,2026-08-15,,1.0,False
1101,JUNIPER,INE696F01016,JUNIPER HOTELS LIMITED,1098,1,2024-02-28,True,nse_symbols_consolidated.csv,2026-08-15,,1.0,False
1102,JUSTDIAL,INE599M01018,JUST DIAL LIMITED,1099,1,2013-06-05,True,nse_symbols_consolidated.csv,2026-08-15,,1.0,False
1103,JWL,INE209L01016,JUPITER WAGONS LIMITED,1100,1,2010-10-18,True,nse_symbols_consolidated.csv,2026-08-15,,1.0,False
1104,JYOTHYLAB,INE668F01031,JYOTHY LABS LIMITED,1101,1,2007-12-19,True,nse_symbols_consolidated.csv,2026-08-15,,1.0,False
1105,JYOTICNC,INE980O01024,JYOTI CNC AUTOMATION LIMITED,1102,1,2024-01-16,True,nse_symbols_consolidated.csv,2026-08-15,,1.0,False
1106,JYOTISTRUC,INE197A01024,JYOTI STRUCTURES LIMITED,1103,1,1995-07-19,True,nse_symbols_consolidated.csv,2026-08-15,,1.0,False
1107,KABRAEXTRU,INE900B01029,KABRA EXTRUSION TECHNIK LIMITED,1104,1,1995-09-06,True,nse_symbols_consolidated.csv,2026-08-15,,1.0,False
1108,KAJARIACER,INE217B01036,KAJARIA CERAMICS LIMITED,1105,1,2004-06-01,True,nse_symbols_consolidated.csv,2026-08-15,,1.0,False
1109,KAKATCEM,INE437B01014,KAKATIYA CEMENT SUGAR AND INDUSTRIES LIMITED,1106,1,1995-12-13,True,nse_symbols_consolidated.csv,2026-08-15,,1.0,False
1110,KALAMANDIR,INE438K01021,SAI SILKS (KALAMANDIR) LIMITED,1107,1,2023-09-27,True,nse_symbols_consolidated.csv,2026-08-15,,1.0,False
1111,KALPATARU,INE227J01012,KALPATARU LIMITED,1108,1,2025-07-01,True,nse_symbols_consolidated.csv,2026-08-15,,1.0,False
1112,KALYANI,INE610E01010,KALYANI COMMERCIALS LIMITED,1109,1,2017-02-13,True,nse_symbols_consolidated.csv,2026-08-15,,1.0,False
1113,KALYANIFRG,INE314G01014,KALYANI FORGE LIMITED,1110,1,2007-12-20,True,nse_symbols_consolidated.csv,2026-08-15,,1.0,False
1114,KALYANKJIL,INE303R01014,KALYAN JEWELLERS INDIA LIMITED,1111,1,2021-03-26,True,nse_symbols_consolidated.csv,2026-08-15,,1.0,False
1115,KAMAHOLD,INE411F01010,KAMA HOLDINGS LIMITED,1112,1,2026-04-20,True,nse_symbols_consolidated.csv,2026-08-15,,1.0,False
1116,KAMATHOTEL,INE967C01018,KAMAT HOTELS (I) LIMITED,1113,1,1996-05-29,True,nse_symbols_consolidated.csv,2026-08-15,,1.0,False
1117,KAMDHENU,INE390H01020,KAMDHENU LIMITED,1114,1,2006-05-09,True,nse_symbols_consolidated.csv,2026-08-15,,1.0,False
1118,KAMOPAINTS,INE0BTI01037,KAMDHENU VENTURES LIMITED,1115,1,2023-01-24,True,nse_symbols_consolidated.csv,2026-08-15,,1.0,False
1119,KANANIIND,INE879E01037,KANANI INDUSTRIES LIMITED,1116,1,2011-12-14,True,nse_symbols_consolidated.csv,2026-08-15,,1.0,False
1120,KANCHI,INE081G01019,KANCHI KARPOORAM LIMITED,1117,1,2026-04-20,True,nse_symbols_consolidated.csv,2026-08-15,,1.0,False
1121,KANORICHEM,INE138C01024,KANORIA CHEMICALS AND INDUSTRIES LIMITED,1118,1,1995-02-08,True,nse_symbols_consolidated.csv,2026-08-15,,1.0,False
1122,KANPRPLA,INE694E01014,KANPUR PLASTIPACK LIMITED,1119,1,2021-01-01,True,nse_symbols_consolidated.csv,2026-08-15,,1.0,False
1123,KANSAINER,INE531A01024,KANSAI NEROLAC PAINTS LIMITED,1120,1,2003-09-15,True,nse_symbols_consolidated.csv,2026-08-15,,1.0,False
1124,KAPSTON,INE542Z01028,KAPSTON SERVICES LIMITED,1121,1,2020-05-27,True,nse_symbols_consolidated.csv,2026-08-15,,1.0,False
1125,KARMAENG,INE725L01011,KARMA ENERGY LIMITED,1122,1,2011-06-28,True,nse_symbols_consolidated.csv,2026-08-15,,1.0,False
1126,KARURVYSYA,INE036D01028,KARUR VYSYA BANK LIMITED,1123,1,2000-07-26,True,nse_symbols_consolidated.csv,2026-08-15,,1.0,False
1127,KAUSHALYA,INE234I01028,KAUSHALYA INFRASTRUCTURE DEVELOPMENT CORPORATION LIMITED,1124,1,2007-12-14,True,nse_symbols_consolidated.csv,2026-08-15,,1.0,False
1128,KAVDEFENCE,INE641C01019,KAVVERI DEFENCE AND WIRELESS TECHNOLOGIES LIMITED,1125,1,2008-01-29,True,nse_symbols_consolidated.csv,2026-08-15,,1.0,False
1129,KAYA,INE587G01015,KAYA LIMITED,1126,1,2015-08-14,True,nse_symbols_consolidated.csv,2026-08-15,,1.0,False
1130,KAYNES,INE918Z01012,KAYNES TECHNOLOGY INDIA LIMITED,1127,1,2022-11-22,True,nse_symbols_consolidated.csv,2026-08-15,,1.0,False
1131,KCP,INE805C01028,KCP LIMITED,1128,1,1997-04-09,True,nse_symbols_consolidated.csv,2026-08-15,,1.0,False
1132,KCPSUGIND,INE790B01024,KCP SUGAR AND INDUSTRIES CORPORATION LIMITED,1129,1,1997-06-11,True,nse_symbols_consolidated.csv,2026-08-15,,1.0,False
1133,KDDL,INE291D01011,KDDL LIMITED,1130,1,2016-03-23,True,nse_symbols_consolidated.csv,2026-08-15,,1.0,False
1134,KEC,INE389H01022,KEC INTERNATIONAL LIMITED,1131,1,2006-03-10,True,nse_symbols_consolidated.csv,2026-08-15,,1.0,False
1135,KECL,INE134B01017,KIRLOSKAR ELECTRIC COMPANY LIMITED,1132,1,2010-03-09,True,nse_symbols_consolidated.csv,2026-08-15,,1.0,False
1136,KEEPLEARN,INE055C01020,DSJ KEEP LEARNING LIMITED,1133,1,1995-03-01,True,nse_symbols_consolidated.csv,2026-08-15,,1.0,False
1137,KEI,INE878B01027,KEI INDUSTRIES LIMITED,1134,1,2006-03-23,True,nse_symbols_consolidated.csv,2026-08-15,,1.0,False
1138,KELLTONTEC,INE164B01030,KELLTON TECH SOLUTIONS LIMITED,1135,1,2016-03-02,True,nse_symbols_consolidated.csv,2026-08-15,,1.0,False
1139,KENNAMET,INE717A01029,KENNAMETAL INDIA LIMITED,1136,1,2026-04-20,True,nse_symbols_consolidated.csv,2026-08-15,,1.0,False
1140,KERNEX,INE202H01019,KERNEX MICROSYSTEMS (INDIA) LIMITED,1137,1,2005-12-20,True,nse_symbols_consolidated.csv,2026-08-15,,1.0,False
1141,KESORAMIND,INE087A01019,KESORAM INDUSTRIES LIMITED,1138,1,1995-09-06,True,nse_symbols_consolidated.csv,2026-08-15,,1.0,False
1142,KEYFINSERV,INE681C01015,KEYNOTE FINANCIAL SERVICES LIMITED,1139,1,1996-06-26,True,nse_symbols_consolidated.csv,2026-08-15,,1.0,False
1143,KFINTECH,INE138Y01010,KFIN TECHNOLOGIES LIMITED,1140,1,2022-12-29,True,nse_symbols_consolidated.csv,2026-08-15,,1.0,False
1144,KHADIM,INE834I01025,KHADIM INDIA LIMITED,1141,1,2017-11-14,True,nse_symbols_consolidated.csv,2026-08-15,,1.0,False
1145,KHAICHEM,INE745B01028,KHAITAN CHEMICALS AND FERTILIZERS LIMITED,1142,1,2020-10-30,True,nse_symbols_consolidated.csv,2026-08-15,,1.0,False
1146,KHAITANLTD,INE731C01018,KHAITAN (INDIA) LIMITED,1143,1,1995-12-20,True,nse_symbols_consolidated.csv,2026-08-15,,1.0,False
1147,KHANDSE,INE060B01014,KHANDWALA SECURITIES LIMITED,1144,1,2001-02-07,True,nse_symbols_consolidated.csv,2026-08-15,,1.0,False
1148,KICL,INE029L01018,KALYANI INVESTMENT COMPANY LIMITED,1145,1,2011-01-14,True,nse_symbols_consolidated.csv,2026-08-15,,1.0,False
1149,KILITCH,INE729D01010,KILITCH DRUGS (INDIA) LIMITED,1146,1,2010-09-29,True,nse_symbols_consolidated.csv,2026-08-15,,1.0,False
1150,KIMS,INE967H01025,KRISHNA INSTITUTE OF MEDICAL SCIENCES LIMITED,1147,1,2021-06-28,True,nse_symbols_consolidated.csv,2026-08-15,,1.0,False
1151,KINGFA,INE473D01015,KINGFA SCIENCE AND TECHNOLOGY (INDIA) LIMITED,1148,1,2016-11-15,True,nse_symbols_consolidated.csv,2026-08-15,,1.0,False
1152,KIOCL,INE880L01014,KIOCL LIMITED,1149,1,2016-11-29,True,nse_symbols_consolidated.csv,2026-08-15,,1.0,False
1153,KIRANVYPAR,INE555P01013,KIRAN VYAPAR LIMITED,1150,1,2026-04-20,True,nse_symbols_consolidated.csv,2026-08-15,,1.0,False
1154,KIRIINDUS,INE415I01015,KIRI INDUSTRIES LIMITED,1151,1,2008-04-22,True,nse_symbols_consolidated.csv,2026-08-15,,1.0,False
1155,KIRLFER,INE884B01025,KIRLOSKAR FERROUS INDUSTRIES LIMITED,1152,1,2026-04-20,True,nse_symbols_consolidated.csv,2026-08-15,,1.0,False
1156,KIRLOSBROS,INE732A01036,KIRLOSKAR BROTHERS LIMITED,1153,1,2010-04-20,True,nse_symbols_consolidated.csv,2026-08-15,,1.0,False
1157,KIRLOSENG,INE146L01010,KIRLOSKAR OIL ENGINES LIMITED,1154,1,2010-12-24,True,nse_symbols_consolidated.csv,2026-08-15,,1.0,False
1158,KIRLOSIND,INE250A01039,KIRLOSKAR INDUSTRIES LIMITED,1155,1,2010-06-24,True,nse_symbols_consolidated.csv,2026-08-15,,1.0,False
1159,KIRLPNU,INE811A01020,KIRLOSKAR PNEUMATIC COMPANY LIMITED,1156,1,2023-04-26,True,nse_symbols_consolidated.csv,2026-08-15,,1.0,False
1160,KISSHT,INE12F801023,ONEMI TECHNOLOGY SOLUTIONS LIMITED,1157,1,2026-05-08,True,nse_symbols_consolidated.csv,2026-08-15,,1.0,False
1161,KITEX,INE602G01020,KITEX GARMENTS LIMITED,1158,1,2012-09-25,True,nse_symbols_consolidated.csv,2026-08-15,,1.0,False
1162,KKCL,INE401H01017,KEWAL KIRAN CLOTHING LIMITED,1159,1,2006-04-13,True,nse_symbols_consolidated.csv,2026-08-15,,1.0,False
1163,KLBRENG-B,INE338F01015,KILBURN ENGINEERING LIMITED,1160,1,2026-04-20,True,nse_symbols_consolidated.csv,2026-08-15,,1.0,False
1164,KMEW,INE0CJD01029,KNOWLEDGE MARINE AND ENGINEERING WORKS LIMITED,1161,1,2024-11-14,True,nse_symbols_consolidated.csv,2026-08-15,,1.0,False
1165,KMSUGAR,INE157H01023,K.M.SUGAR MILLS LIMITED,1162,1,2007-05-31,True,nse_symbols_consolidated.csv,2026-08-15,,1.0,False
1166,KNACK,INE17QZ01016,KNACK PACKAGING LIMITED,1163,1,2026-07-08,True,nse_symbols_consolidated.csv,2026-08-15,,1.0,False
1167,KNAGRI,INE0KNW01016,KN AGRI RESOURCES LIMITED,1164,1,2025-12-09,True,nse_symbols_consolidated.csv,2026-08-15,,1.0,False
1168,KNRCON,INE634I01029,KNR CONSTRUCTIONS LIMITED,1165,1,2008-02-18,True,nse_symbols_consolidated.csv,2026-08-15,,1.0,False
1169,KOHINOOR,INE080B01012,KOHINOOR FOODS LIMITED,1166,1,1999-10-20,True,nse_symbols_consolidated.csv,2026-08-15,,1.0,False
1170,KOKUYOCMLN,INE760A01029,KOKUYO CAMLIN LIMITED,1167,1,2008-07-28,True,nse_symbols_consolidated.csv,2026-08-15,,1.0,False
1171,KOLTEPATIL,INE094I01018,KOLTE - PATIL DEVELOPERS LIMITED,1168,1,2007-12-13,True,nse_symbols_consolidated.csv,2026-08-15,,1.0,False
1172,KOPRAN,INE082A01010,KOPRAN LIMITED,1169,1,1999-06-09,True,nse_symbols_consolidated.csv,2026-08-15,,1.0,False
1173,KOTAKBANK,INE237A01036,KOTAK MAHINDRA BANK LIMITED,1170,1,1995-12-20,True,nse_symbols_consolidated.csv,2026-08-15,,1.0,False
1174,KOTARISUG,INE419A01022,KOTHARI SUGARS AND CHEMICALS LIMITED,1171,1,2004-12-13,True,nse_symbols_consolidated.csv,2026-08-15,,1.0,False
1175,KOTHARIPET,INE720A01015,KOTHARI PETROCHEMICALS LIMITED,1172,1,1996-11-02,True,nse_symbols_consolidated.csv,2026-08-15,,1.0,False
1176,KOTHARIPRO,INE823A01017,KOTHARI PRODUCTS LIMITED,1173,1,1998-06-03,True,nse_symbols_consolidated.csv,2026-08-15,,1.0,False
1177,KOTIC,INE972A01020,KOTHARI INDUSTRIAL CORPORATION LIMITED,1174,1,2026-04-20,True,nse_symbols_consolidated.csv,2026-08-15,,1.0,False
1178,KOTYARK,INE0J0B01017,KOTYARK INDUSTRIES LIMITED,1175,1,2026-03-12,True,nse_symbols_consolidated.csv,2026-08-15,,1.0,False
1179,KOVAI,INE177F01017,KOVAI MEDICAL CENTER AND HOSPITAL LIMITED,1176,1,2026-04-20,True,nse_symbols_consolidated.csv,2026-08-15,,1.0,False
1180,KPEL,INE127T01021,K.P. ENERGY LIMITED,1177,1,2024-11-14,True,nse_symbols_consolidated.csv,2026-08-15,,1.0,False
1181,KPIGREEN,INE542W01025,KPI GREEN ENERGY LIMITED,1178,1,2021-07-27,True,nse_symbols_consolidated.csv,2026-08-15,,1.0,False
1182,KPIL,INE220B01022,KALPATARU PROJECTS INTERNATIONAL LIMITED,1179,1,2000-12-15,True,nse_symbols_consolidated.csv,2026-08-15,,1.0,False
1183,KPITTECH,INE04I401011,KPIT TECHNOLOGIES LIMITED,1180,1,2019-04-22,True,nse_symbols_consolidated.csv,2026-08-15,,1.0,False
1184,KPL,INE552U01010,KWALITY PHARMACEUTICALS LIMITED,1181,1,2026-04-20,True,nse_symbols_consolidated.csv,2026-08-15,,1.0,False
1185,KPRMILL,INE930H01031,K.P.R. MILL LIMITED,1182,1,2007-08-28,True,nse_symbols_consolidated.csv,2026-08-15,,1.0,False
1186,KRBL,INE001B01026,KRBL LIMITED,1183,1,2002-01-21,True,nse_symbols_consolidated.csv,2026-08-15,,1.0,False
1187,KREBSBIO,INE268B01013,KREBS BIOCHEMICALS AND INDUSTRIES LIMITED,1184,1,1996-01-03,True,nse_symbols_consolidated.csv,2026-08-15,,1.0,False
1188,KRIDHANINF,INE524L01026,KRIDHAN INFRA LIMITED,1185,1,2015-12-11,True,nse_symbols_consolidated.csv,2026-08-15,,1.0,False
1189,KRISHANA,INE506W01020,KRISHANA PHOSCHEM LIMITED,1186,1,2019-08-22,True,nse_symbols_consolidated.csv,2026-08-15,,1.0,False
1190,KRISHIVAL,INE0GGO01015,KRISHIVAL FOODS LIMITED,1187,1,2025-06-20,True,nse_symbols_consolidated.csv,2026-08-15,,1.0,False
1191,KRISHNADEF,INE0J5601015,KRISHNA DEFENCE AND ALLIED INDUSTRIES LIMITED,1188,1,2025-12-30,True,nse_symbols_consolidated.csv,2026-08-15,,1.0,False
1192,KRITI,INE479D01038,KRITI INDUSTRIES (INDIA) LIMITED,1189,1,2021-11-01,True,nse_symbols_consolidated.csv,2026-08-15,,1.0,False
1193,KRITIKA,INE00Z501029,KRITIKA WIRES LIMITED,1190,1,2022-05-04,True,nse_symbols_consolidated.csv,2026-08-15,,1.0,False
1194,KRITINUT,INE798K01010,KRITI NUTRIENTS LIMITED,1191,1,2022-10-07,True,nse_symbols_consolidated.csv,2026-08-15,,1.0,False
1195,KRN,INE0Q3J01015,KRN HEAT EXCHANGER AND REFRIGERATION LIMITED,1192,1,2024-10-03,True,nse_symbols_consolidated.csv,2026-08-15,,1.0,False
1196,KRONOX,INE0ATZ01017,KRONOX LAB SCIENCES LIMITED,1193,1,2024-06-10,True,nse_symbols_consolidated.csv,2026-08-15,,1.0,False
1197,KROSS,INE0O6601022,KROSS LIMITED,1194,1,2024-09-16,True,nse_symbols_consolidated.csv,2026-08-15,,1.0,False
1198,KRSNAA,INE08LI01020,KRSNAA DIAGNOSTICS LIMITED,1195,1,2021-08-16,True,nse_symbols_consolidated.csv,2026-08-15,,1.0,False
1199,KRYSTAL,INE0QN801017,KRYSTAL INTEGRATED SERVICES LIMITED,1196,1,2024-03-21,True,nse_symbols_consolidated.csv,2026-08-15,,1.0,False
1200,KSB,INE999A01023,KSB LIMITED,1197,1,1995-02-08,True,nse_symbols_consolidated.csv,2026-08-15,,1.0,False
1201,KSCL,INE455I01029,KAVERI SEED COMPANY LIMITED,1198,1,2007-10-04,True,nse_symbols_consolidated.csv,2026-08-15,,1.0,False
1202,KSHINTL,INE987S01020,KSH INTERNATIONAL LIMITED,1199,1,2025-12-23,True,nse_symbols_consolidated.csv,2026-08-15,,1.0,False
1203,KSHITIJPOL,INE013801027,KSHITIJ POLYLINE LIMITED,1200,1,2022-07-27,True,nse_symbols_consolidated.csv,2026-08-15,,1.0,False
1204,KSL,INE907A01026,KALYANI STEELS LIMITED,1201,1,2010-05-19,True,nse_symbols_consolidated.csv,2026-08-15,,1.0,False
1205,KSOLVES,INE0D6I01023,KSOLVES INDIA LIMITED,1202,1,2022-09-23,True,nse_symbols_consolidated.csv,2026-08-15,,1.0,False
1206,KSR,INE1SPP01016,KSR FOOTWEAR LIMITED,1203,1,2025-11-27,True,nse_symbols_consolidated.csv,2026-08-15,,1.0,False
1207,KTKBANK,INE614B01018,THE KARNATAKA BANK LIMITED,1204,1,2000-05-10,True,nse_symbols_consolidated.csv,2026-08-15,,1.0,False
1208,KUANTUM,INE529I01021,KUANTUM PAPERS LIMITED,1205,1,2019-10-23,True,nse_symbols_consolidated.csv,2026-08-15,,1.0,False
1209,KUSUMGAR,INE0ISX01025,KUSUMGAR LIMITED,1206,1,2026-07-15,True,nse_symbols_consolidated.csv,2026-08-15,,1.0,False
1210,KWIL,INE2KCE01013,KWALITY WALL'S (INDIA) LIMITED,1207,1,2026-02-16,True,nse_symbols_consolidated.csv,2026-08-15,,1.0,False
1211,LAGNAM,INE548Z01017,LAGNAM SPINTEX LIMITED,1208,1,2021-09-30,True,nse_symbols_consolidated.csv,2026-08-15,,1.0,False
1212,LAHOTIOV,INE515C01023,LAHOTI OVERSEAS LIMITED,1209,1,2026-04-20,True,nse_symbols_consolidated.csv,2026-08-15,,1.0,False
1213,LAKPRE,INE651C01018,LAKSHMI PRECISION SCREWS LIMITED,1210,1,2006-09-26,True,nse_symbols_consolidated.csv,2026-08-15,,1.0,False
1214,LAL,INE740X01023,LORENZINI APPARELS LIMITED,1211,1,2023-04-10,True,nse_symbols_consolidated.csv,2026-08-15,,1.0,False
1215,LALPATHLAB,INE600L01024,DR. LAL PATH LABS LIMITED,1212,1,2015-12-23,True,nse_symbols_consolidated.csv,2026-08-15,,1.0,False
1216,LAMBODHARA,INE112F01022,LAMBODHARA TEXTILES LIMITED,1213,1,2015-02-04,True,nse_symbols_consolidated.csv,2026-08-15,,1.0,False
1217,LANCORHOL,INE572G01025,LANCOR HOLDINGS LIMITED,1214,1,2024-03-12,True,nse_symbols_consolidated.csv,2026-08-15,,1.0,False
1218,LANDMARK,INE559R01029,LANDMARK CARS LIMITED,1215,1,2022-12-23,True,nse_symbols_consolidated.csv,2026-08-15,,1.0,False
1219,LANDSMILL,INE688J01023,LANDSMILL GREEN LIMITED,1216,1,2009-08-03,True,nse_symbols_consolidated.csv,2026-08-15,,1.0,False
1220,LAOPALA,INE059D01020,LA OPALA RG LIMITED,1217,1,2007-03-16,True,nse_symbols_consolidated.csv,2026-08-15,,1.0,False
1221,LASA,INE670X01014,LASA SUPERGENERICS LIMITED,1218,1,2017-09-21,True,nse_symbols_consolidated.csv,2026-08-15,,1.0,False
1222,LASERPOWER,INE17IR01028,LASER POWER AND INFRA LIMITED,1219,1,2026-07-16,True,nse_symbols_consolidated.csv,2026-08-15,,1.0,False
1223,LATENTVIEW,INE0I7C01011,LATENT VIEW ANALYTICS LIMITED,1220,1,2021-11-23,True,nse_symbols_consolidated.csv,2026-08-15,,1.0,False
1224,LATTEYS,INE262Z01023,LATTEYS INDUSTRIES LIMITED,1221,1,2023-05-23,True,nse_symbols_consolidated.csv,2026-08-15,,1.0,False
1225,LAURUSLABS,INE947Q01028,LAURUS LABS LIMITED,1222,1,2016-12-19,True,nse_symbols_consolidated.csv,2026-08-15,,1.0,False
1226,LAXMICOT,INE801V01019,LAXMI COTSPIN LIMITED,1223,1,2021-11-12,True,nse_symbols_consolidated.csv,2026-08-15,,1.0,False
1227,LAXMIDENTL,INE0WO601020,LAXMI DENTAL LIMITED,1224,1,2025-01-20,True,nse_symbols_consolidated.csv,2026-08-15,,1.0,False
1228,LAXMIINDIA,INE06WU01026,LAXMI INDIA FINANCE LIMITED,1225,1,2025-08-05,True,nse_symbols_consolidated.csv,2026-08-15,,1.0,False
1229,LCCINFOTEC,INE938A01021,LCC INFOTECH LIMITED,1226,1,2000-03-02,True,nse_symbols_consolidated.csv,2026-08-15,,1.0,False
1230,LCL,INE0QJW01029,LOHIA CORPORATION LIMITED,1227,1,2026-07-30,True,nse_symbols_consolidated.csv,2026-08-15,,1.0,False
1231,LEAPIND,INE00GO01025,LEAP INDIA LIMITED,1228,1,2026-08-14,True,nse_symbols_consolidated.csv,2026-08-15,,1.0,False
1232,LEMERITE,INE0G1L01025,LE MERITE EXPORTS LIMITED,1229,1,2025-12-12,True,nse_symbols_consolidated.csv,2026-08-15,,1.0,False
1233,LEMONTREE,INE970X01018,LEMON TREE HOTELS LIMITED,1230,1,2018-04-09,True,nse_symbols_consolidated.csv,2026-08-15,,1.0,False
1234,LENSKART,INE956O01016,LENSKART SOLUTIONS LIMITED,1231,1,2025-11-10,True,nse_symbols_consolidated.csv,2026-08-15,,1.0,False
1235,LEXUS,INE500X01013,LEXUS GRANITO (INDIA) LIMITED,1232,1,2023-03-13,True,nse_symbols_consolidated.csv,2026-08-15,,1.0,False
1236,LFIC,INE850E01012,LAKSHMI FINANCE AND INDUSTRIAL CORPORATION LIMITED,1233,1,2015-04-15,True,nse_symbols_consolidated.csv,2026-08-15,,1.0,False
1237,LGBBROSLTD,INE337A01034,LG BALAKRISHNAN AND BROS LIMITED,1234,1,2010-03-30,True,nse_symbols_consolidated.csv,2026-08-15,,1.0,False
1238,LGEINDIA,INE324D01010,LG ELECTRONICS INDIA LIMITED,1235,1,2025-10-14,True,nse_symbols_consolidated.csv,2026-08-15,,1.0,False
1239,LGHL,INE258Y01016,LAXMI GOLDORNA HOUSE LIMITED,1236,1,2023-11-10,True,nse_symbols_consolidated.csv,2026-08-15,,1.0,False
1240,LIBAS,INE908V01012,LIBAS CONSUMER PRODUCTS LIMITED,1237,1,2019-07-23,True,nse_symbols_consolidated.csv,2026-08-15,,1.0,False
1241,LIBERTSHOE,INE557B01019,LIBERTY SHOES LIMITED,1238,1,1995-09-27,True,nse_symbols_consolidated.csv,2026-08-15,,1.0,False
1242,LICHSGFIN,INE115A01026,LIC HOUSING FINANCE LIMITED,1239,1,1998-07-29,True,nse_symbols_consolidated.csv,2026-08-15,,1.0,False
1243,LICI,INE0J1Y01017,LIFE INSURANCE CORPORATION OF INDIA,1240,1,2022-05-17,True,nse_symbols_consolidated.csv,2026-08-15,,1.0,False
1244,LIKHITHA,INE060901027,LIKHITHA INFRASTRUCTURE LIMITED,1241,1,2020-10-15,True,nse_symbols_consolidated.csv,2026-08-15,,1.0,False
1245,LINC,INE802B01027,LINC LIMITED,1242,1,2015-03-09,True,nse_symbols_consolidated.csv,2026-08-15,,1.0,False
1246,LINCOLN,INE405C01035,LINCOLN PHARMACEUTICALS LIMITED,1243,1,2015-12-17,True,nse_symbols_consolidated.csv,2026-08-15,,1.0,False
1247,LINDEINDIA,INE473A01011,LINDE INDIA LIMITED,1244,1,1999-06-16,True,nse_symbols_consolidated.csv,2026-08-15,,1.0,False
1248,LLOYDSENGG,INE093R01011,LLOYDS ENGINEERING WORKS LIMITED,1245,1,2016-07-18,True,nse_symbols_consolidated.csv,2026-08-15,,1.0,False
1249,LLOYDSENT,INE080I01025,LLOYDS ENTERPRISES LIMITED,1246,1,2024-10-17,True,nse_symbols_consolidated.csv,2026-08-15,,1.0,False
1250,LLOYDSME,INE281B01032,LLOYDS METALS AND ENERGY LIMITED,1247,1,2023-07-17,True,nse_symbols_consolidated.csv,2026-08-15,,1.0,False
1251,LMW,INE269B01029,LMW LIMITED,1248,1,1995-03-29,True,nse_symbols_consolidated.csv,2026-08-15,,1.0,False
1252,LODHA,INE670K01029,LODHA DEVELOPERS LIMITED,1249,1,2021-04-19,True,nse_symbols_consolidated.csv,2026-08-15,,1.0,False
1253,LOKESHMACH,INE397H01017,LOKESH MACHINES LIMITED,1250,1,2006-05-05,True,nse_symbols_consolidated.csv,2026-08-15,,1.0,False
1254,LORDSCHLO,INE846D01012,LORDS CHLORO ALKALI LIMITED,1251,1,2023-08-28,True,nse_symbols_consolidated.csv,2026-08-15,,1.0,False
1255,LOTUSDEV,INE0V9Q01010,SRI LOTUS DEVELOPERS AND REALTY LIMITED,1252,1,2025-08-06,True,nse_symbols_consolidated.csv,2026-08-15,,1.0,False
1256,LOTUSEYE,INE947I01017,LOTUS EYE HOSPITAL AND INSTITUTE LIMITED,1253,1,2008-07-11,True,nse_symbols_consolidated.csv,2026-08-15,,1.0,False
1257,LOVABLE,INE597L01014,LOVABLE LINGERIE LIMITED,1254,1,2011-03-24,True,nse_symbols_consolidated.csv,2026-08-15,,1.0,False
1258,LOYALTEX,INE970D01010,LOYAL TEXTILE MILLS LIMITED,1255,1,2022-08-11,True,nse_symbols_consolidated.csv,2026-08-15,,1.0,False
1259,LPDC,INE197J01017,LANDMARK PROPERTY DEVELOPMENT COMPANY LIMITED,1256,1,2008-08-12,True,nse_symbols_consolidated.csv,2026-08-15,,1.0,False
1260,LT,INE018A01030,LARSEN AND TOUBRO LIMITED,1257,1,2004-06-23,True,nse_symbols_consolidated.csv,2026-08-15,,1.0,False
1261,LTF,INE498L01015,LANDT FINANCE LIMITED,1258,1,2011-08-12,True,nse_symbols_consolidated.csv,2026-08-15,,1.0,False
1262,LTFOODS,INE818H01020,LT FOODS LIMITED,1259,1,2006-12-18,True,nse_symbols_consolidated.csv,2026-08-15,,1.0,False
1263,LTM,INE214T01019,LTM LIMITED,1260,1,2016-07-21,True,nse_symbols_consolidated.csv,2026-08-15,,1.0,False
1264,LTTS,INE010V01017,LANDT TECHNOLOGY SERVICES LIMITED,1261,1,2016-09-23,True,nse_symbols_consolidated.csv,2026-08-15,,1.0,False
1265,LUMAXIND,INE162B01018,LUMAX INDUSTRIES LIMITED,1262,1,1995-09-06,True,nse_symbols_consolidated.csv,2026-08-15,,1.0,False
1266,LUMAXTECH,INE872H01027,LUMAX AUTO TECHNOLOGIES LIMITED,1263,1,2007-01-16,True,nse_symbols_consolidated.csv,2026-08-15,,1.0,False
1267,LUPIN,INE326A01037,LUPIN LIMITED,1264,1,2001-09-10,True,nse_symbols_consolidated.csv,2026-08-15,,1.0,False
1268,LUXIND,INE150G01020,LUX INDUSTRIES LIMITED,1265,1,2015-11-30,True,nse_symbols_consolidated.csv,2026-08-15,,1.0,False
1269,LXCHEM,INE576O01020,LAXMI ORGANIC INDUSTRIES LIMITED,1266,1,2021-03-25,True,nse_symbols_consolidated.csv,2026-08-15,,1.0,False
1270,LYKALABS,INE933A01014,LYKA LABS LIMITED,1267,1,1995-02-08,True,nse_symbols_consolidated.csv,2026-08-15,,1.0,False
1271,M&M,INE101A01026,MAHINDRA AND MAHINDRA LIMITED,1268,1,1996-01-03,True,nse_symbols_consolidated.csv,2026-08-15,,1.0,False
1272,M&MFIN,INE774D01024,MAHINDRA AND MAHINDRA FINANCIAL SERVICES LIMITED,1269,1,2006-03-17,True,nse_symbols_consolidated.csv,2026-08-15,,1.0,False
1273,MAANALU,INE215I01027,MAAN ALUMINIUM LIMITED,1270,1,2007-10-22,True,nse_symbols_consolidated.csv,2026-08-15,,1.0,False
1274,MACPOWER,INE155Z01011,MACPOWER CNC MACHINES LIMITED,1271,1,2020-08-19,True,nse_symbols_consolidated.csv,2026-08-15,,1.0,False
1275,MADHAV,INE925C01016,MADHAV MARBLES AND GRANITES LIMITED,1272,1,2007-12-20,True,nse_symbols_consolidated.csv,2026-08-15,,1.0,False
1276,MADHAVIPL,INE631R01026,MADHAV INFRA PROJECTS LIMITED,1273,1,2026-04-20,True,nse_symbols_consolidated.csv,2026-08-15,,1.0,False
1277,MADHUCON,INE378D01032,MADHUCON PROJECTS LIMITED,1274,1,2006-10-05,True,nse_symbols_consolidated.csv,2026-08-15,,1.0,False
1278,MADRASFERT,INE414A01015,MADRAS FERTILIZERS LIMITED,1275,1,1997-07-25,True,nse_symbols_consolidated.csv,2026-08-15,,1.0,False
1279,MAFATIND,INE270B01035,MAFATLAL INDUSTRIES LIMITED,1276,1,2026-04-20,True,nse_symbols_consolidated.csv,2026-08-15,,1.0,False
1280,MAGADSUGAR,INE347W01011,MAGADH SUGAR AND ENERGY LIMITED,1277,1,2017-07-28,True,nse_symbols_consolidated.csv,2026-08-15,,1.0,False
1281,MAGNUM,INE387I01016,MAGNUM VENTURES LIMITED,1278,1,2007-09-20,True,nse_symbols_consolidated.csv,2026-08-15,,1.0,False
1282,MAHABANK,INE457A01014,BANK OF MAHARASHTRA,1279,1,2004-04-12,True,nse_symbols_consolidated.csv,2026-08-15,,1.0,False
1283,MAHAPEXLTD,INE843B01013,MAHA RASHTRA APEX CORPORATION LIMITED,1280,1,1998-01-21,True,nse_symbols_consolidated.csv,2026-08-15,,1.0,False
1284,MAHASTEEL,INE451L01014,MAHAMAYA STEEL INDUSTRIES LIMITED,1281,1,2016-07-01,True,nse_symbols_consolidated.csv,2026-08-15,,1.0,False
1285,MAHEPC,INE215D01010,MAHINDRA EPC IRRIGATION LIMITED,1282,1,2020-02-14,True,nse_symbols_consolidated.csv,2026-08-15,,1.0,False
1286,MAHESHWARI,INE263W01010,MAHESHWARI LOGISTICS LIMITED,1283,1,2019-04-15,True,nse_symbols_consolidated.csv,2026-08-15,,1.0,False
1287,MAHLIFE,INE813A01018,MAHINDRA LIFESPACE DEVELOPERS LIMITED,1284,1,2000-05-10,True,nse_symbols_consolidated.csv,2026-08-15,,1.0,False
1288,MAHLOG,INE766P01016,MAHINDRA LOGISTICS LIMITED,1285,1,2017-11-10,True,nse_symbols_consolidated.csv,2026-08-15,,1.0,False
1289,MAHSCOOTER,INE288A01013,MAHARASHTRA SCOOTERS LIMITED,1286,1,1995-02-08,True,nse_symbols_consolidated.csv,2026-08-15,,1.0,False
1290,MAHSEAMLES,INE271B01025,MAHARASHTRA SEAMLESS LIMITED,1287,1,2004-08-25,True,nse_symbols_consolidated.csv,2026-08-15,,1.0,False
1291,MAITHANALL,INE683C01011,MAITHAN ALLOYS LIMITED,1288,1,2011-07-05,True,nse_symbols_consolidated.csv,2026-08-15,,1.0,False
1292,MAJESAUT,INE201B01022,MAJESTIC AUTO LIMITED,1289,1,2026-04-20,True,nse_symbols_consolidated.csv,2026-08-15,,1.0,False
1293,MALLCOM,INE389C01015,MALLCOM (INDIA) LIMITED,1290,1,2022-02-02,True,nse_symbols_consolidated.csv,2026-08-15,,1.0,False
1294,MALUPAPER,INE383H01017,MALU PAPER MILLS LIMITED,1291,1,2006-04-05,True,nse_symbols_consolidated.csv,2026-08-15,,1.0,False
1295,MAMATA,INE0TO701015,MAMATA MACHINERY LIMITED,1292,1,2024-12-27,True,nse_symbols_consolidated.csv,2026-08-15,,1.0,False
1296,MANAKALUCO,INE859Q01017,MANAKSIA ALUMINIUM COMPANY LIMITED,1293,1,2015-03-30,True,nse_symbols_consolidated.csv,2026-08-15,,1.0,False
1297,MANAKCOAT,INE830Q01018,MANAKSIA COATED METALS AND INDUSTRIES LIMITED,1294,1,2015-03-30,True,nse_symbols_consolidated.csv,2026-08-15,,1.0,False
1298,MANAKSIA,INE015D01022,MANAKSIA LIMITED,1295,1,2008-01-08,True,nse_symbols_consolidated.csv,2026-08-15,,1.0,False
1299,MANAKSTEEL,INE824Q01011,MANAKSIA STEELS LIMITED,1296,1,2015-03-30,True,nse_symbols_consolidated.csv,2026-08-15,,1.0,False
1300,MANALIPETC,INE201A01024,MANALI PETROCHEMICALS LIMITED,1297,1,2006-12-06,True,nse_symbols_consolidated.csv,2026-08-15,,1.0,False
1301,MANAPPURAM,INE522D01027,MANAPPURAM FINANCE LIMITED,1298,1,2014-12-01,True,nse_symbols_consolidated.csv,2026-08-15,,1.0,False
1302,MANBA,INE939X01013,MANBA FINANCE LIMITED,1299,1,2024-09-30,True,nse_symbols_consolidated.csv,2026-08-15,,1.0,False
1303,MANCREDIT,INE545L01039,MANGAL CREDIT AND FINCORP LIMITED,1300,1,2024-08-16,True,nse_symbols_consolidated.csv,2026-08-15,,1.0,False
1304,MANGALAM,INE584F01014,MANGALAM DRUGS AND ORGANICS LIMITED,1301,1,2005-05-23,True,nse_symbols_consolidated.csv,2026-08-15,,1.0,False
1305,MANGLMCEM,INE347A01017,MANGALAM CEMENT LIMITED,1302,1,1996-01-03,True,nse_symbols_consolidated.csv,2026-08-15,,1.0,False
1306,MANINDS,INE993A01026,MAN INDUSTRIES (INDIA) LIMITED,1303,1,2005-06-24,True,nse_symbols_consolidated.csv,2026-08-15,,1.0,False
1307,MANINFRA,INE949H01023,MAN INFRACONSTRUCTION LIMITED,1304,1,2010-03-11,True,nse_symbols_consolidated.csv,2026-08-15,,1.0,False
1308,MANIPALHOS,INE459N01021,MANIPAL HEALTH ENTERPRISES LIMITED,1305,1,2026-08-05,True,nse_symbols_consolidated.csv,2026-08-15,,1.0,False
1309,MANKIND,INE634S01028,MANKIND PHARMA LIMITED,1306,1,2023-05-09,True,nse_symbols_consolidated.csv,2026-08-15,,1.0,False
1310,MANOMAY,INE784W01015,MANOMAY TEX INDIA LIMITED,1307,1,2023-01-18,True,nse_symbols_consolidated.csv,2026-08-15,,1.0,False
1311,MANORAMA,INE00VM01036,MANORAMA INDUSTRIES LIMITED,1308,1,2022-07-01,True,nse_symbols_consolidated.csv,2026-08-15,,1.0,False
1312,MANORG,INE370D01013,MANGALAM ORGANICS LIMITED,1309,1,2021-11-02,True,nse_symbols_consolidated.csv,2026-08-15,,1.0,False
1313,MANUGRAPH,INE867A01022,MANUGRAPH INDIA LIMITED,1310,1,2006-09-14,True,nse_symbols_consolidated.csv,2026-08-15,,1.0,False
1314,MANYAVAR,INE825V01034,VEDANT FASHIONS LIMITED,1311,1,2022-02-16,True,nse_symbols_consolidated.csv,2026-08-15,,1.0,False
1315,MAPMYINDIA,INE0BV301023,C.E. INFO SYSTEMS LIMITED,1312,1,2021-12-21,True,nse_symbols_consolidated.csv,2026-08-15,,1.0,False
1316,MARALOVER,INE882A01013,MARAL OVERSEAS LIMITED,1313,1,1995-02-08,True,nse_symbols_consolidated.csv,2026-08-15,,1.0,False
1317,MARATHON,INE182D01020,MARATHON NEXTGEN REALTY LIMITED,1314,1,2016-09-29,True,nse_symbols_consolidated.csv,2026-08-15,,1.0,False
1318,MARICO,INE196A01026,MARICO LIMITED,1315,1,1996-05-01,True,nse_symbols_consolidated.csv,2026-08-15,,1.0,False
1319,MARINE,INE01JE01028,MARINE ELECTRICALS (INDIA) LIMITED,1316,1,2020-12-02,True,nse_symbols_consolidated.csv,2026-08-15,,1.0,False
1320,MARKOLINES,INE0FW001016,MARKOLINES PAVEMENT TECHNOLOGIES LIMITED,1317,1,2025-10-14,True,nse_symbols_consolidated.csv,2026-08-15,,1.0,False
1321,MARKSANS,INE750C01026,MARKSANS PHARMA LIMITED,1318,1,2002-01-21,True,nse_symbols_consolidated.csv,2026-08-15,,1.0,False
1322,MARSONS,INE415B01044,MARSONS LIMITED,1319,1,2026-03-13,True,nse_symbols_consolidated.csv,2026-08-15,,1.0,False
1323,MARUTI,INE585B01010,MARUTI SUZUKI INDIA LIMITED,1320,1,2003-07-09,True,nse_symbols_consolidated.csv,2026-08-15,,1.0,False
1324,MASFIN,INE348L01012,MAS FINANCIAL SERVICES LIMITED,1321,1,2017-10-18,True,nse_symbols_consolidated.csv,2026-08-15,,1.0,False
1325,MASKINVEST,INE885F01015,MASK INVESTMENTS LIMITED,1322,1,2016-10-14,True,nse_symbols_consolidated.csv,2026-08-15,,1.0,False
1326,MASTEK,INE759A01021,MASTEK LIMITED,1323,1,1995-05-10,True,nse_symbols_consolidated.csv,2026-08-15,,1.0,False
1327,MASTERTR,INE677D01037,MASTER TRUST LIMITED,1324,1,2024-11-12,True,nse_symbols_consolidated.csv,2026-08-15,,1.0,False
1328,MATRIMONY,INE866R01028,MATRIMONY.COM LIMITED,1325,1,2017-09-21,True,nse_symbols_consolidated.csv,2026-08-15,,1.0,False
1329,MAWANASUG,INE636A01039,MAWANA SUGARS LIMITED,1326,1,2009-03-20,True,nse_symbols_consolidated.csv,2026-08-15,,1.0,False
1330,MAXESTATES,INE03EI01018,MAX ESTATES LIMITED,1327,1,2023-10-30,True,nse_symbols_consolidated.csv,2026-08-15,,1.0,False
1331,MAXHEALTH,INE027H01010,MAX HEALTHCARE INSTITUTE LIMITED,1328,1,2020-08-21,True,nse_symbols_consolidated.csv,2026-08-15,,1.0,False
1332,MAXIND,INE0CG601016,MAX INDIA LIMITED,1329,1,2020-08-28,True,nse_symbols_consolidated.csv,2026-08-15,,1.0,False
1333,MAYURUNIQ,INE040D01038,MAYUR UNIQUOTERS LIMITED,1330,1,2012-09-25,True,nse_symbols_consolidated.csv,2026-08-15,,1.0,False
1334,MAZDA,INE885E01042,MAZDA LIMITED,1331,1,2016-11-01,True,nse_symbols_consolidated.csv,2026-08-15,,1.0,False
1335,MAZDOCK,INE249Z01020,MAZAGON DOCK SHIPBUILDERS LIMITED,1332,1,2020-10-12,True,nse_symbols_consolidated.csv,2026-08-15,,1.0,False
1336,MBAPL,INE900L01028,MADHYA BHARAT AGRO PRODUCTS LIMITED,1333,1,2019-08-22,True,nse_symbols_consolidated.csv,2026-08-15,,1.0,False
1337,MBEL,INE08N601015,M AND B ENGINEERING LIMITED,1334,1,2025-08-06,True,nse_symbols_consolidated.csv,2026-08-15,,1.0,False
1338,MBLINFRA,INE912H01013,MBL INFRASTRUCTURE LIMITED,1335,1,2010-01-11,True,nse_symbols_consolidated.csv,2026-08-15,,1.0,False
1339,MCCHRLS-B,INE435D01014,MAC CHARLES INDIA LIMITED,1336,1,2026-04-20,True,nse_symbols_consolidated.csv,2026-08-15,,1.0,False
1340,MCL,INE813V01022,M TEK COPPER LIMITED,1337,1,2020-08-19,True,nse_symbols_consolidated.csv,2026-08-15,,1.0,False
1341,MCLEODRUSS,INE942G01012,MCLEOD RUSSEL INDIA LIMITED,1338,1,2005-07-29,True,nse_symbols_consolidated.csv,2026-08-15,,1.0,False
1342,MCLOUD,INE613C01026,MAGELLANIC CLOUD LIMITED,1339,1,2025-02-07,True,nse_symbols_consolidated.csv,2026-08-15,,1.0,False
1343,MCX,INE745G01043,MULTI COMMODITY EXCHANGE OF INDIA LIMITED,1340,1,2012-03-09,True,nse_symbols_consolidated.csv,2026-08-15,,1.0,False
1344,MEDANTA,INE474Q01031,GLOBAL HEALTH LIMITED,1341,1,2022-11-16,True,nse_symbols_consolidated.csv,2026-08-15,,1.0,False
1345,MEDIASSIST,INE456Z01021,MEDI ASSIST HEALTHCARE SERVICES LIMITED,1342,1,2024-01-23,True,nse_symbols_consolidated.csv,2026-08-15,,1.0,False
1346,MEDICAMEQ,INE646B01010,MEDICAMEN BIOTECH LIMITED,1343,1,2021-10-27,True,nse_symbols_consolidated.csv,2026-08-15,,1.0,False
1347,MEDICO,INE630Y01024,MEDICO REMEDIES LIMITED,1344,1,2022-05-26,True,nse_symbols_consolidated.csv,2026-08-15,,1.0,False
1348,MEDPLUS,INE804L01022,MEDPLUS HEALTH SERVICES LIMITED,1345,1,2021-12-23,True,nse_symbols_consolidated.csv,2026-08-15,,1.0,False
1349,MEESHO,INE0VDM01015,MEESHO LIMITED,1346,1,2025-12-10,True,nse_symbols_consolidated.csv,2026-08-15,,1.0,False
1350,MEGASTAR,INE00EM01016,MEGASTAR FOODS LIMITED,1347,1,2022-02-16,True,nse_symbols_consolidated.csv,2026-08-15,,1.0,False
1351,MEIL,INE0PKD01011,MANGAL ELECTRICAL INDUSTRIES LIMITED,1348,1,2025-08-28,True,nse_symbols_consolidated.csv,2026-08-15,,1.0,False
1352,MENNPIS,INE650G01029,MENON PISTONS LIMITED,1349,1,2026-04-20,True,nse_symbols_consolidated.csv,2026-08-15,,1.0,False
1353,MENONBE,INE071D01033,MENON BEARINGS LIMITED,1350,1,2015-03-09,True,nse_symbols_consolidated.csv,2026-08-15,,1.0,False
1354,MEP,INE776I01010,MEP INFRASTRUCTURE DEVELOPERS LIMITED,1351,1,2015-05-06,True,nse_symbols_consolidated.csv,2026-08-15,,1.0,False
1355,MERCANTILE,INE689O01013,MERCANTILE VENTURES LIMITED,1352,1,2026-04-20,True,nse_symbols_consolidated.csv,2026-08-15,,1.0,False
1356,MERCURYEV,INE763M01028,MERCURY EV-TECH LIMITED,1353,1,2026-06-02,True,nse_symbols_consolidated.csv,2026-08-15,,1.0,False
1357,METROBRAND,INE317I01021,METRO BRANDS LIMITED,1354,1,2021-12-22,True,nse_symbols_consolidated.csv,2026-08-15,,1.0,False
1358,METROGLOBL,INE085D01033,METROGLOBAL LIMITED,1355,1,2026-04-20,True,nse_symbols_consolidated.csv,2026-08-15,,1.0,False
1359,METROPOLIS,INE112L01020,METROPOLIS HEALTHCARE LIMITED,1356,1,2019-04-15,True,nse_symbols_consolidated.csv,2026-08-15,,1.0,False
1360,MFML,INE0US801024,MAHALAXMI FABRIC MILLS LIMITED,1357,1,2024-08-27,True,nse_symbols_consolidated.csv,2026-08-15,,1.0,False
1361,MFSL,INE180A01020,MAX FINANCIAL SERVICES LIMITED,1358,1,2000-05-17,True,nse_symbols_consolidated.csv,2026-08-15,,1.0,False
1362,MGEL,INE0APB01032,MANGALAM GLOBAL ENTERPRISE LIMITED,1359,1,2020-12-23,True,nse_symbols_consolidated.csv,2026-08-15,,1.0,False
1363,MGL,INE002S01010,MAHANAGAR GAS LIMITED,1360,1,2016-07-01,True,nse_symbols_consolidated.csv,2026-08-15,,1.0,False
1364,MHLXMIRU,INE112D01035,MAHALAXMI RUBTECH LIMITED,1361,1,2022-01-27,True,nse_symbols_consolidated.csv,2026-08-15,,1.0,False
1365,MHRIL,INE998I01010,MAHINDRA HOLIDAYS AND RESORTS INDIA LIMITED,1362,1,2009-07-16,True,nse_symbols_consolidated.csv,2026-08-15,,1.0,False
1366,MICEL,INE287C01037,MIC ELECTRONICS LIMITED,1363,1,2021-12-17,True,nse_symbols_consolidated.csv,2026-08-15,,1.0,False
1367,MIDHANI,INE099Z01011,MISHRA DHATU NIGAM LIMITED,1364,1,2018-04-04,True,nse_symbols_consolidated.csv,2026-08-15,,1.0,False
1368,MIDWESTLTD,INE0XAD01024,MIDWEST LIMITED,1365,1,2025-10-24,True,nse_symbols_consolidated.csv,2026-08-15,,1.0,False
1369,MINDACORP,INE842C01021,MINDA CORPORATION LIMITED,1366,1,2014-10-16,True,nse_symbols_consolidated.csv,2026-08-15,,1.0,False
1370,MINDTECK,INE110B01017,MINDTECK (INDIA) LIMITED,1367,1,2016-08-02,True,nse_symbols_consolidated.csv,2026-08-15,,1.0,False
1371,MIRZAINT,INE771A01026,MIRZA INTERNATIONAL LIMITED,1368,1,1999-04-28,True,nse_symbols_consolidated.csv,2026-08-15,,1.0,False
1372,MITCON,INE828O01033,MITCON CONSULTANCY AND ENGINEERING SERVICES LIMITED,1369,1,2022-03-17,True,nse_symbols_consolidated.csv,2026-08-15,,1.0,False
1373,MITTAL,INE997Y01027,MITTAL LIFE STYLE LIMITED,1370,1,2020-04-29,True,nse_symbols_consolidated.csv,2026-08-15,,1.0,False
1374,MKPL,INE964W01021,M K PROTEINS LIMITED,1371,1,2023-06-13,True,nse_symbols_consolidated.csv,2026-08-15,,1.0,False
1375,MMFL,INE227C01017,MM FORGINGS LIMITED,1372,1,2006-12-20,True,nse_symbols_consolidated.csv,2026-08-15,,1.0,False
1376,MMP,INE511Y01018,MMP INDUSTRIES LIMITED,1373,1,2020-01-09,True,nse_symbols_consolidated.csv,2026-08-15,,1.0,False
1377,MMTC,INE123F01029,MMTC LIMITED,1374,1,2012-04-09,True,nse_symbols_consolidated.csv,2026-08-15,,1.0,False
1378,MMWL,INE200D01020,MEDIA MATRIX WORLDWIDE LIMITED,1375,1,2026-04-20,True,nse_symbols_consolidated.csv,2026-08-15,,1.0,False
1379,MOBIKWIK,INE0HLU01028,ONE MOBIKWIK SYSTEMS LIMITED,1376,1,2024-12-18,True,nse_symbols_consolidated.csv,2026-08-15,,1.0,False
1380,MODINATUR,INE537F01012,MODI NATURALS LIMITED,1377,1,2025-12-11,True,nse_symbols_consolidated.csv,2026-08-15,,1.0,False
1381,MODIRUBBER,INE832A01018,MODI RUBBER LIMITED,1378,1,1996-02-07,True,nse_symbols_consolidated.csv,2026-08-15,,1.0,False
1382,MODIS,INE0L0L01012,MODIS NAVNIRMAN LIMITED,1379,1,2025-11-14,True,nse_symbols_consolidated.csv,2026-08-15,,1.0,False
1383,MODISONLTD,INE737D01021,MODISON LIMITED,1380,1,2021-05-03,True,nse_symbols_consolidated.csv,2026-08-15,,1.0,False
1384,MODTHREAD,INE794W01014,MODERN THREADS (INDIA) LIMITED,1381,1,1995-11-22,True,nse_symbols_consolidated.csv,2026-08-15,,1.0,False
1385,MOHITIND,INE954E01012,MOHIT INDUSTRIES LIMITED,1382,1,2013-03-14,True,nse_symbols_consolidated.csv,2026-08-15,,1.0,False
1386,MOIL,INE490G01020,MOIL LIMITED,1383,1,2010-12-15,True,nse_symbols_consolidated.csv,2026-08-15,,1.0,False
1387,MOKSH,INE514Y01020,MOKSH ORNAMENTS LIMITED,1384,1,2021-05-21,True,nse_symbols_consolidated.csv,2026-08-15,,1.0,False
1388,MOL,INE0CT101020,MEGHMANI ORGANICS LIMITED,1385,1,2021-08-18,True,nse_symbols_consolidated.csv,2026-08-15,,1.0,False
1389,MOLDTECH,INE835B01035,MOLD-TEK TECHNOLOGIES LIMITED,1386,1,2016-07-07,True,nse_symbols_consolidated.csv,2026-08-15,,1.0,False
1390,MOLDTKPAC,INE893J01029,MOLD-TEK PACKAGING LIMITED,1387,1,2015-02-23,True,nse_symbols_consolidated.csv,2026-08-15,,1.0,False
1391,MONARCH,INE903D01011,MONARCH NETWORTH CAPITAL LIMITED,1388,1,2022-01-06,True,nse_symbols_consolidated.csv,2026-08-15,,1.0,False
1392,MONEYBOXX,INE296Q01012,MONEYBOXX FINANCE LIMITED,1389,1,2025-10-15,True,nse_symbols_consolidated.csv,2026-08-15,,1.0,False
1393,MONTECARLO,INE950M01013,MONTE CARLO FASHIONS LIMITED,1390,1,2014-12-19,True,nse_symbols_consolidated.csv,2026-08-15,,1.0,False
1394,MOREPENLAB,INE083A01026,MOREPEN LABORATORIES LIMITED,1391,1,1999-11-24,True,nse_symbols_consolidated.csv,2026-08-15,,1.0,False
1395,MOSCHIP,INE935B01025,MOSCHIP TECHNOLOGIES LIMITED,1392,1,2025-02-05,True,nse_symbols_consolidated.csv,2026-08-15,,1.0,False
1396,MOTHERSON,INE775A01035,SAMVARDHANA MOTHERSON INTERNATIONAL LIMITED,1393,1,1996-08-14,True,nse_symbols_consolidated.csv,2026-08-15,,1.0,False
1397,MOTILALOFS,INE338I01027,MOTILAL OSWAL FINANCIAL SERVICES LIMITED,1394,1,2007-09-11,True,nse_symbols_consolidated.csv,2026-08-15,,1.0,False
1398,MOTISONS,INE0FRK01020,MOTISONS JEWELLERS LIMITED,1395,1,2023-12-26,True,nse_symbols_consolidated.csv,2026-08-15,,1.0,False
1399,MOTOGENFIN,INE861B01023,THE MOTOR AND GENERAL FINANCE LIMITED,1396,1,1995-02-08,True,nse_symbols_consolidated.csv,2026-08-15,,1.0,False
1400,MPHASIS,INE356A01018,MPHASIS LIMITED,1397,1,2004-06-04,True,nse_symbols_consolidated.csv,2026-08-15,,1.0,False
1401,MPSLTD,INE943D01017,MPS LIMITED,1398,1,2002-01-21,True,nse_symbols_consolidated.csv,2026-08-15,,1.0,False
1402,MRF,INE883A01011,MRF LIMITED,1399,1,1996-09-18,True,nse_symbols_consolidated.csv,2026-08-15,,1.0,False
1403,MRPL,INE103A01014,MANGALORE REFINERY AND PETROCHEMICALS LIMITED,1400,1,2005-01-07,True,nse_symbols_consolidated.csv,2026-08-15,,1.0,False
1404,MSPL,INE752G01015,MSP STEEL AND POWER LIMITED,1401,1,2005-07-18,True,nse_symbols_consolidated.csv,2026-08-15,,1.0,False
1405,MSTCLTD,INE255X01014,MSTC LIMITED,1402,1,2019-03-29,True,nse_symbols_consolidated.csv,2026-08-15,,1.0,False
1406,MSUMI,INE0FS801015,MOTHERSON SUMI WIRING INDIA LIMITED,1403,1,2022-03-28,True,nse_symbols_consolidated.csv,2026-08-15,,1.0,False
1407,MTARTECH,INE864I01014,MTAR TECHNOLOGIES LIMITED,1404,1,2021-03-15,True,nse_symbols_consolidated.csv,2026-08-15,,1.0,False
1408,MTEDUCARE,INE472M01018,MT EDUCARE LIMITED,1405,1,2012-04-12,True,nse_symbols_consolidated.csv,2026-08-15,,1.0,False
1409,MTNL,INE153A01019,MAHANAGAR TELEPHONE NIGAM LIMITED,1406,1,1999-02-17,True,nse_symbols_consolidated.csv,2026-08-15,,1.0,False
1410,MUFIN,INE08KJ01020,MUFIN GREEN FINANCE LIMITED,1407,1,2023-11-06,True,nse_symbols_consolidated.csv,2026-08-15,,1.0,False
1411,MUFTI,INE220Q01020,CREDO BRANDS MARKETING LIMITED,1408,1,2023-12-27,True,nse_symbols_consolidated.csv,2026-08-15,,1.0,False
1412,MUKANDLTD,INE304A01026,MUKAND LIMITED,1409,1,2004-02-23,True,nse_symbols_consolidated.csv,2026-08-15,,1.0,False
1413,MUKKA,INE0CG401037,MUKKA PROTEINS LIMITED,1410,1,2024-03-07,True,nse_symbols_consolidated.csv,2026-08-15,,1.0,False
1414,MUKTAARTS,INE374B01019,MUKTA ARTS LIMITED,1411,1,2000-09-12,True,nse_symbols_consolidated.csv,2026-08-15,,1.0,False
1415,MUNJALAU,INE672B01032,MUNJAL AUTO INDUSTRIES LIMITED,1412,1,2006-07-19,True,nse_symbols_consolidated.csv,2026-08-15,,1.0,False
1416,MUNJALSHOW,INE577A01027,MUNJAL SHOWA LIMITED,1413,1,2003-05-12,True,nse_symbols_consolidated.csv,2026-08-15,,1.0,False
1417,MURUDCERA,INE692B01014,MURUDESHWAR CERAMICS LIMITED,1414,1,2004-05-28,True,nse_symbols_consolidated.csv,2026-08-15,,1.0,False
1418,MUTHOOTCAP,INE296G01013,MUTHOOT CAPITAL SERVICES LIMITED,1415,1,2015-08-24,True,nse_symbols_consolidated.csv,2026-08-15,,1.0,False
1419,MUTHOOTFIN,INE414G01012,MUTHOOT FINANCE LIMITED,1416,1,2011-05-06,True,nse_symbols_consolidated.csv,2026-08-15,,1.0,False
1420,MUTHOOTMF,INE046W01019,MUTHOOT MICROFIN LIMITED,1417,1,2023-12-26,True,nse_symbols_consolidated.csv,2026-08-15,,1.0,False
1421,MVELECTRO,INE0OWZ01020,MV ELECTROSYSTEMS LIMITED,1418,1,2026-08-06,True,nse_symbols_consolidated.csv,2026-08-15,,1.0,False
1422,MVGJL,INE0KNT01012,MANOJ VAIBHAV GEMS N JEWELLERS LIMITED,1419,1,2023-10-03,True,nse_symbols_consolidated.csv,2026-08-15,,1.0,False
1423,MWL,INE0JYY01029,MANGALAM WORLDWIDE LIMITED,1420,1,2025-09-18,True,nse_symbols_consolidated.csv,2026-08-15,,1.0,False
1424,NACLIND,INE295D01020,NACL INDUSTRIES LIMITED,1421,1,2017-04-07,True,nse_symbols_consolidated.csv,2026-08-15,,1.0,False
1425,NAGREEKCAP,INE245I01016,NAGREEKA CAPITAL AND INFRASTRUCTURE LIMITED,1422,1,2007-09-18,True,nse_symbols_consolidated.csv,2026-08-15,,1.0,False
1426,NAGREEKEXP,INE123B01028,NAGREEKA EXPORTS LIMITED,1423,1,2007-06-18,True,nse_symbols_consolidated.csv,2026-08-15,,1.0,False
1427,NAHARCAP,INE049I01012,NAHAR CAPITAL AND FINANCIAL SERVICES LIMITED,1424,1,2008-03-11,True,nse_symbols_consolidated.csv,2026-08-15,,1.0,False
1428,NAHARINDUS,INE289A01011,NAHAR INDUSTRIAL ENTERPRISES LIMITED,1425,1,2005-12-15,True,nse_symbols_consolidated.csv,2026-08-15,,1.0,False
1429,NAHARPOLY,INE308A01027,NAHAR POLY FILMS LIMITED,1426,1,2007-03-23,True,nse_symbols_consolidated.csv,2026-08-15,,1.0,False
1430,NAHARSPING,INE290A01027,NAHAR SPINNING MILLS LIMITED,1427,1,2007-03-23,True,nse_symbols_consolidated.csv,2026-08-15,,1.0,False
1431,NAM-INDIA,INE298J01013,NIPPON LIFE INDIA ASSET MANAGEMENT LIMITED,1428,1,2017-11-06,True,nse_symbols_consolidated.csv,2026-08-15,,1.0,False
1432,NARMADA,INE117Z01029,NARMADA AGROBASE LIMITED,1429,1,2022-10-27,True,nse_symbols_consolidated.csv,2026-08-15,,1.0,False
1433,NATCAPSUQ,INE936B01015,NATURAL CAPSULES LIMITED,1430,1,2025-02-14,True,nse_symbols_consolidated.csv,2026-08-15,,1.0,False
1434,NATCOPHARM,INE987B01026,NATCO PHARMA LIMITED,1431,1,1995-12-27,True,nse_symbols_consolidated.csv,2026-08-15,,1.0,False
1435,NATHBIOGEN,INE448G01010,NATH BIO-GENES (INDIA) LIMITED,1432,1,2014-01-28,True,nse_symbols_consolidated.csv,2026-08-15,,1.0,False
1436,NATIONALUM,INE139A01034,NATIONAL ALUMINIUM COMPANY LIMITED,1433,1,1999-04-28,True,nse_symbols_consolidated.csv,2026-08-15,,1.0,False
1437,NATIONSTD,INE166R01015,NATIONAL STANDARD (INDIA) LIMITED,1434,1,2026-04-20,True,nse_symbols_consolidated.csv,2026-08-15,,1.0,False
1438,NAUKRI,INE663F01032,INFO EDGE (INDIA) LIMITED,1435,1,2006-11-21,True,nse_symbols_consolidated.csv,2026-08-15,,1.0,False
1439,NAVA,INE725A01030,NAVA LIMITED,1436,1,1996-04-03,True,nse_symbols_consolidated.csv,2026-08-15,,1.0,False
1440,NAVINFLUOR,INE048G01026,NAVIN FLUORINE INTERNATIONAL LIMITED,1437,1,2007-06-01,True,nse_symbols_consolidated.csv,2026-08-15,,1.0,False
1441,NAVKARCORP,INE278M01019,NAVKAR CORPORATION LIMITED,1438,1,2015-09-09,True,nse_symbols_consolidated.csv,2026-08-15,,1.0,False
1442,NAVKARURB,INE268H01044,NAVKAR URBANSTRUCTURE LIMITED,1439,1,2025-01-17,True,nse_symbols_consolidated.csv,2026-08-15,,1.0,False
1443,NAVNETEDUL,INE060A01024,NAVNEET EDUCATION LIMITED,1440,1,1995-02-08,True,nse_symbols_consolidated.csv,2026-08-15,,1.0,False
1444,NAZARA,INE418L01047,NAZARA TECHNOLOGIES LIMITED,1441,1,2021-03-30,True,nse_symbols_consolidated.csv,2026-08-15,,1.0,False
1445,NBCC,INE095N01031,NBCC (INDIA) LIMITED,1442,1,2012-04-12,True,nse_symbols_consolidated.csv,2026-08-15,,1.0,False
1446,NBIFIN,INE365I01020,N. B. I. INDUSTRIAL FINANCE COMPANY LIMITED,1443,1,2016-11-23,True,nse_symbols_consolidated.csv,2026-08-15,,1.0,False
1447,NCC,INE868B01028,NCC LIMITED,1444,1,2003-10-14,True,nse_symbols_consolidated.csv,2026-08-15,,1.0,False
1448,NCLIND,INE732C01016,NCL INDUSTRIES LIMITED,1445,1,2007-04-03,True,nse_symbols_consolidated.csv,2026-08-15,,1.0,False
1449,NDGL,INE756C01015,NAGA DHUNSERI GROUP LIMITED,1446,1,2016-08-29,True,nse_symbols_consolidated.csv,2026-08-15,,1.0,False
1450,NDL,INE875G01048,NANDAN DENIM LIMITED,1447,1,2012-03-23,True,nse_symbols_consolidated.csv,2026-08-15,,1.0,False
1451,NDLVENTURE,INE353A01023,NDL VENTURES LIMITED,1448,1,2007-04-24,True,nse_symbols_consolidated.csv,2026-08-15,,1.0,False
1452,NDRAUTO,INE07OG01012,NDR AUTO COMPONENTS LIMITED,1449,1,2020-07-30,True,nse_symbols_consolidated.csv,2026-08-15,,1.0,False
1453,NDTV,INE155G01029,NEW DELHI TELEVISION LIMITED,1450,1,2004-05-19,True,nse_symbols_consolidated.csv,2026-08-15,,1.0,False
1454,NEAGI,INE605D01012,NEELAMALAI AGRO INDUSTRIES LIMITED,1451,1,2026-04-20,True,nse_symbols_consolidated.csv,2026-08-15,,1.0,False
1455,NECCLTD,INE553C01016,NORTH EASTERN CARRYING CORPORATION LIMITED,1452,1,2016-03-02,True,nse_symbols_consolidated.csv,2026-08-15,,1.0,False
1456,NECLIFE,INE023H01027,NECTAR LIFESCIENCES LIMITED,1453,1,2005-07-18,True,nse_symbols_consolidated.csv,2026-08-15,,1.0,False
1457,NELCAST,INE189I01024,NELCAST LIMITED,1454,1,2007-06-27,True,nse_symbols_consolidated.csv,2026-08-15,,1.0,False
1458,NELCO,INE045B01015,NELCO LIMITED,1455,1,2003-05-28,True,nse_symbols_consolidated.csv,2026-08-15,,1.0,False
1459,NEOGEN,INE136S01016,NEOGEN CHEMICALS LIMITED,1456,1,2019-05-08,True,nse_symbols_consolidated.csv,2026-08-15,,1.0,False
1460,NEPHROPLUS,INE428V01029,NEPHROCARE HEALTH SERVICES LIMITED,1457,1,2025-12-17,True,nse_symbols_consolidated.csv,2026-08-15,,1.0,False
1461,NESCO,INE317F01035,NESCO LIMITED,1458,1,2008-04-08,True,nse_symbols_consolidated.csv,2026-08-15,,1.0,False
1462,NESTLEIND,INE239A01024,NESTLE INDIA LIMITED,1459,1,2023-08-01,True,nse_symbols_consolidated.csv,2026-08-15,,1.0,False
1463,NETWEB,INE0NT901020,NETWEB TECHNOLOGIES INDIA LIMITED,1460,1,2023-07-27,True,nse_symbols_consolidated.csv,2026-08-15,,1.0,False
1464,NETWORK18,INE870H01013,NETWORK18 MEDIA AND INVESTMENTS LIMITED,1461,1,2007-02-02,True,nse_symbols_consolidated.csv,2026-08-15,,1.0,False
1465,NEUEON,INE333I01044,NEUEON CORPORATION LIMITED,1462,1,2013-09-11,True,nse_symbols_consolidated.csv,2026-08-15,,1.0,False
1466,NEULANDLAB,INE794A01010,NEULAND LABORATORIES LIMITED,1463,1,2008-10-13,True,nse_symbols_consolidated.csv,2026-08-15,,1.0,False
1467,NEWGEN,INE619B01017,NEWGEN SOFTWARE TECHNOLOGIES LIMITED,1464,1,2018-01-29,True,nse_symbols_consolidated.csv,2026-08-15,,1.0,False
1468,NEXTMEDIA,INE747B01016,NEXT MEDIAWORKS LIMITED,1465,1,2001-04-04,True,nse_symbols_consolidated.csv,2026-08-15,,1.0,False
1469,NFL,INE870D01012,NATIONAL FERTILIZERS LIMITED,1466,1,2006-12-28,True,nse_symbols_consolidated.csv,2026-08-15,,1.0,False
1470,NGIL,INE236Y01012,NAKODA GROUP OF INDUSTRIES LIMITED,1467,1,2021-08-20,True,nse_symbols_consolidated.csv,2026-08-15,,1.0,False
1471,NGLFINE,INE887E01022,NGL FINE-CHEM LIMITED,1468,1,2022-07-08,True,nse_symbols_consolidated.csv,2026-08-15,,1.0,False
1472,NH,INE410P01011,NARAYANA HRUDAYALAYA LIMITED,1469,1,2016-01-06,True,nse_symbols_consolidated.csv,2026-08-15,,1.0,False
1473,NHPC,INE848E01016,NHPC LIMITED,1470,1,2009-09-01,True,nse_symbols_consolidated.csv,2026-08-15,,1.0,False
1474,NIACL,INE470Y01017,THE NEW INDIA ASSURANCE COMPANY LIMITED,1471,1,2017-11-13,True,nse_symbols_consolidated.csv,2026-08-15,,1.0,False
1475,NIBE,INE149O01018,NIBE LIMITED,1472,1,2025-02-07,True,nse_symbols_consolidated.csv,2026-08-15,,1.0,False
1476,NIBL,INE047O01014,NRB INDUSTRIAL BEARINGS LIMITED,1473,1,2013-04-09,True,nse_symbols_consolidated.csv,2026-08-15,,1.0,False
1477,NIITLTD,INE161A01038,NIIT LIMITED,1474,1,2004-08-16,True,nse_symbols_consolidated.csv,2026-08-15,,1.0,False
1478,NIITMTS,INE342G01023,NIIT LEARNING SYSTEMS LIMITED,1475,1,2023-08-08,True,nse_symbols_consolidated.csv,2026-08-15,,1.0,False
1479,NILAINFRA,INE937C01029,NILA INFRASTRUCTURES LIMITED,1476,1,2015-05-21,True,nse_symbols_consolidated.csv,2026-08-15,,1.0,False
1480,NILASPACES,INE00S901012,NILA SPACES LIMITED,1477,1,2018-12-28,True,nse_symbols_consolidated.csv,2026-08-15,,1.0,False
1481,NILE,INE445D01013,NILE LIMITED,1478,1,2026-04-20,True,nse_symbols_consolidated.csv,2026-08-15,,1.0,False
1482,NILKAMAL,INE310A01015,NILKAMAL LIMITED,1479,1,1995-11-01,True,nse_symbols_consolidated.csv,2026-08-15,,1.0,False
1483,NIMBSPROJ,INE875B01015,NIMBUS PROJECTS LIMITED,1480,1,2026-04-06,True,nse_symbols_consolidated.csv,2026-08-15,,1.0,False
1484,NINSYS,INE395U01014,NINTEC SYSTEMS LIMITED,1481,1,2023-02-21,True,nse_symbols_consolidated.csv,2026-08-15,,1.0,False
1485,NIPPOBATRY,INE567A01028,INDO-NATIONAL LIMITED,1482,1,1999-10-06,True,nse_symbols_consolidated.csv,2026-08-15,,1.0,False
1486,NIRAJ,INE368I01016,NIRAJ CEMENT STRUCTURALS LIMITED,1483,1,2020-10-01,True,nse_symbols_consolidated.csv,2026-08-15,,1.0,False
1487,NIRAJISPAT,INE326T01011,NIRAJ ISPAT INDUSTRIES LIMITED,1484,1,2016-10-27,True,nse_symbols_consolidated.csv,2026-08-15,,1.0,False
1488,NIRLON,INE910A01012,NIRLON LIMITED,1485,1,2026-04-20,True,nse_symbols_consolidated.csv,2026-08-15,,1.0,False
1489,NITCO,INE858F01012,NITCO LIMITED,1486,1,2006-03-21,True,nse_symbols_consolidated.csv,2026-08-15,,1.0,False
1490,NITINSPIN,INE229H01012,NITIN SPINNERS LIMITED,1487,1,2006-02-02,True,nse_symbols_consolidated.csv,2026-08-15,,1.0,False
1491,NITIRAJ,INE439T01012,NITIRAJ ENGINEERS LIMITED,1488,1,2021-04-22,True,nse_symbols_consolidated.csv,2026-08-15,,1.0,False
1492,NITTAGELA,INE265B01019,NITTA GELATIN INDIA LIMITED,1489,1,2026-04-20,True,nse_symbols_consolidated.csv,2026-08-15,,1.0,False
1493,NIVABUPA,INE995S01015,NIVA BUPA HEALTH INSURANCE COMPANY LIMITED,1490,1,2024-11-14,True,nse_symbols_consolidated.csv,2026-08-15,,1.0,False
1494,NKIND,INE542C01019,NK INDUSTRIES LIMITED,1491,1,1995-07-07,True,nse_symbols_consolidated.csv,2026-08-15,,1.0,False
1495,NLCINDIA,INE589A01014,NLC INDIA LIMITED,1492,1,2000-08-23,True,nse_symbols_consolidated.csv,2026-08-15,,1.0,False
1496,NMDC,INE584A01023,NMDC LIMITED,1493,1,2008-03-03,True,nse_symbols_consolidated.csv,2026-08-15,,1.0,False
1497,NOCIL,INE163A01018,NOCIL LIMITED,1494,1,1996-01-17,True,nse_symbols_consolidated.csv,2026-08-15,,1.0,False
1498,NOIDATOLL,INE781B01015,NOIDA TOLL BRIDGE COMPANY LIMITED,1495,1,2002-12-06,True,nse_symbols_consolidated.csv,2026-08-15,,1.0,False
1499,NORBTEAEXP,INE369C01017,NORBEN TEA AND EXPORTS LIMITED,1496,1,1996-06-26,True,nse_symbols_consolidated.csv,2026-08-15,,1.0,False
1500,NORTHARC,INE850M01015,NORTHERN ARC CAPITAL LIMITED,1497,1,2024-09-24,True,nse_symbols_consolidated.csv,2026-08-15,,1.0,False
1501,NOVAAGRI,INE02H701025,NOVA AGRITECH LIMITED,1498,1,2024-01-31,True,nse_symbols_consolidated.csv,2026-08-15,,1.0,False
1502,NOVARTIND,INE234A01025,NOVARTIS INDIA LIMITED,1499,1,2026-04-20,True,nse_symbols_consolidated.csv,2026-08-15,,1.0,False
1503,NPST,INE0FFK01017,NETWORK PEOPLE SERVICES TECHNOLOGIES LIMITED,1500,1,2025-04-30,True,nse_symbols_consolidated.csv,2026-08-15,,1.0,False
1504,NRAIL,INE740D01017,N R AGARWAL INDUSTRIES LIMITED,1501,1,2017-04-05,True,nse_symbols_consolidated.csv,2026-08-15,,1.0,False
1505,NRBBEARING,INE349A01021,NRB BEARING LIMITED,1502,1,2000-03-08,True,nse_symbols_consolidated.csv,2026-08-15,,1.0,False
1506,NRL,INE0JM501013,NUPUR RECYCLERS LIMITED,1503,1,2023-01-12,True,nse_symbols_consolidated.csv,2026-08-15,,1.0,False
1507,NSIL,INE023A01030,NALWA SONS INVESTMENTS LIMITED,1504,1,2003-11-17,True,nse_symbols_consolidated.csv,2026-08-15,,1.0,False
1508,NSLNISP,INE0NNS01018,NMDC STEEL LIMITED,1505,1,2023-02-20,True,nse_symbols_consolidated.csv,2026-08-15,,1.0,False
1509,NTPC,INE733E01010,NTPC LIMITED,1506,1,2004-11-05,True,nse_symbols_consolidated.csv,2026-08-15,,1.0,False
1510,NTPCGREEN,INE0ONG01011,NTPC GREEN ENERGY LIMITED,1507,1,2024-11-27,True,nse_symbols_consolidated.csv,2026-08-15,,1.0,False
1511,NUCLEUS,INE096B01018,NUCLEUS SOFTWARE EXPORTS LIMITED,1508,1,2002-12-19,True,nse_symbols_consolidated.csv,2026-08-15,,1.0,False
1512,NURECA,INE0DSF01015,NURECA LIMITED,1509,1,2021-02-25,True,nse_symbols_consolidated.csv,2026-08-15,,1.0,False
1513,NUVAMA,INE531F01023,NUVAMA WEALTH MANAGEMENT LIMITED,1510,1,2023-09-26,True,nse_symbols_consolidated.csv,2026-08-15,,1.0,False
1514,NUVOCO,INE118D01016,NUVOCO VISTAS CORPORATION LIMITED,1511,1,2021-08-23,True,nse_symbols_consolidated.csv,2026-08-15,,1.0,False
1515,NYKAA,INE388Y01029,FSN E-COMMERCE VENTURES LIMITED,1512,1,2021-11-10,True,nse_symbols_consolidated.csv,2026-08-15,,1.0,False
1516,OAL,INE959C01023,ORIENTAL AROMATICS LIMITED,1513,1,2019-07-11,True,nse_symbols_consolidated.csv,2026-08-15,,1.0,False
1517,OBCL,INE426Z01016,OBCL LIMITED,1514,1,2022-04-07,True,nse_symbols_consolidated.csv,2026-08-15,,1.0,False
1518,OBEROIRLTY,INE093I01010,OBEROI REALTY LIMITED,1515,1,2010-10-20,True,nse_symbols_consolidated.csv,2026-08-15,,1.0,False
1519,OCCLLTD,INE0PK601023,OCCL LIMITED,1516,1,2024-10-29,True,nse_symbols_consolidated.csv,2026-08-15,,1.0,False
1520,ODIGMA,INE054301028,ODIGMA CONSULTANCY SOLUTIONS LIMITED,1517,1,2024-12-12,True,nse_symbols_consolidated.csv,2026-08-15,,1.0,False
1521,OFSS,INE881D01027,ORACLE FINANCIAL SERVICES SOFTWARE LIMITED,1518,1,2002-06-28,True,nse_symbols_consolidated.csv,2026-08-15,,1.0,False
1522,OIL,INE274J01014,OIL INDIA LIMITED,1519,1,2009-09-30,True,nse_symbols_consolidated.csv,2026-08-15,,1.0,False
1523,OILCOUNTUB,INE591A01010,OIL COUNTRY TUBULAR LIMITED,1520,1,1995-08-30,True,nse_symbols_consolidated.csv,2026-08-15,,1.0,False
1524,OLAELEC,INE0LXG01040,OLA ELECTRIC MOBILITY LIMITED,1521,1,2024-08-09,True,nse_symbols_consolidated.csv,2026-08-15,,1.0,False
1525,OLECTRA,INE260D01016,OLECTRA GREENTECH LIMITED,1522,1,2002-03-20,True,nse_symbols_consolidated.csv,2026-08-15,,1.0,False
1526,OMAXAUTO,INE090B01011,OMAX AUTOS LIMITED,1523,1,2003-02-20,True,nse_symbols_consolidated.csv,2026-08-15,,1.0,False
1527,OMAXE,INE800H01010,OMAXE LIMITED,1524,1,2007-08-09,True,nse_symbols_consolidated.csv,2026-08-15,,1.0,False
1528,OMFREIGHT,INE1BZC01019,OM FREIGHT FORWARDERS LIMITED,1525,1,2025-10-08,True,nse_symbols_consolidated.csv,2026-08-15,,1.0,False
1529,OMINFRAL,INE239D01028,OM INFRA LIMITED,1526,1,2011-06-17,True,nse_symbols_consolidated.csv,2026-08-15,,1.0,False
1530,OMNI,INE0UH301010,OMNITECH ENGINEERING LIMITED,1527,1,2026-03-05,True,nse_symbols_consolidated.csv,2026-08-15,,1.0,False
1531,OMPOWER,INE25E901019,OM POWER TRANSMISSION LIMITED,1528,1,2026-04-17,True,nse_symbols_consolidated.csv,2026-08-15,,1.0,False
1532,ONELIFECAP,INE912L01015,ONELIFE CAPITAL ADVISORS LIMITED,1529,1,2011-10-17,True,nse_symbols_consolidated.csv,2026-08-15,,1.0,False
1533,ONEPOINT,INE840Y01029,ONE POINT ONE SOLUTIONS LIMITED,1530,1,2019-05-09,True,nse_symbols_consolidated.csv,2026-08-15,,1.0,False
1534,ONESOURCE,INE013P01021,ONESOURCE SPECIALTY PHARMA LIMITED,1531,1,2025-01-24,True,nse_symbols_consolidated.csv,2026-08-15,,1.0,False
1535,ONGC,INE213A01029,OIL AND NATURAL GAS CORPORATION LIMITED,1532,1,1995-07-19,True,nse_symbols_consolidated.csv,2026-08-15,,1.0,False
1536,ONIDA,INE831A01028,ONIDA ELECTRONICS LIMITED,1533,1,2004-05-24,True,nse_symbols_consolidated.csv,2026-08-15,,1.0,False
1537,ONMOBILE,INE809I01019,ONMOBILE GLOBAL LIMITED,1534,1,2008-02-19,True,nse_symbols_consolidated.csv,2026-08-15,,1.0,False
1538,ONWARDTEC,INE229A01017,ONWARD TECHNOLOGIES LIMITED,1535,1,2001-03-07,True,nse_symbols_consolidated.csv,2026-08-15,,1.0,False
1539,OPTIEMUS,INE350C01017,OPTIEMUS INFRACOM LIMITED,1536,1,2017-08-08,True,nse_symbols_consolidated.csv,2026-08-15,,1.0,False
1540,ORBTEXP,INE231G01010,ORBIT EXPORTS LIMITED,1537,1,2013-11-05,True,nse_symbols_consolidated.csv,2026-08-15,,1.0,False
1541,ORCHASP,INE215B01022,ORCHASP LIMITED,1538,1,2025-02-07,True,nse_symbols_consolidated.csv,2026-08-15,,1.0,False
1542,ORCHPHARMA,INE191A01027,ORCHID PHARMA LIMITED,1539,1,2020-11-02,True,nse_symbols_consolidated.csv,2026-08-15,,1.0,False
1543,ORICONENT,INE730A01022,ORICON ENTERPRISES LIMITED,1540,1,2015-07-24,True,nse_symbols_consolidated.csv,2026-08-15,,1.0,False
1544,ORIENTALTL,INE998H01012,ORIENTAL TRIMEX LIMITED,1541,1,2007-03-07,True,nse_symbols_consolidated.csv,2026-08-15,,1.0,False
1545,ORIENTBELL,INE607D01018,ORIENT BELL LIMITED,1542,1,2007-02-14,True,nse_symbols_consolidated.csv,2026-08-15,,1.0,False
1546,ORIENTCEM,INE876N01018,ORIENT CEMENT LIMITED,1543,1,2013-07-12,True,nse_symbols_consolidated.csv,2026-08-15,,1.0,False
1547,ORIENTCER,INE569C01020,ORIENT CERATECH LIMITED,1544,1,2005-12-15,True,nse_symbols_consolidated.csv,2026-08-15,,1.0,False
1548,ORIENTELEC,INE142Z01019,ORIENT ELECTRIC LIMITED,1545,1,2018-05-14,True,nse_symbols_consolidated.csv,2026-08-15,,1.0,False
1549,ORIENTHOT,INE750A01020,ORIENTAL HOTELS LIMITED,1546,1,1998-08-27,True,nse_symbols_consolidated.csv,2026-08-15,,1.0,False
1550,ORIENTLTD,INE609C01024,ORIENT PRESS LIMITED,1547,1,2010-03-03,True,nse_symbols_consolidated.csv,2026-08-15,,1.0,False
1551,ORIENTPPR,INE592A01026,ORIENT PAPER AND INDUSTRIES LIMITED,1548,1,1995-03-29,True,nse_symbols_consolidated.csv,2026-08-15,,1.0,False
1552,ORIENTTECH,INE0PPK01015,ORIENT TECHNOLOGIES LIMITED,1549,1,2024-08-28,True,nse_symbols_consolidated.csv,2026-08-15,,1.0,False
1553,ORISSAMINE,INE725E01024,THE ORISSA MINERALS DEVELOPMENT COMPANY LIMITED,1550,1,2010-09-29,True,nse_symbols_consolidated.csv,2026-08-15,,1.0,False
1554,ORKLAINDIA,INE16NZ01023,ORKLA INDIA LIMITED,1551,1,2025-11-06,True,nse_symbols_consolidated.csv,2026-08-15,,1.0,False
1555,ORTINGLOBE,INE749B01020,ORTIN GLOBAL LIMITED,1552,1,2021-03-30,True,nse_symbols_consolidated.csv,2026-08-15,,1.0,False
1556,OSIAHYPER,INE06IR01021,OSIA HYPER RETAIL LIMITED,1553,1,2022-12-01,True,nse_symbols_consolidated.csv,2026-08-15,,1.0,False
1557,OSWALAGRO,INE142A01012,OSWAL AGRO MILLS LIMITED,1554,1,1995-03-29,True,nse_symbols_consolidated.csv,2026-08-15,,1.0,False
1558,OSWALGREEN,INE143A01010,OSWAL GREENTECH LIMITED,1555,1,1996-08-28,True,nse_symbols_consolidated.csv,2026-08-15,,1.0,False
1559,OSWALPUMPS,INE0BYP01024,OSWAL PUMPS LIMITED,1556,1,2025-06-20,True,nse_symbols_consolidated.csv,2026-08-15,,1.0,False
1560,OSWALSEEDS,INE00IK01029,SHREEOSWAL SEEDS AND CHEMICALS LIMITED,1557,1,2023-02-28,True,nse_symbols_consolidated.csv,2026-08-15,,1.0,False
1561,PACEDIGITK,INE0S3G01027,PACE DIGITEK LIMITED,1558,1,2025-10-06,True,nse_symbols_consolidated.csv,2026-08-15,,1.0,False
1562,PAGEIND,INE761H01022,PAGE INDUSTRIES LIMITED,1559,1,2007-03-16,True,nse_symbols_consolidated.csv,2026-08-15,,1.0,False
1563,PAISALO,INE420C01059,PAISALO DIGITAL LIMITED,1560,1,2011-10-17,True,nse_symbols_consolidated.csv,2026-08-15,,1.0,False
1564,PAKKA,INE551D01018,PAKKA LIMITED,1561,1,2023-07-11,True,nse_symbols_consolidated.csv,2026-08-15,,1.0,False
1565,PALASHSECU,INE471W01019,PALASH SECURITIES LIMITED,1562,1,2017-07-28,True,nse_symbols_consolidated.csv,2026-08-15,,1.0,False
1566,PALREDTEC,INE218G01033,PALRED TECHNOLOGIES LIMITED,1563,1,2016-05-09,True,nse_symbols_consolidated.csv,2026-08-15,,1.0,False
1567,PANACEABIO,INE922B01023,PANACEA BIOTEC LIMITED,1564,1,1996-04-17,True,nse_symbols_consolidated.csv,2026-08-15,,1.0,False
1568,PANACHE,INE895W01019,PANACHE DIGILIFE LIMITED,1565,1,2020-01-06,True,nse_symbols_consolidated.csv,2026-08-15,,1.0,False
1569,PANAMAPET,INE305C01029,PANAMA PETROCHEM LIMITED,1566,1,2011-09-30,True,nse_symbols_consolidated.csv,2026-08-15,,1.0,False
1570,PANSARI,INE697V01011,PANSARI DEVELOPERS LIMITED,1567,1,2021-10-18,True,nse_symbols_consolidated.csv,2026-08-15,,1.0,False
1571,PAR,INE04LG01015,PAR DRUGS AND CHEMICALS LIMITED,1568,1,2021-09-16,True,nse_symbols_consolidated.csv,2026-08-15,,1.0,False
1572,PARACABLES,INE074B01023,PARAMOUNT COMMUNICATIONS LIMITED,1569,1,2007-01-03,True,nse_symbols_consolidated.csv,2026-08-15,,1.0,False
1573,PARADEEP,INE088F01024,PARADEEP PHOSPHATES LIMITED,1570,1,2022-05-27,True,nse_symbols_consolidated.csv,2026-08-15,,1.0,False
1574,PARAGMILK,INE883N01014,PARAG MILK FOODS LIMITED,1571,1,2016-05-19,True,nse_symbols_consolidated.csv,2026-08-15,,1.0,False
1575,PARAS,INE045601023,PARAS DEFENCE AND SPACE TECHNOLOGIES LIMITED,1572,1,2021-10-01,True,nse_symbols_consolidated.csv,2026-08-15,,1.0,False
1576,PARASPETRO,INE162C01024,PARAS PETROFILS LIMITED,1573,1,1996-02-14,True,nse_symbols_consolidated.csv,2026-08-15,,1.0,False
1577,PARKHOSPS,INE119201023,PARK MEDI WORLD LIMITED,1574,1,2025-12-17,True,nse_symbols_consolidated.csv,2026-08-15,,1.0,False
1578,PARKHOTELS,INE988S01028,APEEJAY SURRENDRA PARK HOTELS LIMITED,1575,1,2024-02-12,True,nse_symbols_consolidated.csv,2026-08-15,,1.0,False
1579,PARSVNATH,INE561H01026,PARSVNATH DEVELOPERS LIMITED,1576,1,2006-11-30,True,nse_symbols_consolidated.csv,2026-08-15,,1.0,False
1580,PASHUPATI,INE124Y01028,PASHUPATI COTSPIN LIMITED,1577,1,2025-07-17,True,nse_symbols_consolidated.csv,2026-08-15,,1.0,False
1581,PASUPTAC,INE818B01023,PASUPATI ACRYLON LIMITED,1578,1,2021-10-12,True,nse_symbols_consolidated.csv,2026-08-15,,1.0,False
1582,PATANJALI,INE619A01035,PATANJALI FOODS LIMITED,1579,1,2020-01-24,True,nse_symbols_consolidated.csv,2026-08-15,,1.0,False
1583,PATELENG,INE244B01030,PATEL ENGINEERING LIMITED,1580,1,2005-02-24,True,nse_symbols_consolidated.csv,2026-08-15,,1.0,False
1584,PATELRMART,INE0R8B01010,PATEL RETAIL LIMITED,1581,1,2025-08-26,True,nse_symbols_consolidated.csv,2026-08-15,,1.0,False
1585,PATINTLOG,INE529D01014,PATEL INTEGRATED LOGISTICS LIMITED,1582,1,2008-01-11,True,nse_symbols_consolidated.csv,2026-08-15,,1.0,False
1586,PAUSHAKLTD,INE111F01024,PAUSHAK LIMITED,1583,1,2025-12-01,True,nse_symbols_consolidated.csv,2026-08-15,,1.0,False
1587,PAVNAIND,INE07S101038,PAVNA INDUSTRIES LIMITED,1584,1,2023-06-01,True,nse_symbols_consolidated.csv,2026-08-15,,1.0,False
1588,PAYTM,INE982J01020,ONE 97 COMMUNICATIONS LIMITED,1585,1,2021-11-18,True,nse_symbols_consolidated.csv,2026-08-15,,1.0,False
1589,PCBL,INE602A01031,PCBL CHEMICAL LIMITED,1586,1,1995-03-29,True,nse_symbols_consolidated.csv,2026-08-15,,1.0,False
1590,PCJEWELLER,INE785M01021,PC JEWELLER LIMITED,1587,1,2012-12-27,True,nse_symbols_consolidated.csv,2026-08-15,,1.0,False
1591,PDMJEPAPER,INE865T01018,PUDUMJEE PAPER PRODUCTS LIMITED,1588,1,2016-03-30,True,nse_symbols_consolidated.csv,2026-08-15,,1.0,False
1592,PDSL,INE111Q01021,PDS LIMITED,1589,1,2014-10-21,True,nse_symbols_consolidated.csv,2026-08-15,,1.0,False
1593,PEARLPOLY,INE844A01013,PEARL POLYMERS LIMITED,1590,1,1995-10-11,True,nse_symbols_consolidated.csv,2026-08-15,,1.0,False
1594,PENIND,INE932A01024,PENNAR INDUSTRIES LIMITED,1591,1,2010-11-25,True,nse_symbols_consolidated.csv,2026-08-15,,1.0,False
1595,PENINLAND,INE138A01028,PENINSULA LAND LIMITED,1592,1,1995-02-08,True,nse_symbols_consolidated.csv,2026-08-15,,1.0,False
1596,PERSISTENT,INE262H01021,PERSISTENT SYSTEMS LIMITED,1593,1,2010-04-06,True,nse_symbols_consolidated.csv,2026-08-15,,1.0,False
1597,PETRONET,INE347G01014,PETRONET LNG LIMITED,1594,1,2004-03-26,True,nse_symbols_consolidated.csv,2026-08-15,,1.0,False
1598,PFC,INE134E01011,POWER FINANCE CORPORATION LIMITED,1595,1,2007-02-23,True,nse_symbols_consolidated.csv,2026-08-15,,1.0,False
1599,PFIZER,INE182A01018,PFIZER LIMITED,1596,1,1999-04-28,True,nse_symbols_consolidated.csv,2026-08-15,,1.0,False
1600,PFOCUS,INE367G01038,PRIME FOCUS LIMITED,1597,1,2006-06-20,True,nse_symbols_consolidated.csv,2026-08-15,,1.0,False
1601,PFS,INE560K01014,PTC INDIA FINANCIAL SERVICES LIMITED,1598,1,2011-03-30,True,nse_symbols_consolidated.csv,2026-08-15,,1.0,False
1602,PGEL,INE457L01029,PG ELECTROPLAST LIMITED,1599,1,2011-09-26,True,nse_symbols_consolidated.csv,2026-08-15,,1.0,False
1603,PGHH,INE179A01014,PROCTER AND GAMBLE HYGIENE AND HEALTH CARE LIMITED,1600,1,2004-07-07,True,nse_symbols_consolidated.csv,2026-08-15,,1.0,False
1604,PGHL,INE199A01012,PROCTER AND GAMBLE HEALTH LIMITED,1601,1,1996-04-24,True,nse_symbols_consolidated.csv,2026-08-15,,1.0,False
1605,PGIL,INE940H01022,PEARL GLOBAL INDUSTRIES LIMITED,1602,1,2007-02-15,True,nse_symbols_consolidated.csv,2026-08-15,,1.0,False
1606,PHOENIXLTD,INE211B01039,THE PHOENIX MILLS LIMITED,1603,1,2007-04-23,True,nse_symbols_consolidated.csv,2026-08-15,,1.0,False
1607,PICCADIL,INE546C01010,PICCADILY AGRO INDUSTRIES LIMITED,1604,1,2025-07-02,True,nse_symbols_consolidated.csv,2026-08-15,,1.0,False
1608,PIDILITIND,INE318A01026,PIDILITE INDUSTRIES LIMITED,1605,1,1995-03-29,True,nse_symbols_consolidated.csv,2026-08-15,,1.0,False
1609,PIGL,INE557Z01018,POWER AND INSTRUMENTATION (GUJARAT) LIMITED,1606,1,2023-05-17,True,nse_symbols_consolidated.csv,2026-08-15,,1.0,False
1610,PIIND,INE603J01030,PI INDUSTRIES LIMITED,1607,1,2011-06-15,True,nse_symbols_consolidated.csv,2026-08-15,,1.0,False
1611,PILANIINVS,INE417C01014,PILANI INVESTMENT AND INDUSTRIES CORPORATION LIMITED,1608,1,2015-12-08,True,nse_symbols_consolidated.csv,2026-08-15,,1.0,False
1612,PILITA,INE600A01035,PIL ITALICA LIFESTYLE LIMITED,1609,1,2013-10-07,True,nse_symbols_consolidated.csv,2026-08-15,,1.0,False
1613,PINELABS,INE15B701018,PINE LABS LIMITED,1610,1,2025-11-14,True,nse_symbols_consolidated.csv,2026-08-15,,1.0,False
1614,PIONEEREMB,INE156C01018,PIONEER EMBROIDERIES LIMITED,1611,1,2006-05-16,True,nse_symbols_consolidated.csv,2026-08-15,,1.0,False
1615,PIONRINV,INE746D01014,PIONEER INVESTCORP LIMITED,1612,1,2026-04-20,True,nse_symbols_consolidated.csv,2026-08-15,,1.0,False
1616,PIRAMALFIN,INE202B01038,PIRAMAL FINANCE LIMITED,1613,1,2025-11-07,True,nse_symbols_consolidated.csv,2026-08-15,,1.0,False
1617,PITTIENG,INE450D01021,PITTI ENGINEERING LIMITED,1614,1,2007-02-02,True,nse_symbols_consolidated.csv,2026-08-15,,1.0,False
1618,PIXTRANS,INE751B01018,PIX TRANSMISSIONS LIMITED,1615,1,2022-04-28,True,nse_symbols_consolidated.csv,2026-08-15,,1.0,False
1619,PKTEA,INE431F01018,THE PERIA KARAMALAI TEA AND PRODUCE COMPANY LIMITED,1616,1,2015-08-19,True,nse_symbols_consolidated.csv,2026-08-15,,1.0,False
1620,PLASTIBLEN,INE083C01022,PLASTIBLENDS INDIA LIMITED,1617,1,2006-12-28,True,nse_symbols_consolidated.csv,2026-08-15,,1.0,False
1621,PLATIND,INE0PT501018,PLATINUM INDUSTRIES LIMITED,1618,1,2024-03-05,True,nse_symbols_consolidated.csv,2026-08-15,,1.0,False
1622,PLAZACABLE,INE0INJ01017,PLAZA WIRES LIMITED,1619,1,2023-10-12,True,nse_symbols_consolidated.csv,2026-08-15,,1.0,False
1623,PML,INE291E01019,PAUL MERCHANTS LIMITED,1620,1,2026-04-20,True,nse_symbols_consolidated.csv,2026-08-15,,1.0,False
1624,PNB,INE160A01022,PUNJAB NATIONAL BANK,1621,1,2002-04-24,True,nse_symbols_consolidated.csv,2026-08-15,,1.0,False
1625,PNBGILTS,INE859A01011,PNB GILTS LIMITED,1622,1,2000-09-18,True,nse_symbols_consolidated.csv,2026-08-15,,1.0,False
1626,PNBHOUSING,INE572E01012,PNB HOUSING FINANCE LIMITED,1623,1,2016-11-07,True,nse_symbols_consolidated.csv,2026-08-15,,1.0,False
1627,PNC,INE392B01011,PRITISH NANDY COMMUNICATIONS LIMITED,1624,1,2000-12-11,True,nse_symbols_consolidated.csv,2026-08-15,,1.0,False
1628,PNCINFRA,INE195J01029,PNC INFRATECH LIMITED,1625,1,2015-05-26,True,nse_symbols_consolidated.csv,2026-08-15,,1.0,False
1629,PNGJL,INE953R01016,P N GADGIL JEWELLERS LIMITED,1626,1,2024-09-17,True,nse_symbols_consolidated.csv,2026-08-15,,1.0,False
1630,PNGSREVA,INE1RDG01013,PNGS REVA DIAMOND JEWELLERY LIMITED,1627,1,2026-03-04,True,nse_symbols_consolidated.csv,2026-08-15,,1.0,False
1631,POCL,INE063E01061,PONDY OXIDES AND CHEMICALS LIMITED,1628,1,2023-03-06,True,nse_symbols_consolidated.csv,2026-08-15,,1.0,False
1632,PODDARMENT,INE371C01013,PODDAR PIGMENTS LIMITED,1629,1,2016-11-22,True,nse_symbols_consolidated.csv,2026-08-15,,1.0,False
1633,POKARNA,INE637C01025,POKARNA LIMITED,1630,1,2016-07-07,True,nse_symbols_consolidated.csv,2026-08-15,,1.0,False
1634,POLICYBZR,INE417T01026,PB FINTECH LIMITED,1631,1,2021-11-15,True,nse_symbols_consolidated.csv,2026-08-15,,1.0,False
1635,POLYCAB,INE455K01017,POLYCAB INDIA LIMITED,1632,1,2019-04-16,True,nse_symbols_consolidated.csv,2026-08-15,,1.0,False
1636,POLYMED,INE205C01021,POLY MEDICURE LIMITED,1633,1,2011-12-07,True,nse_symbols_consolidated.csv,2026-08-15,,1.0,False
1637,POLYPLEX,INE633B01018,POLYPLEX CORPORATION LIMITED,1634,1,2003-04-11,True,nse_symbols_consolidated.csv,2026-08-15,,1.0,False
1638,PONNIERODE,INE838E01017,PONNI SUGARS (ERODE) LIMITED,1635,1,2002-04-16,True,nse_symbols_consolidated.csv,2026-08-15,,1.0,False
1639,POONAWALLA,INE511C01022,POONAWALLA FINCORP LIMITED,1636,1,2004-04-27,True,nse_symbols_consolidated.csv,2026-08-15,,1.0,False
1640,POWERGRID,INE752E01010,POWER GRID CORPORATION OF INDIA LIMITED,1637,1,2007-10-05,True,nse_symbols_consolidated.csv,2026-08-15,,1.0,False
1641,POWERICA,INE921L01032,POWERICA LIMITED,1638,1,2026-04-02,True,nse_symbols_consolidated.csv,2026-08-15,,1.0,False
1642,POWERINDIA,INE07Y701011,HITACHI ENERGY INDIA LIMITED,1639,1,2020-03-30,True,nse_symbols_consolidated.csv,2026-08-15,,1.0,False
1643,POWERMECH,INE211R01019,POWER MECH PROJECTS LIMITED,1640,1,2015-08-26,True,nse_symbols_consolidated.csv,2026-08-15,,1.0,False
1644,PPAP,INE095I01015,PPAP AUTOMOTIVE LIMITED,1641,1,2008-01-11,True,nse_symbols_consolidated.csv,2026-08-15,,1.0,False
1645,PPL,INE050001010,PRAKASH PIPES LIMITED,1642,1,2019-06-14,True,nse_symbols_consolidated.csv,2026-08-15,,1.0,False
1646,PPLPHARMA,INE0DK501011,PIRAMAL PHARMA LIMITED,1643,1,2022-10-19,True,nse_symbols_consolidated.csv,2026-08-15,,1.0,False
1647,PRABHA,INE0I0M01023,PRABHA ENERGY LIMITED,1644,1,2025-03-19,True,nse_symbols_consolidated.csv,2026-08-15,,1.0,False
1648,PRADPME,INE770A01010,PRADEEP METALS LIMITED,1645,1,2026-04-20,True,nse_symbols_consolidated.csv,2026-08-15,,1.0,False
1649,PRAENG,INE505C01016,PRAJAY ENGINEERS SYNDICATE LIMITED,1646,1,2007-01-02,True,nse_symbols_consolidated.csv,2026-08-15,,1.0,False
1650,PRAJIND,INE074A01025,PRAJ INDUSTRIES LIMITED,1647,1,1995-10-11,True,nse_symbols_consolidated.csv,2026-08-15,,1.0,False
1651,PRAKASH,INE603A01013,PRAKASH INDUSTRIES LIMITED,1648,1,1995-05-10,True,nse_symbols_consolidated.csv,2026-08-15,,1.0,False
1652,PRAKASHSTL,INE696K01024,PRAKASH STEELAGE LIMITED,1649,1,2010-08-25,True,nse_symbols_consolidated.csv,2026-08-15,,1.0,False
1653,PRAVEG,INE722B01019,PRAVEG LIMITED,1650,1,2026-04-20,True,nse_symbols_consolidated.csv,2026-08-15,,1.0,False
1654,PRAXIS,INE546Y01022,PRAXIS HOME RETAIL LIMITED,1651,1,2018-01-31,True,nse_symbols_consolidated.csv,2026-08-15,,1.0,False
1655,PRECAM,INE484I01029,PRECISION CAMSHAFTS LIMITED,1652,1,2016-02-08,True,nse_symbols_consolidated.csv,2026-08-15,,1.0,False
1656,PRECOT,INE283A01014,PRECOT LIMITED,1653,1,2005-08-19,True,nse_symbols_consolidated.csv,2026-08-15,,1.0,False
1657,PRECWIRE,INE372C01037,PRECISION WIRES INDIA LIMITED,1654,1,1995-09-06,True,nse_symbols_consolidated.csv,2026-08-15,,1.0,False
1658,PREMCO,INE001E01012,PREMCO GLOBAL LIMITED,1655,1,2026-04-20,True,nse_symbols_consolidated.csv,2026-08-15,,1.0,False
1659,PREMEXPLN,INE863B01029,PREMIER EXPLOSIVES LIMITED,1656,1,2016-06-17,True,nse_symbols_consolidated.csv,2026-08-15,,1.0,False
1660,PREMIER,INE342A01018,PREMIER LIMITED,1657,1,1996-04-03,True,nse_symbols_consolidated.csv,2026-08-15,,1.0,False
1661,PREMIERENE,INE0BS701011,PREMIER ENERGIES LIMITED,1658,1,2024-09-03,True,nse_symbols_consolidated.csv,2026-08-15,,1.0,False
1662,PREMIERPOL,INE309M01020,PREMIER POLYFILM LIMITED,1659,1,1995-12-13,True,nse_symbols_consolidated.csv,2026-08-15,,1.0,False
1663,PRESTIGE,INE811K01011,PRESTIGE ESTATES PROJECTS LIMITED,1660,1,2010-10-27,True,nse_symbols_consolidated.csv,2026-08-15,,1.0,False
1664,PRICOLLTD,INE726V01018,PRICOL LIMITED,1661,1,2017-02-10,True,nse_symbols_consolidated.csv,2026-08-15,,1.0,False
1665,PRIMESECU,INE032B01021,PRIME SECURITIES LIMITED,1662,1,2005-06-17,True,nse_symbols_consolidated.csv,2026-08-15,,1.0,False
1666,PRIMO,INE607A01022,PRIMO CHEMICALS LIMITED,1663,1,2025-04-22,True,nse_symbols_consolidated.csv,2026-08-15,,1.0,False
1667,PRINCEPIPE,INE689W01016,PRINCE PIPES AND FITTINGS LIMITED,1664,1,2019-12-30,True,nse_symbols_consolidated.csv,2026-08-15,,1.0,False
1668,PRITI,INE974Z01015,PRITI INTERNATIONAL LIMITED,1665,1,2022-03-02,True,nse_symbols_consolidated.csv,2026-08-15,,1.0,False
1669,PRITIKAUTO,INE583R01029,PRITIKA AUTO INDUSTRIES LIMITED,1666,1,2021-08-10,True,nse_symbols_consolidated.csv,2026-08-15,,1.0,False
1670,PRIVISCL,INE959A01019,PRIVI SPECIALITY CHEMICALS LIMITED,1667,1,2015-05-08,True,nse_symbols_consolidated.csv,2026-08-15,,1.0,False
1671,PROSTARM,INE0BX301013,PROSTARM INFO SYSTEMS LIMITED,1668,1,2025-06-03,True,nse_symbols_consolidated.csv,2026-08-15,,1.0,False
1672,PROTEAN,INE004A01022,PROTEAN EGOV TECHNOLOGIES LIMITED,1669,1,2025-02-06,True,nse_symbols_consolidated.csv,2026-08-15,,1.0,False
1673,PROZONER,INE195N01013,PROZONE REALTY LIMITED,1670,1,2012-09-12,True,nse_symbols_consolidated.csv,2026-08-15,,1.0,False
1674,PRSMJOHNSN,INE010A01011,PRISM JOHNSON LIMITED,1671,1,2003-08-20,True,nse_symbols_consolidated.csv,2026-08-15,,1.0,False
1675,PRUDENT,INE00F201020,PRUDENT CORPORATE ADVISORY SERVICES LIMITED,1672,1,2022-05-20,True,nse_symbols_consolidated.csv,2026-08-15,,1.0,False
1676,PRUDMOULI,INE024D01016,PRUDENTIAL SUGAR CORPORATION LIMITED,1673,1,1995-05-10,True,nse_symbols_consolidated.csv,2026-08-15,,1.0,False
1677,PSB,INE608A01012,PUNJAB AND SIND BANK,1674,1,2010-12-30,True,nse_symbols_consolidated.csv,2026-08-15,,1.0,False
1678,PSPPROJECT,INE488V01015,PSP PROJECTS LIMITED,1675,1,2017-05-29,True,nse_symbols_consolidated.csv,2026-08-15,,1.0,False
1679,PTC,INE877F01012,PTC INDIA LIMITED,1676,1,2004-04-07,True,nse_symbols_consolidated.csv,2026-08-15,,1.0,False
1680,PTCIL,INE596F01018,PTC INDUSTRIES LIMITED,1677,1,2023-06-09,True,nse_symbols_consolidated.csv,2026-08-15,,1.0,False
1681,PTL,INE034D01049,PTL ENTERPRISES LIMITED,1678,1,2007-01-29,True,nse_symbols_consolidated.csv,2026-08-15,,1.0,False
1682,PUNJABCHEM,INE277B01014,PUNJAB CHEMICALS AND CROP PROTECTION LIMITED,1679,1,2007-03-08,True,nse_symbols_consolidated.csv,2026-08-15,,1.0,False
1683,PURVA,INE323I01011,PURAVANKARA LIMITED,1680,1,2007-08-30,True,nse_symbols_consolidated.csv,2026-08-15,,1.0,False
1684,PVP,INE362A01016,PVP VENTURES LIMITED,1681,1,1996-04-03,True,nse_symbols_consolidated.csv,2026-08-15,,1.0,False
1685,PVRINOX,INE191H01014,PVR INOX LIMITED,1682,1,2006-01-04,True,nse_symbols_consolidated.csv,2026-08-15,,1.0,False
1686,PVSL,INE772T01024,POPULAR VEHICLES AND SERVICES LIMITED,1683,1,2024-03-19,True,nse_symbols_consolidated.csv,2026-08-15,,1.0,False
1687,PWL,INE0LP301011,PHYSICSWALLAH LIMITED,1684,1,2025-11-18,True,nse_symbols_consolidated.csv,2026-08-15,,1.0,False
1688,PYRAMID,INE0MIS01010,PYRAMID TECHNOPLAST LIMITED,1685,1,2023-08-29,True,nse_symbols_consolidated.csv,2026-08-15,,1.0,False
1689,QMSMEDI,INE0FMW01018,QMS MEDICAL ALLIED SERVICES LIMITED,1686,1,2026-06-18,True,nse_symbols_consolidated.csv,2026-08-15,,1.0,False
1690,QPOWER,INE0SII01026,QUALITY POWER ELECTRICAL EQUIPMENTS LIMITED,1687,1,2025-02-24,True,nse_symbols_consolidated.csv,2026-08-15,,1.0,False
1691,QUADFUTURE,INE0LRY01011,QUADRANT FUTURE TEK LIMITED,1688,1,2025-01-14,True,nse_symbols_consolidated.csv,2026-08-15,,1.0,False
1692,QUESS,INE615P01015,QUESS CORPORATION LIMITED,1689,1,2016-07-12,True,nse_symbols_consolidated.csv,2026-08-15,,1.0,False
1693,QUICKHEAL,INE306L01010,QUICK HEAL TECHNOLOGIES LIMITED,1690,1,2016-02-18,True,nse_symbols_consolidated.csv,2026-08-15,,1.0,False
1694,QUINT,INE641R01017,QUINT DIGITAL LIMITED,1691,1,2026-04-20,True,nse_symbols_consolidated.csv,2026-08-15,,1.0,False
1695,RACE,INE084Q01012,RACE ECO CHAIN LIMITED,1692,1,2023-05-09,True,nse_symbols_consolidated.csv,2026-08-15,,1.0,False
1696,RACLGEAR,INE704B01017,RACL GEARTECH LIMITED,1693,1,2024-11-27,True,nse_symbols_consolidated.csv,2026-08-15,,1.0,False
1697,RADAAN,INE874F01027,RADAAN MEDIAWORKS INDIA LIMITED,1694,1,2003-02-27,True,nse_symbols_consolidated.csv,2026-08-15,,1.0,False
1698,RADHIKAJWE,INE583V01021,RADHIKA JEWELTECH LIMITED,1695,1,2022-07-18,True,nse_symbols_consolidated.csv,2026-08-15,,1.0,False
1699,RADIANTCMS,INE855R01021,RADIANT CASH MANAGEMENT SERVICES LIMITED,1696,1,2023-01-04,True,nse_symbols_consolidated.csv,2026-08-15,,1.0,False
1700,RADICO,INE944F01028,RADICO KHAITAN LIMITED,1697,1,2003-06-18,True,nse_symbols_consolidated.csv,2026-08-15,,1.0,False
1701,RADIOCITY,INE919I01024,MUSIC BROADCAST LIMITED,1698,1,2017-03-17,True,nse_symbols_consolidated.csv,2026-08-15,,1.0,False
1702,RAILTEL,INE0DD101019,RAILTEL CORPORATION OF INDIA LIMITED,1699,1,2021-02-26,True,nse_symbols_consolidated.csv,2026-08-15,,1.0,False
1703,RAIN,INE855B01025,RAIN INDUSTRIES LIMITED,1700,1,2008-03-03,True,nse_symbols_consolidated.csv,2026-08-15,,1.0,False
1704,RAINBOW,INE961O01016,RAINBOW CHILDRENS MEDICARE LIMITED,1701,1,2022-05-10,True,nse_symbols_consolidated.csv,2026-08-15,,1.0,False
1705,RAJESHEXPO,INE343B01030,RAJESH EXPORTS LIMITED,1702,1,2000-02-09,True,nse_symbols_consolidated.csv,2026-08-15,,1.0,False
1706,RAJMET,INE00KV01022,RAJNANDINI METAL LIMITED,1703,1,2021-02-16,True,nse_symbols_consolidated.csv,2026-08-15,,1.0,False
1707,RAJOOENG,INE535F01024,RAJOO ENGINEERS LIMITED,1704,1,2025-05-29,True,nse_symbols_consolidated.csv,2026-08-15,,1.0,False
1708,RAJPALAYAM,INE296E01026,RAJAPALAYAM MILLS LIMITED,1705,1,2026-04-20,True,nse_symbols_consolidated.csv,2026-08-15,,1.0,False
1709,RAJRATAN,INE451D01029,RAJRATAN GLOBAL WIRE LIMITED,1706,1,2020-05-22,True,nse_symbols_consolidated.csv,2026-08-15,,1.0,False
1710,RAJRILTD,INE533D01032,RAJ RAYON INDUSTRIES LIMITED,1707,1,2022-03-16,True,nse_symbols_consolidated.csv,2026-08-15,,1.0,False
1711,RAJSREESUG,INE562B01019,RAJSHREE SUGARS AND CHEMICALS LIMITED,1708,1,1995-03-29,True,nse_symbols_consolidated.csv,2026-08-15,,1.0,False
1712,RAJTV,INE952H01027,RAJ TELEVISION NETWORK LIMITED,1709,1,2007-03-16,True,nse_symbols_consolidated.csv,2026-08-15,,1.0,False
1713,RALLIS,INE613A01020,RALLIS INDIA LIMITED,1710,1,1999-04-01,True,nse_symbols_consolidated.csv,2026-08-15,,1.0,False
1714,RAMANEWS,INE278B01020,SHREE RAMA NEWSPRINT LIMITED,1711,1,2006-09-20,True,nse_symbols_consolidated.csv,2026-08-15,,1.0,False
1715,RAMAPHO,INE809A01032,RAMA PHOSPHATES LIMITED,1712,1,2022-08-05,True,nse_symbols_consolidated.csv,2026-08-15,,1.0,False
1716,RAMASTEEL,INE230R01035,RAMA STEEL TUBES LIMITED,1713,1,2015-08-19,True,nse_symbols_consolidated.csv,2026-08-15,,1.0,False
1717,RAMBHAJO,INE1SJO01012,ADVIT JEWELS LIMITED,1714,1,2026-07-01,True,nse_symbols_consolidated.csv,2026-08-15,,1.0,False
1718,RAMCOCEM,INE331A01037,THE RAMCO CEMENTS LIMITED,1715,1,1997-04-09,True,nse_symbols_consolidated.csv,2026-08-15,,1.0,False
1719,RAMCOIND,INE614A01028,RAMCO INDUSTRIES LIMITED,1716,1,1996-11-06,True,nse_symbols_consolidated.csv,2026-08-15,,1.0,False
1720,RAMCOSYS,INE246B01019,RAMCO SYSTEMS LIMITED,1717,1,2000-04-12,True,nse_symbols_consolidated.csv,2026-08-15,,1.0,False
1721,RAMKY,INE874I01013,RAMKY INFRASTRUCTURE LIMITED,1718,1,2010-10-08,True,nse_symbols_consolidated.csv,2026-08-15,,1.0,False
1722,RAMRAT,INE207E01023,RAM RATNA WIRES LIMITED,1719,1,2022-07-29,True,nse_symbols_consolidated.csv,2026-08-15,,1.0,False
1723,RANASUG,INE625B01014,RANA SUGARS LIMITED,1720,1,2005-02-24,True,nse_symbols_consolidated.csv,2026-08-15,,1.0,False
1724,RANEHOLDIN,INE384A01010,RANE HOLDINGS LIMITED,1721,1,1997-09-24,True,nse_symbols_consolidated.csv,2026-08-15,,1.0,False
1725,RATEGAIN,INE0CLI01024,RATEGAIN TRAVEL TECHNOLOGIES LIMITED,1722,1,2021-12-17,True,nse_symbols_consolidated.csv,2026-08-15,,1.0,False
1726,RATNAMANI,INE703B01027,RATNAMANI METALS AND TUBES LIMITED,1723,1,2006-05-09,True,nse_symbols_consolidated.csv,2026-08-15,,1.0,False
1727,RATNAVEER,INE05CZ01011,RATNAVEER PRECISION ENGINEERING LIMITED,1724,1,2023-09-11,True,nse_symbols_consolidated.csv,2026-08-15,,1.0,False
1728,RAYMOND,INE301A01014,RAYMOND LIMITED,1725,1,1995-10-18,True,nse_symbols_consolidated.csv,2026-08-15,,1.0,False
1729,RAYMONDLSL,INE02ID01020,RAYMOND LIFESTYLE LIMITED,1726,1,2024-09-05,True,nse_symbols_consolidated.csv,2026-08-15,,1.0,False
1730,RAYMONDREL,INE1SY401010,RAYMOND REALTY LIMITED,1727,1,2025-07-01,True,nse_symbols_consolidated.csv,2026-08-15,,1.0,False
1731,RBA,INE07T201019,RESTAURANT BRANDS ASIA LIMITED,1728,1,2020-12-14,True,nse_symbols_consolidated.csv,2026-08-15,,1.0,False
1732,RBLBANK,INE976G01028,RBL BANK LIMITED,1729,1,2016-08-31,True,nse_symbols_consolidated.csv,2026-08-15,,1.0,False
1733,RBZJEWEL,INE0PEQ01016,RBZ JEWELLERS LIMITED,1730,1,2023-12-27,True,nse_symbols_consolidated.csv,2026-08-15,,1.0,False
1734,RCF,INE027A01015,RASHTRIYA CHEMICALS AND FERTILIZERS LIMITED,1731,1,1998-01-07,True,nse_symbols_consolidated.csv,2026-08-15,,1.0,False
1735,RCOM,INE330H01018,RELIANCE COMMUNICATIONS LIMITED,1732,1,2006-03-06,True,nse_symbols_consolidated.csv,2026-08-15,,1.0,False
1736,RECLTD,INE020B01018,REC LIMITED,1733,1,2008-03-12,True,nse_symbols_consolidated.csv,2026-08-15,,1.0,False
1737,REDINGTON,INE891D01026,REDINGTON LIMITED,1734,1,2007-02-15,True,nse_symbols_consolidated.csv,2026-08-15,,1.0,False
1738,REDTAPE,INE0LXT01019,REDTAPE LIMITED,1735,1,2023-08-11,True,nse_symbols_consolidated.csv,2026-08-15,,1.0,False
1739,REFEX,INE056I01025,REFEX INDUSTRIES LIMITED,1736,1,2009-12-03,True,nse_symbols_consolidated.csv,2026-08-15,,1.0,False
1740,REGAAL,INE0MHO01029,REGAAL RESOURCES LIMITED,1737,1,2025-08-20,True,nse_symbols_consolidated.csv,2026-08-15,,1.0,False
1741,REGENCERAM,INE277C01012,REGENCY CERAMICS LIMITED,1738,1,1996-06-05,True,nse_symbols_consolidated.csv,2026-08-15,,1.0,False
1742,RELAXO,INE131B01039,RELAXO FOOTWEARS LIMITED,1739,1,2011-06-17,True,nse_symbols_consolidated.csv,2026-08-15,,1.0,False
1743,RELCHEMQ,INE750D01016,RELIANCE CHEMOTEX INDUSTRIES LIMITED,1740,1,2022-05-25,True,nse_symbols_consolidated.csv,2026-08-15,,1.0,False
1744,RELIABLE,INE375Y01018,RELIABLE DATA SERVICES LIMITED,1741,1,2024-07-10,True,nse_symbols_consolidated.csv,2026-08-15,,1.0,False
1745,RELIANCE,INE002A01018,RELIANCE INDUSTRIES LIMITED,1742,1,1995-11-29,True,nse_symbols_consolidated.csv,2026-08-15,,1.0,False
1746,RELIGARE,INE621H01010,RELIGARE ENTERPRISES LIMITED,1743,1,2007-11-21,True,nse_symbols_consolidated.csv,2026-08-15,,1.0,False
1747,RELINFRA,INE036A01016,RELIANCE INFRASTRUCTURE LIMITED,1744,1,1995-02-08,True,nse_symbols_consolidated.csv,2026-08-15,,1.0,False
1748,RELTD,INE206N01018,RAVINDRA ENERGY LIMITED,1745,1,2024-07-30,True,nse_symbols_consolidated.csv,2026-08-15,,1.0,False
1749,REMSONSIND,INE474C01023,REMSONS INDUSTRIES LIMITED,1746,1,1996-01-31,True,nse_symbols_consolidated.csv,2026-08-15,,1.0,False
1750,RENUKA,INE087H01022,SHREE RENUKA SUGARS LIMITED,1747,1,2005-10-31,True,nse_symbols_consolidated.csv,2026-08-15,,1.0,False
1751,REPCOHOME,INE612J01015,REPCO HOME FINANCE LIMITED,1748,1,2013-04-01,True,nse_symbols_consolidated.csv,2026-08-15,,1.0,False
1752,REPL,INE364Z01019,RUDRABHISHEK ENTERPRISES LIMITED,1749,1,2020-12-14,True,nse_symbols_consolidated.csv,2026-08-15,,1.0,False
1753,REPRO,INE461B01014,REPRO INDIA LIMITED,1750,1,2005-12-22,True,nse_symbols_consolidated.csv,2026-08-15,,1.0,False
1754,RESPONIND,INE688D01026,RESPONSIVE INDUSTRIES LIMITED,1751,1,2010-10-29,True,nse_symbols_consolidated.csv,2026-08-15,,1.0,False
1755,RETAIL,INE03DD01011,JHS SVENDGAARD RETAIL VENTURES LIMITED,1752,1,2024-06-26,True,nse_symbols_consolidated.csv,2026-08-15,,1.0,False
1756,RGL,INE722H01024,RENAISSANCE GLOBAL LIMITED,1753,1,2007-12-12,True,nse_symbols_consolidated.csv,2026-08-15,,1.0,False
1757,RHETAN,INE0KKN01029,RHETAN TMT LIMITED,1754,1,2025-09-26,True,nse_symbols_consolidated.csv,2026-08-15,,1.0,False
1758,RHFL,INE217K01011,RELIANCE HOME FINANCE LIMITED,1755,1,2017-09-22,True,nse_symbols_consolidated.csv,2026-08-15,,1.0,False
1759,RHIM,INE743M01012,RHI MAGNESITA INDIA LIMITED,1756,1,2012-03-12,True,nse_symbols_consolidated.csv,2026-08-15,,1.0,False
1760,RHL,INE508K01013,ROBUST HOTELS LIMITED,1757,1,2023-04-25,True,nse_symbols_consolidated.csv,2026-08-15,,1.0,False
1761,RICOAUTO,INE209B01025,RICO AUTO INDUSTRIES LIMITED,1758,1,2003-05-12,True,nse_symbols_consolidated.csv,2026-08-15,,1.0,False
1762,RIIL,INE046A01015,RELIANCE INDUSTRIAL INFRASTRUCTURE LIMITED,1759,1,1995-11-29,True,nse_symbols_consolidated.csv,2026-08-15,,1.0,False
1763,RIR,INE302D01024,RIR POWER ELECTRONICS LIMITED,1760,1,2026-07-16,True,nse_symbols_consolidated.csv,2026-08-15,,1.0,False
1764,RISHABH,INE0N2P01017,RISHABH INSTRUMENTS LIMITED,1761,1,2023-09-11,True,nse_symbols_consolidated.csv,2026-08-15,,1.0,False
1765,RITCO,INE01EG01016,RITCO LOGISTICS LIMITED,1762,1,2022-04-12,True,nse_symbols_consolidated.csv,2026-08-15,,1.0,False
1766,RITES,INE320J01015,RITES LIMITED,1763,1,2018-07-02,True,nse_symbols_consolidated.csv,2026-08-15,,1.0,False
1767,RKDL,INE722J01012,RAVI KUMAR DISTILLERIES LIMITED,1764,1,2010-12-27,True,nse_symbols_consolidated.csv,2026-08-15,,1.0,False
1768,RKEC,INE786W01010,RKEC PROJECTS LIMITED,1765,1,2020-12-18,True,nse_symbols_consolidated.csv,2026-08-15,,1.0,False
1769,RKFORGE,INE399G01023,RAMKRISHNA FORGINGS LIMITED,1766,1,2004-05-05,True,nse_symbols_consolidated.csv,2026-08-15,,1.0,False
1770,RKSWAMY,INE0NQ801033,R K SWAMY LIMITED,1767,1,2024-03-12,True,nse_symbols_consolidated.csv,2026-08-15,,1.0,False
1771,RMC,INE655V01019,RMC SWITCHGEARS LIMITED,1768,1,2026-04-01,True,nse_symbols_consolidated.csv,2026-08-15,,1.0,False
1772,RMDRIP,INE219Y01026,R M DRIP AND SPRINKLERS SYSTEMS LIMITED,1769,1,2025-07-30,True,nse_symbols_consolidated.csv,2026-08-15,,1.0,False
1773,RML,INE050H01012,RANE (MADRAS) LIMITED,1770,1,2005-08-30,True,nse_symbols_consolidated.csv,2026-08-15,,1.0,False
1774,RNBDENIMS,INE012Q01039,RANDB DENIMS LIMITED,1771,1,2025-09-04,True,nse_symbols_consolidated.csv,2026-08-15,,1.0,False
1775,ROHLTD,INE283H01019,ROYAL ORCHID HOTELS LIMITED,1772,1,2006-02-06,True,nse_symbols_consolidated.csv,2026-08-15,,1.0,False
1776,ROLEXRINGS,INE645S01024,ROLEX RINGS LIMITED,1773,1,2021-08-09,True,nse_symbols_consolidated.csv,2026-08-15,,1.0,False
1777,ROLLT,INE927A01040,ROLLATAINERS LIMITED,1774,1,2016-11-22,True,nse_symbols_consolidated.csv,2026-08-15,,1.0,False
1778,ROML,INE294G01026,RAJ OIL MILLS LIMITED,1775,1,2020-10-06,True,nse_symbols_consolidated.csv,2026-08-15,,1.0,False
1779,ROSSARI,INE02A801020,ROSSARI BIOTECH LIMITED,1776,1,2020-07-23,True,nse_symbols_consolidated.csv,2026-08-15,,1.0,False
1780,ROSSELLIND,INE847C01020,ROSSELL INDIA LIMITED,1777,1,2012-09-25,True,nse_symbols_consolidated.csv,2026-08-15,,1.0,False
1781,ROSSTECH,INE0OJW01016,ROSSELL TECHSYS LIMITED,1778,1,2024-12-09,True,nse_symbols_consolidated.csv,2026-08-15,,1.0,False
1782,ROTO,INE535D01037,ROTO PUMPS LIMITED,1779,1,2022-04-21,True,nse_symbols_consolidated.csv,2026-08-15,,1.0,False
1783,ROUTE,INE450U01017,ROUTE MOBILE LIMITED,1780,1,2020-09-21,True,nse_symbols_consolidated.csv,2026-08-15,,1.0,False
1784,RPEL,INE912T01018,RAGHAV PRODUCTIVITY ENHANCERS LIMITED,1781,1,2024-08-08,True,nse_symbols_consolidated.csv,2026-08-15,,1.0,False
1785,RPGLIFE,INE105J01010,RPG LIFE SCIENCES LIMITED,1782,1,2008-06-10,True,nse_symbols_consolidated.csv,2026-08-15,,1.0,False
1786,RPOWER,INE614G01033,RELIANCE POWER LIMITED,1783,1,2008-02-11,True,nse_symbols_consolidated.csv,2026-08-15,,1.0,False
1787,RPPINFRA,INE324L01013,R.P.P. INFRA PROJECTS LIMITED,1784,1,2010-12-06,True,nse_symbols_consolidated.csv,2026-08-15,,1.0,False
1788,RPPL,INE760W01023,RAJSHREE POLYPACK LIMITED,1785,1,2021-11-26,True,nse_symbols_consolidated.csv,2026-08-15,,1.0,False
1789,RPSGVENT,INE425Y01011,RPSG VENTURES LIMITED,1786,1,2019-01-25,True,nse_symbols_consolidated.csv,2026-08-15,,1.0,False
1790,RPTECH,INE0J1F01024,RASHI PERIPHERALS LIMITED,1787,1,2024-02-14,True,nse_symbols_consolidated.csv,2026-08-15,,1.0,False
1791,RRIL,INE951M01037,RRIL LIMITED,1788,1,2026-04-20,True,nse_symbols_consolidated.csv,2026-08-15,,1.0,False
1792,RRKABEL,INE777K01022,R R KABEL LIMITED,1789,1,2023-09-20,True,nse_symbols_consolidated.csv,2026-08-15,,1.0,False
1793,RSDFIN,INE616F01022,RSD FINANCE LIMITED,1790,1,2026-04-20,True,nse_symbols_consolidated.csv,2026-08-15,,1.0,False
1794,RSL,INE313L01016,RAJPUTANA STAINLESS LIMITED,1791,1,2026-03-19,True,nse_symbols_consolidated.csv,2026-08-15,,1.0,False
1795,RSSOFTWARE,INE165B01029,R. S. SOFTWARE (INDIA) LIMITED,1792,1,1999-05-19,True,nse_symbols_consolidated.csv,2026-08-15,,1.0,False
1796,RSWM,INE611A01016,RSWM LIMITED,1793,1,1995-02-15,True,nse_symbols_consolidated.csv,2026-08-15,,1.0,False
1797,RSYSTEMS,INE411H01032,R SYSTEMS INTERNATIONAL LIMITED,1794,1,2006-04-26,True,nse_symbols_consolidated.csv,2026-08-15,,1.0,False
1798,RTNINDIA,INE834M01019,RATTANINDIA ENTERPRISES LIMITED,1795,1,2012-07-30,True,nse_symbols_consolidated.csv,2026-08-15,,1.0,False
1799,RTNPOWER,INE399K01017,RATTANINDIA POWER LIMITED,1796,1,2009-10-30,True,nse_symbols_consolidated.csv,2026-08-15,,1.0,False
1800,RUBFILA,INE642C01025,RUBFILA INTERNATIONAL LIMITED,1797,1,2024-08-08,True,nse_symbols_consolidated.csv,2026-08-15,,1.0,False
1801,RUBICON,INE506V01022,RUBICON RESEARCH LIMITED,1798,1,2025-10-16,True,nse_symbols_consolidated.csv,2026-08-15,,1.0,False
1802,RUBYMILLS,INE301D01026,THE RUBY MILLS LIMITED,1799,1,1995-03-29,True,nse_symbols_consolidated.csv,2026-08-15,,1.0,False
1803,RUCHINFRA,INE413B01023,RUCHI INFRASTRUCTURE LIMITED,1800,1,1996-10-16,True,nse_symbols_consolidated.csv,2026-08-15,,1.0,False
1804,RUCHIRA,INE803H01014,RUCHIRA PAPERS LIMITED,1801,1,2006-12-20,True,nse_symbols_consolidated.csv,2026-08-15,,1.0,False
1805,RUDRA,INE027T01023,RUDRA GLOBAL INFRA PRODUCTS LIMITED,1802,1,2025-12-19,True,nse_symbols_consolidated.csv,2026-08-15,,1.0,False
1806,RUPA,INE895B01021,RUPA AND COMPANY LIMITED,1803,1,2011-12-07,True,nse_symbols_consolidated.csv,2026-08-15,,1.0,False
1807,RUSHIL,INE573K01025,RUSHIL DECOR LIMITED,1804,1,2011-07-07,True,nse_symbols_consolidated.csv,2026-08-15,,1.0,False
1808,RUSTOMJEE,INE263M01029,KEYSTONE REALTORS LIMITED,1805,1,2022-11-24,True,nse_symbols_consolidated.csv,2026-08-15,,1.0,False
1809,RVHL,INE09E501017,RAVINDER HEIGHTS LIMITED,1806,1,2020-12-18,True,nse_symbols_consolidated.csv,2026-08-15,,1.0,False
1810,RVNL,INE415G01027,RAIL VIKAS NIGAM LIMITED,1807,1,2019-04-11,True,nse_symbols_consolidated.csv,2026-08-15,,1.0,False
1811,RVTH,INE0DAB01012,REVATHI EQUIPMENT INDIA LIMITED,1808,1,2024-09-11,True,nse_symbols_consolidated.csv,2026-08-15,,1.0,False
1812,S&SPOWER,INE902B01017,SANDS POWER SWITCHGEARS LIMITED,1809,1,1995-09-27,True,nse_symbols_consolidated.csv,2026-08-15,,1.0,False
1813,SAATVIKGL,INE13B501022,SAATVIK GREEN ENERGY LIMITED,1810,1,2025-09-26,True,nse_symbols_consolidated.csv,2026-08-15,,1.0,False
1814,SADBHAV,INE226H01026,SADBHAV ENGINEERING LIMITED,1811,1,2006-03-01,True,nse_symbols_consolidated.csv,2026-08-15,,1.0,False
1815,SADBHIN,INE764L01010,SADBHAV INFRASTRUCTURE PROJECT LIMITED,1812,1,2015-09-16,True,nse_symbols_consolidated.csv,2026-08-15,,1.0,False
1816,SADHNANIQ,INE888C01040,SADHANA NITROCHEM LIMITED,1813,1,2023-05-05,True,nse_symbols_consolidated.csv,2026-08-15,,1.0,False
1817,SAFARI,INE429E01023,SAFARI INDUSTRIES (INDIA) LIMITED,1814,1,2019-09-12,True,nse_symbols_consolidated.csv,2026-08-15,,1.0,False
1818,SAGARDEEP,INE976T01013,SAGARDEEP ALLOYS LIMITED,1815,1,2019-01-25,True,nse_symbols_consolidated.csv,2026-08-15,,1.0,False
1819,SAGCEM,INE229C01021,SAGAR CEMENTS LIMITED,1816,1,2007-01-29,True,nse_symbols_consolidated.csv,2026-08-15,,1.0,False
1820,SAGILITY,INE0W2G01015,SAGILITY LIMITED,1817,1,2024-11-12,True,nse_symbols_consolidated.csv,2026-08-15,,1.0,False
1821,SAHLIBHFI,INE861D01011,SHALIBHADRA FINANCE LIMITED,1818,1,2026-04-10,True,nse_symbols_consolidated.csv,2026-08-15,,1.0,False
1822,SAHYADRI,INE280H01015,SAHYADRI INDUSTRIES LIMITED,1819,1,2023-04-06,True,nse_symbols_consolidated.csv,2026-08-15,,1.0,False
1823,SAIL,INE114A01011,STEEL AUTHORITY OF INDIA LIMITED,1820,1,1995-07-06,True,nse_symbols_consolidated.csv,2026-08-15,,1.0,False
1824,SAILIFE,INE570L01029,SAI LIFE SCIENCES LIMITED,1821,1,2024-12-18,True,nse_symbols_consolidated.csv,2026-08-15,,1.0,False
1825,SAIPARENT,INE0H9F01037,SAI PARENTERALS LIMITED,1822,1,2026-04-02,True,nse_symbols_consolidated.csv,2026-08-15,,1.0,False
1826,SAKAR,INE732S01012,SAKAR HEALTHCARE LIMITED,1823,1,2019-04-11,True,nse_symbols_consolidated.csv,2026-08-15,,1.0,False
1827,SAKHTISUG,INE623A01011,SAKTHI SUGARS LIMITED,1824,1,1995-09-06,True,nse_symbols_consolidated.csv,2026-08-15,,1.0,False
1828,SAKSOFT,INE667G01023,SAKSOFT LIMITED,1825,1,2005-05-09,True,nse_symbols_consolidated.csv,2026-08-15,,1.0,False
1829,SAKUMA,INE190H01024,SAKUMA EXPORTS LIMITED,1826,1,2006-03-08,True,nse_symbols_consolidated.csv,2026-08-15,,1.0,False
1830,SALASAR,INE170V01027,SALASAR TECHNO ENGINEERING LIMITED,1827,1,2017-07-25,True,nse_symbols_consolidated.csv,2026-08-15,,1.0,False
1831,SALONA,INE498E01010,SALONA COTSPIN LIMITED,1828,1,2016-06-16,True,nse_symbols_consolidated.csv,2026-08-15,,1.0,False
1832,SALSTEEL,INE658G01014,S.A.L. STEEL LIMITED,1829,1,2004-11-24,True,nse_symbols_consolidated.csv,2026-08-15,,1.0,False
1833,SALZERELEC,INE457F01013,SALZER ELECTRONICS LIMITED,1830,1,2015-12-02,True,nse_symbols_consolidated.csv,2026-08-15,,1.0,False
1834,SAMBHAAV,INE699B01027,SAMBHAAV MEDIA LIMITED,1831,1,1996-06-05,True,nse_symbols_consolidated.csv,2026-08-15,,1.0,False
1835,SAMBHV,INE12NJ01018,SAMBHV STEEL TUBES LIMITED,1832,1,2025-07-02,True,nse_symbols_consolidated.csv,2026-08-15,,1.0,False
1836,SAMHI,INE08U801020,SAMHI HOTELS LIMITED,1833,1,2023-09-22,True,nse_symbols_consolidated.csv,2026-08-15,,1.0,False
1837,SAMMAANCAP,INE148I01020,SAMMAAN CAPITAL LIMITED,1834,1,2013-07-23,True,nse_symbols_consolidated.csv,2026-08-15,,1.0,False
1838,SAMPANN,INE735M01018,SAMPANN UTPADAN INDIA LIMITED,1835,1,2012-07-27,True,nse_symbols_consolidated.csv,2026-08-15,,1.0,False
1839,SANATHAN,INE0JPD01013,SANATHAN TEXTILES LIMITED,1836,1,2024-12-27,True,nse_symbols_consolidated.csv,2026-08-15,,1.0,False
1840,SANDESH,INE583B01015,THE SANDESH LIMITED,1837,1,2002-11-26,True,nse_symbols_consolidated.csv,2026-08-15,,1.0,False
1841,SANDHAR,INE278H01035,SANDHAR TECHNOLOGIES LIMITED,1838,1,2018-04-02,True,nse_symbols_consolidated.csv,2026-08-15,,1.0,False
1842,SANDUMA,INE149K01016,SANDUR MANGANESE AND IRON ORES LIMITED,1839,1,2023-09-07,True,nse_symbols_consolidated.csv,2026-08-15,,1.0,False
1843,SANGAMIND,INE495C01010,SANGAM (INDIA) LIMITED,1840,1,1996-07-17,True,nse_symbols_consolidated.csv,2026-08-15,,1.0,False
1844,SANGHVIMOV,INE989A01032,SANGHVI MOVERS LIMITED,1841,1,2007-01-24,True,nse_symbols_consolidated.csv,2026-08-15,,1.0,False
1845,SANGINITA,INE753W01010,SANGINITA CHEMICALS LIMITED,1842,1,2019-07-15,True,nse_symbols_consolidated.csv,2026-08-15,,1.0,False
1846,SANOFI,INE058A01010,SANOFI INDIA LIMITED,1843,1,2003-05-19,True,nse_symbols_consolidated.csv,2026-08-15,,1.0,False
1847,SANOFICONR,INE0UOS01011,SANOFI CONSUMER HEALTHCARE INDIA LIMITED,1844,1,2024-09-13,True,nse_symbols_consolidated.csv,2026-08-15,,1.0,False
1848,SANSERA,INE953O01021,SANSERA ENGINEERING LIMITED,1845,1,2021-09-24,True,nse_symbols_consolidated.csv,2026-08-15,,1.0,False
1849,SANSTAR,INE08NE01025,SANSTAR LIMITED,1846,1,2024-07-26,True,nse_symbols_consolidated.csv,2026-08-15,,1.0,False
1850,SANWARIA,INE890C01046,SANWARIA CONSUMER LIMITED,1847,1,2006-03-27,True,nse_symbols_consolidated.csv,2026-08-15,,1.0,False
1851,SAPPHIRE,INE806T01020,SAPPHIRE FOODS INDIA LIMITED,1848,1,2021-11-18,True,nse_symbols_consolidated.csv,2026-08-15,,1.0,False
1852,SAPPL,INE185C01017,SHREE AJIT PULP AND PAPER LIMITED,1849,1,2026-04-20,True,nse_symbols_consolidated.csv,2026-08-15,,1.0,False
1853,SARDAEN,INE385C01021,SARDA ENERGY AND MINERALS LIMITED,1850,1,2009-12-03,True,nse_symbols_consolidated.csv,2026-08-15,,1.0,False
1854,SAREGAMA,INE979A01025,SAREGAMA INDIA LIMITED,1851,1,1997-07-30,True,nse_symbols_consolidated.csv,2026-08-15,,1.0,False
1855,SARLAPOLY,INE453D01025,SARLA PERFORMANCE FIBERS LIMITED,1852,1,2007-01-19,True,nse_symbols_consolidated.csv,2026-08-15,,1.0,False
1856,SARVESHWAR,INE324X01026,SARVESHWAR FOODS LIMITED,1853,1,2022-12-08,True,nse_symbols_consolidated.csv,2026-08-15,,1.0,False
1857,SASKEN,INE231F01020,SASKEN TECHNOLOGIES LIMITED,1854,1,2005-09-09,True,nse_symbols_consolidated.csv,2026-08-15,,1.0,False
1858,SATIA,INE170E01023,SATIA INDUSTRIES LIMITED,1855,1,2019-07-17,True,nse_symbols_consolidated.csv,2026-08-15,,1.0,False
1859,SATIN,INE836B01017,SATIN CREDITCARE NETWORK LIMITED,1856,1,2015-08-26,True,nse_symbols_consolidated.csv,2026-08-15,,1.0,False
1860,SAURASHCEM,INE626A01014,SAURASHTRA CEMENT LIMITED,1857,1,2024-02-27,True,nse_symbols_consolidated.csv,2026-08-15,,1.0,False
1861,SAYAJIHOTL,INE318C01014,SAYAJI HOTELS LIMITED,1858,1,2026-04-20,True,nse_symbols_consolidated.csv,2026-08-15,,1.0,False
1862,SBC,INE04AK01028,SBC EXPORTS LIMITED,1859,1,2021-11-23,True,nse_symbols_consolidated.csv,2026-08-15,,1.0,False
1863,SBCL,INE386D01027,SHIVALIK BIMETAL CONTROLS LIMITED,1860,1,2021-06-24,True,nse_symbols_consolidated.csv,2026-08-15,,1.0,False
1864,SBFC,INE423Y01016,SBFC FINANCE LIMITED,1861,1,2023-08-16,True,nse_symbols_consolidated.csv,2026-08-15,,1.0,False
1865,SBGLP,INE05ST01028,SURATWWALA BUSINESS GROUP LIMITED,1862,1,2023-02-10,True,nse_symbols_consolidated.csv,2026-08-15,,1.0,False
1866,SBICARD,INE018E01016,SBI CARDS AND PAYMENT SERVICES LIMITED,1863,1,2020-03-16,True,nse_symbols_consolidated.csv,2026-08-15,,1.0,False
1867,SBIFUNDS,INE640G01020,SBI FUNDS MANAGEMENT LIMITED,1864,1,2026-07-21,True,nse_symbols_consolidated.csv,2026-08-15,,1.0,False
1868,SBILIFE,INE123W01016,SBI LIFE INSURANCE COMPANY LIMITED,1865,1,2017-10-03,True,nse_symbols_consolidated.csv,2026-08-15,,1.0,False
1869,SBIN,INE062A01020,STATE BANK OF INDIA,1866,1,1995-03-01,True,nse_symbols_consolidated.csv,2026-08-15,,1.0,False
1870,SCANSTL,INE099G01011,SCAN STEELS LIMITED,1867,1,2026-04-20,True,nse_symbols_consolidated.csv,2026-08-15,,1.0,False
1871,SCHAEFFLER,INE513A01022,SCHAEFFLER INDIA LIMITED,1868,1,2000-11-29,True,nse_symbols_consolidated.csv,2026-08-15,,1.0,False
1872,SCHAND,INE807K01035,S CHAND AND COMPANY LIMITED,1869,1,2017-05-09,True,nse_symbols_consolidated.csv,2026-08-15,,1.0,False
1873,SCHNEIDER,INE839M01018,SCHNEIDER ELECTRIC INFRASTRUCTURE LIMITED,1870,1,2012-03-20,True,nse_symbols_consolidated.csv,2026-08-15,,1.0,False
1874,SCI,INE109A01011,SHIPPING CORPORATION OF INDIA LIMITED,1871,1,1997-08-13,True,nse_symbols_consolidated.csv,2026-08-15,,1.0,False
1875,SCILAL,INE0PB301013,SHIPPING CORPORATION OF INDIA LAND AND ASSETS LIMITED,1872,1,2024-03-19,True,nse_symbols_consolidated.csv,2026-08-15,,1.0,False
1876,SCODATUBES,INE090501011,SCODA TUBES LIMITED,1873,1,2025-06-04,True,nse_symbols_consolidated.csv,2026-08-15,,1.0,False
1877,SCPL,INE501Y01019,SHEETAL COOL PRODUCTS LIMITED,1874,1,2022-11-22,True,nse_symbols_consolidated.csv,2026-08-15,,1.0,False
1878,SDBL,INE480C01038,SOM DISTILLERIES AND BREWERIES LIMITED,1875,1,2014-03-18,True,nse_symbols_consolidated.csv,2026-08-15,,1.0,False
1879,SEAMECLTD,INE497B01018,SEAMEC LIMITED,1876,1,1995-06-28,True,nse_symbols_consolidated.csv,2026-08-15,,1.0,False
1880,SECMARK,INE0BTM01013,SECMARK CONSULTANCY LIMITED,1877,1,2023-10-16,True,nse_symbols_consolidated.csv,2026-08-15,,1.0,False
1881,SECURKLOUD,INE650K01021,SECUREKLOUD TECHNOLOGIES LIMITED,1878,1,2014-01-29,True,nse_symbols_consolidated.csv,2026-08-15,,1.0,False
1882,SEDEMAC,INE00XB01019,SEDEMAC MECHATRONICS LIMITED,1879,1,2026-03-11,True,nse_symbols_consolidated.csv,2026-08-15,,1.0,False
1883,SEIL,INE440T01028,SHANTI EDUCATIONAL INITIATIVES LIMITED,1880,1,2026-04-20,True,nse_symbols_consolidated.csv,2026-08-15,,1.0,False
1884,SEJALLTD,INE955I01044,SEJAL GLASS LIMITED,1881,1,2021-12-13,True,nse_symbols_consolidated.csv,2026-08-15,,1.0,False
1885,SELMC,INE105I01020,SEL MANUFACTURING COMPANY LIMITED,1882,1,2021-10-26,True,nse_symbols_consolidated.csv,2026-08-15,,1.0,False
1886,SEMAC,INE617A01013,SEMAC CONSTRUCTION LIMITED,1883,1,2005-08-11,True,nse_symbols_consolidated.csv,2026-08-15,,1.0,False
1887,SENCO,INE602W01027,SENCO GOLD LIMITED,1884,1,2023-07-14,True,nse_symbols_consolidated.csv,2026-08-15,,1.0,False
1888,SENORES,INE0RB801010,SENORES PHARMACEUTICALS LIMITED,1885,1,2024-12-30,True,nse_symbols_consolidated.csv,2026-08-15,,1.0,False
1889,SEPC,INE964H01014,SEPC LIMITED,1886,1,2008-02-20,True,nse_symbols_consolidated.csv,2026-08-15,,1.0,False
1890,SERVOTECH,INE782X01033,SERVOTECH RENEWABLE POWER SYSTEM LIMITED,1887,1,2021-09-02,True,nse_symbols_consolidated.csv,2026-08-15,,1.0,False
1891,SESHAPAPER,INE630A01024,SESHASAYEE PAPER AND BOARDS LIMITED,1888,1,1995-03-29,True,nse_symbols_consolidated.csv,2026-08-15,,1.0,False
1892,SETCO,INE878E01021,SETCO AUTOMOTIVE LIMITED,1889,1,2016-07-01,True,nse_symbols_consolidated.csv,2026-08-15,,1.0,False
1893,SETL,INE0M4D01010,STANDARD ENGINEERING TECHNOLOGY LIMITED,1890,1,2025-01-13,True,nse_symbols_consolidated.csv,2026-08-15,,1.0,False
1894,SETUINFRA,INE023M01027,SETUBANDHAN INFRASTRUCTURE LIMITED,1891,1,2011-10-04,True,nse_symbols_consolidated.csv,2026-08-15,,1.0,False
1895,SEYAIND,INE573R01012,SEYA INDUSTRIES LIMITED,1892,1,2019-07-11,True,nse_symbols_consolidated.csv,2026-08-15,,1.0,False
1896,SFL,INE916U01025,SHEELA FOAM LIMITED,1893,1,2016-12-09,True,nse_symbols_consolidated.csv,2026-08-15,,1.0,False
1897,SGFIN,INE618R01015,SG FINSERVE LIMITED,1894,1,2025-08-05,True,nse_symbols_consolidated.csv,2026-08-15,,1.0,False
1898,SGIL,INE00QT01015,SYNERGY GREEN INDUSTRIES LIMITED,1895,1,2021-07-28,True,nse_symbols_consolidated.csv,2026-08-15,,1.0,False
1899,SGL,INE353H01010,STL GLOBAL LIMITED,1896,1,2006-04-10,True,nse_symbols_consolidated.csv,2026-08-15,,1.0,False
1900,SGMART,INE385F01024,SG MART LIMITED,1897,1,2025-09-12,True,nse_symbols_consolidated.csv,2026-08-15,,1.0,False
1901,SHADOWFAX,INE12UN01015,SHADOWFAX TECHNOLOGIES LIMITED,1898,1,2026-01-28,True,nse_symbols_consolidated.csv,2026-08-15,,1.0,False
1902,SHAH,INE482J01021,SHAH METACORP LIMITED,1899,1,2010-10-27,True,nse_symbols_consolidated.csv,2026-08-15,,1.0,False
1903,SHAHALLOYS,INE640C01011,SHAH ALLOYS LIMITED,1900,1,2005-06-16,True,nse_symbols_consolidated.csv,2026-08-15,,1.0,False
1904,SHAILY,INE151G01028,SHAILY ENGINEERING PLASTICS LIMITED,1901,1,2022-04-04,True,nse_symbols_consolidated.csv,2026-08-15,,1.0,False
1905,SHAKTIPUMP,INE908D01010,SHAKTI PUMPS (INDIA) LIMITED,1902,1,2015-01-29,True,nse_symbols_consolidated.csv,2026-08-15,,1.0,False
1906,SHALBY,INE597J01018,SHALBY LIMITED,1903,1,2017-12-15,True,nse_symbols_consolidated.csv,2026-08-15,,1.0,False
1907,SHALPAINTS,INE849C01026,SHALIMAR PAINTS LIMITED,1904,1,2008-03-03,True,nse_symbols_consolidated.csv,2026-08-15,,1.0,False
1908,SHANKARA,INE274V01019,SHANKARA BUILDING PRODUCTS LIMITED,1905,1,2017-04-05,True,nse_symbols_consolidated.csv,2026-08-15,,1.0,False
1909,SHANTI,INE933X01016,SHANTI OVERSEAS (INDIA) LIMITED,1906,1,2021-09-16,True,nse_symbols_consolidated.csv,2026-08-15,,1.0,False
1910,SHANTI-RE,INE06ZD20017,SHANTI GOLD INTERNATIONAL LIMITED-RE,1907,1,2026-08-14,True,nse_symbols_consolidated.csv,2026-08-15,,1.0,False
1911,SHANTIGEAR,INE631A01022,SHANTHI GEARS LIMITED,1908,1,1996-01-17,True,nse_symbols_consolidated.csv,2026-08-15,,1.0,False
1912,SHANTIGOLD,INE06ZD01017,SHANTI GOLD INTERNATIONAL LIMITED,1909,1,2025-08-01,True,nse_symbols_consolidated.csv,2026-08-15,,1.0,False
1913,SHARDACROP,INE221J01015,SHARDA CROPCHEM LIMITED,1910,1,2014-09-23,True,nse_symbols_consolidated.csv,2026-08-15,,1.0,False
1914,SHARDAMOTR,INE597I01028,SHARDA MOTOR INDUSTRIES LIMITED,1911,1,2015-09-03,True,nse_symbols_consolidated.csv,2026-08-15,,1.0,False
1915,SHARDUL,INE037B01020,SHARDUL SECURITIES LIMITED,1912,1,2026-04-20,True,nse_symbols_consolidated.csv,2026-08-15,,1.0,False
1916,SHAREINDIA,INE932X01026,SHARE INDIA SECURITIES LIMITED,1913,1,2020-09-21,True,nse_symbols_consolidated.csv,2026-08-15,,1.0,False
1917,SHBAJRG,INE402H01015,SHRI BAJRANG ALLIANCE LIMITED,1914,1,2026-04-20,True,nse_symbols_consolidated.csv,2026-08-15,,1.0,False
1918,SHEKHAWATI,INE268L01046,SHEKHAWATI INDUSTRIES LIMITED,1915,1,2011-01-12,True,nse_symbols_consolidated.csv,2026-08-15,,1.0,False
1919,SHEMAROO,INE363M01019,SHEMAROO ENTERTAINMENT LIMITED,1916,1,2014-10-01,True,nse_symbols_consolidated.csv,2026-08-15,,1.0,False
1920,SHILCTECH,INE024F01011,SHILCHAR TECHNOLOGIES LIMITED,1917,1,2025-11-24,True,nse_symbols_consolidated.csv,2026-08-15,,1.0,False
1921,SHILPAMED,INE790G01031,SHILPA MEDICARE LIMITED,1918,1,2009-12-03,True,nse_symbols_consolidated.csv,2026-08-15,,1.0,False
1922,SHINDL,INE220Z01013,SHARAT INDUSTRIES LIMITED,1919,1,2026-04-20,True,nse_symbols_consolidated.csv,2026-08-15,,1.0,False
1923,SHIVALIK,INE788J01021,SHIVALIK RASAYAN LIMITED,1920,1,2021-12-09,True,nse_symbols_consolidated.csv,2026-08-15,,1.0,False
1924,SHIVAMAUTO,INE637H01024,SHIVAM AUTOTECH LIMITED,1921,1,2006-11-21,True,nse_symbols_consolidated.csv,2026-08-15,,1.0,False
1925,SHIVAMILLS,INE644Y01017,SHIVA MILLS LIMITED,1922,1,2018-02-26,True,nse_symbols_consolidated.csv,2026-08-15,,1.0,False
1926,SHIVATEX,INE705C01020,SHIVA TEXYARN LIMITED,1923,1,2017-12-26,True,nse_symbols_consolidated.csv,2026-08-15,,1.0,False
1927,SHIVAUM,INE719F01016,SHIV AUM STEELS LIMITED,1924,1,2025-11-14,True,nse_symbols_consolidated.csv,2026-08-15,,1.0,False
1928,SHK,INE500L01026,S H KELKAR AND COMPANY LIMITED,1925,1,2015-11-16,True,nse_symbols_consolidated.csv,2026-08-15,,1.0,False
1929,SHOPERSTOP,INE498B01024,SHOPPERS STOP LIMITED,1926,1,2005-05-23,True,nse_symbols_consolidated.csv,2026-08-15,,1.0,False
1930,SHRADHA,INE715Y01031,SHRADHA REALTY LIMITED,1927,1,2020-10-22,True,nse_symbols_consolidated.csv,2026-08-15,,1.0,False
1931,SHREDIGCEM,INE232A01011,SHREE DIGVIJAY CEMENT CO.LIMITED,1928,1,2020-01-28,True,nse_symbols_consolidated.csv,2026-08-15,,1.0,False
1932,SHREECEM,INE070A01015,SHREE CEMENT LIMITED,1929,1,1995-04-26,True,nse_symbols_consolidated.csv,2026-08-15,,1.0,False
1933,SHREEJISPG,INE1B6101010,SHREEJI SHIPPING GLOBAL LIMITED,1930,1,2025-08-26,True,nse_symbols_consolidated.csv,2026-08-15,,1.0,False
1934,SHREEPUSHK,INE712K01011,SHREE PUSHKAR CHEMICALS AND FERTILISERS LIMITED,1931,1,2015-09-10,True,nse_symbols_consolidated.csv,2026-08-15,,1.0,False
1935,SHREERAMA,INE879A01019,SHREE RAMA MULTI-TECH LIMITED,1932,1,2000-03-13,True,nse_symbols_consolidated.csv,2026-08-15,,1.0,False
1936,SHRENIK,INE632X01030,SHRENIK LIMITED,1933,1,2019-08-02,True,nse_symbols_consolidated.csv,2026-08-15,,1.0,False
1937,SHREYANIND,INE231C01019,SHREYANS INDUSTRIES LIMITED,1934,1,1996-11-06,True,nse_symbols_consolidated.csv,2026-08-15,,1.0,False
1938,SHRIKRISH,INE997I01012,SHRI KRISHNA DEVCON LIMITED,1935,1,2026-04-20,True,nse_symbols_consolidated.csv,2026-08-15,,1.0,False
1939,SHRINGARMS,INE1B3L01017,SHRINGAR HOUSE OF MANGALSUTRA LIMITED,1936,1,2025-09-17,True,nse_symbols_consolidated.csv,2026-08-15,,1.0,False
1940,SHRIPISTON,INE526E01018,SPR AUTO TECHNOLOGIES LIMITED,1937,1,2016-06-02,True,nse_symbols_consolidated.csv,2026-08-15,,1.0,False
1941,SHRIRAMFIN,INE721A01047,SHRIRAM FINANCE LIMITED,1938,1,1996-12-11,True,nse_symbols_consolidated.csv,2026-08-15,,1.0,False
1942,SHRIRAMPPS,INE217L01019,SHRIRAM PROPERTIES LIMITED,1939,1,2021-12-20,True,nse_symbols_consolidated.csv,2026-08-15,,1.0,False
1943,SHUKRAPHAR,INE551C01044,SHUKRA PHARMACEUTICALS LIMITED,1940,1,2026-08-14,True,nse_symbols_consolidated.csv,2026-08-15,,1.0,False
1944,SHYAMCENT,INE979R01011,SHYAM CENTURY FERROUS LIMITED,1941,1,2015-07-28,True,nse_symbols_consolidated.csv,2026-08-15,,1.0,False
1945,SHYAMMETL,INE810G01011,SHYAM METALICS AND ENERGY LIMITED,1942,1,2021-06-24,True,nse_symbols_consolidated.csv,2026-08-15,,1.0,False
1946,SHYAMTEL,INE635A01023,SHYAM TELECOM LIMITED,1943,1,2006-11-06,True,nse_symbols_consolidated.csv,2026-08-15,,1.0,False
1947,SICAGEN,INE176J01011,SICAGEN INDIA LIMITED,1944,1,2026-04-20,True,nse_symbols_consolidated.csv,2026-08-15,,1.0,False
1948,SICALLOG,INE075B01020,SICAL LOGISTICS LIMITED,1945,1,2023-10-12,True,nse_symbols_consolidated.csv,2026-08-15,,1.0,False
1949,SIEMENS,INE003A01024,SIEMENS LIMITED,1946,1,1995-09-06,True,nse_symbols_consolidated.csv,2026-08-15,,1.0,False
1950,SIGACHI,INE0D0K01022,SIGACHI INDUSTRIES LIMITED,1947,1,2021-11-15,True,nse_symbols_consolidated.csv,2026-08-15,,1.0,False
1951,SIGIND,INE529F01035,SIGNET INDUSTRIES LIMITED,1948,1,2018-08-29,True,nse_symbols_consolidated.csv,2026-08-15,,1.0,False
1952,SIGMA,INE0A0S01028,SIGMA SOLVE LIMITED,1949,1,2023-06-09,True,nse_symbols_consolidated.csv,2026-08-15,,1.0,False
1953,SIGMAADV,INE933B01012,SIGMA ADVANCED SYSTEMS LIMITED,1950,1,2007-07-19,True,nse_symbols_consolidated.csv,2026-08-15,,1.0,False
1954,SIGNATURE,INE903U01023,SIGNATUREGLOBAL (INDIA) LIMITED,1951,1,2023-09-27,True,nse_symbols_consolidated.csv,2026-08-15,,1.0,False
1955,SIGNPOST,INE0KGZ01021,SIGNPOST INDIA LIMITED,1952,1,2024-02-14,True,nse_symbols_consolidated.csv,2026-08-15,,1.0,False
1956,SIKA,INE438E01032,SIKA INTERPLANT SYSTEMS LIMITED,1953,1,2026-04-20,True,nse_symbols_consolidated.csv,2026-08-15,,1.0,False
1957,SIKKO,INE112X01025,SIKKO INDUSTRIES LIMITED,1954,1,2021-10-22,True,nse_symbols_consolidated.csv,2026-08-15,,1.0,False
1958,SIL,INE173A01025,STANDARD INDUSTRIES LIMITED,1955,1,2004-01-27,True,nse_symbols_consolidated.csv,2026-08-15,,1.0,False
1959,SILGO,INE01II01013,SILGO RETAIL LIMITED,1956,1,2021-03-03,True,nse_symbols_consolidated.csv,2026-08-15,,1.0,False
1960,SILINV,INE923A01015,SIL INVESTMENTS LIMITED,1957,1,1996-05-22,True,nse_symbols_consolidated.csv,2026-08-15,,1.0,False
1961,SILLYMONKS,INE203Y01012,SILLY MONKS ENTERTAINMENT LIMITED,1958,1,2020-07-08,True,nse_symbols_consolidated.csv,2026-08-15,,1.0,False
1962,SILVERTUC,INE625X01026,SILVER TOUCH TECHNOLOGIES LIMITED,1959,1,2022-05-12,True,nse_symbols_consolidated.csv,2026-08-15,,1.0,False
1963,SIMBHALS,INE748T01016,SIMBHAOLI SUGARS LIMITED,1960,1,2016-03-14,True,nse_symbols_consolidated.csv,2026-08-15,,1.0,False
1964,SIMPLEXINF,INE059B01024,SIMPLEX INFRASTRUCTURES LIMITED,1961,1,2004-03-09,True,nse_symbols_consolidated.csv,2026-08-15,,1.0,False
1965,SINCLAIR,INE985A01022,SINCLAIRS HOTELS LIMITED,1962,1,2024-04-10,True,nse_symbols_consolidated.csv,2026-08-15,,1.0,False
1966,SINDHUTRAD,INE325D01025,SINDHU TRADE LINKS LIMITED,1963,1,2023-06-20,True,nse_symbols_consolidated.csv,2026-08-15,,1.0,False
1967,SINGERIND,INE638A01035,SINGER INDIA LIMITED,1964,1,2026-03-19,True,nse_symbols_consolidated.csv,2026-08-15,,1.0,False
1968,SINTERCOM,INE129Z01016,SINTERCOM INDIA LIMITED,1965,1,2020-10-07,True,nse_symbols_consolidated.csv,2026-08-15,,1.0,False
1969,SIRCA,INE792Z01011,SIRCA PAINTS INDIA LIMITED,1966,1,2019-07-22,True,nse_symbols_consolidated.csv,2026-08-15,,1.0,False
1970,SIS,INE285J01028,SIS LIMITED,1967,1,2017-08-10,True,nse_symbols_consolidated.csv,2026-08-15,,1.0,False
1971,SITINET,INE965H01011,SITI NETWORKS LIMITED,1968,1,2007-01-10,True,nse_symbols_consolidated.csv,2026-08-15,,1.0,False
1972,SIYSIL,INE076B01028,SIYARAM SILK MILLS LIMITED,1969,1,2007-01-29,True,nse_symbols_consolidated.csv,2026-08-15,,1.0,False
1973,SJS,INE284S01014,S.J.S. ENTERPRISES LIMITED,1970,1,2021-11-15,True,nse_symbols_consolidated.csv,2026-08-15,,1.0,False
1974,SJVN,INE002L01015,SJVN LIMITED,1971,1,2010-05-20,True,nse_symbols_consolidated.csv,2026-08-15,,1.0,False
1975,SKFINDIA,INE640A01023,SKF INDIA LIMITED,1972,1,1999-01-27,True,nse_symbols_consolidated.csv,2026-08-15,,1.0,False
1976,SKFINDUS,INE2J8701016,SKF INDIA (INDUSTRIAL) LIMITED,1973,1,2025-12-05,True,nse_symbols_consolidated.csv,2026-08-15,,1.0,False
1977,SKIPPER,INE439E01022,SKIPPER LIMITED,1974,1,2015-05-27,True,nse_symbols_consolidated.csv,2026-08-15,,1.0,False
1978,SKMEGGPROD,INE411D01023,SKM EGG PRODUCTS EXPORT (INDIA) LIMITED,1975,1,1997-03-14,True,nse_symbols_consolidated.csv,2026-08-15,,1.0,False
1979,SKYGOLD,INE01IU01018,SKY GOLD AND DIAMONDS LIMITED,1976,1,2023-01-06,True,nse_symbols_consolidated.csv,2026-08-15,,1.0,False
1980,SMARTLINK,INE178C01020,SMARTLINK HOLDINGS LIMITED,1977,1,2001-04-11,True,nse_symbols_consolidated.csv,2026-08-15,,1.0,False
1981,SMARTWORKS,INE0NAZ01010,SMARTWORKS COWORKING SPACES LIMITED,1978,1,2025-07-17,True,nse_symbols_consolidated.csv,2026-08-15,,1.0,False
1982,SMCGLOBAL,INE103C01036,SMC GLOBAL SECURITIES LIMITED,1979,1,2021-02-24,True,nse_symbols_consolidated.csv,2026-08-15,,1.0,False
1983,SMLMAH,INE294B01019,SML MAHINDRA LIMITED,1980,1,2003-08-29,True,nse_symbols_consolidated.csv,2026-08-15,,1.0,False
1984,SMLT,INE017W01010,SARTHAK METALS LIMITED,1981,1,2021-11-25,True,nse_symbols_consolidated.csv,2026-08-15,,1.0,False
1985,SMSPHARMA,INE812G01025,SMS PHARMACEUTICALS LIMITED,1982,1,2007-02-28,True,nse_symbols_consolidated.csv,2026-08-15,,1.0,False
1986,SNOWMAN,INE734N01019,SNOWMAN LOGISTICS LIMITED,1983,1,2014-09-12,True,nse_symbols_consolidated.csv,2026-08-15,,1.0,False
1987,SOBHA,INE671H01015,SOBHA LIMITED,1984,1,2006-12-20,True,nse_symbols_consolidated.csv,2026-08-15,,1.0,False
1988,SOFTTECH,INE728Z01015,SOFTTECH ENGINEERS LIMITED,1985,1,2022-02-25,True,nse_symbols_consolidated.csv,2026-08-15,,1.0,False
1989,SOLARA,INE624Z01016,SOLARA ACTIVE PHARMA SCIENCES LIMITED,1986,1,2018-06-27,True,nse_symbols_consolidated.csv,2026-08-15,,1.0,False
1990,SOLARINDS,INE343H01029,SOLAR INDUSTRIES INDIA LIMITED,1987,1,2006-04-03,True,nse_symbols_consolidated.csv,2026-08-15,,1.0,False
1991,SOLARWORLD,INE0TY101024,SOLARWORLD ENERGY SOLUTIONS LIMITED,1988,1,2025-09-30,True,nse_symbols_consolidated.csv,2026-08-15,,1.0,False
1992,SOLEX,INE880Y01017,SOLEX ENERGY LIMITED,1989,1,2025-10-08,True,nse_symbols_consolidated.csv,2026-08-15,,1.0,False
1993,SOMANYCERA,INE355A01028,SOMANY CERAMICS LIMITED,1990,1,1995-11-22,True,nse_symbols_consolidated.csv,2026-08-15,,1.0,False
1994,SOMATEX,INE314C01013,SOMA TEXTILES AND INDUSTRIES LIMITED,1991,1,1996-08-14,True,nse_symbols_consolidated.csv,2026-08-15,,1.0,False
1995,SOMICONVEY,INE323J01019,SOMI CONVEYOR BELTINGS LIMITED,1992,1,2016-07-18,True,nse_symbols_consolidated.csv,2026-08-15,,1.0,False
1996,SONACOMS,INE073K01018,SONA BLW PRECISION FORGINGS LIMITED,1993,1,2021-06-24,True,nse_symbols_consolidated.csv,2026-08-15,,1.0,False
1997,SONAL,INE321M01017,SONAL MERCANTILE LIMITED,1994,1,2026-04-20,True,nse_symbols_consolidated.csv,2026-08-15,,1.0,False
1998,SONAMLTD,INE00LM01029,SONAM LIMITED,1995,1,2022-04-07,True,nse_symbols_consolidated.csv,2026-08-15,,1.0,False
1999,SONATSOFTW,INE269A01021,SONATA SOFTWARE LIMITED,1996,1,1999-07-28,True,nse_symbols_consolidated.csv,2026-08-15,,1.0,False
2000,SOTL,INE035D01020,SAVITA OIL TECHNOLOGIES LIMITED,1997,1,1995-06-28,True,nse_symbols_consolidated.csv,2026-08-15,,1.0,False
2001,SOUTHBANK,INE683A01023,THE SOUTH INDIAN BANK LIMITED,1998,1,1998-12-08,True,nse_symbols_consolidated.csv,2026-08-15,,1.0,False
2002,SOUTHWEST,INE980Y01015,SOUTH WEST PINNACLE EXPLORATION LIMITED,1999,1,2019-04-18,True,nse_symbols_consolidated.csv,2026-08-15,,1.0,False
2003,SPAL,INE212I01016,S. P. APPARELS LIMITED,2000,1,2016-08-12,True,nse_symbols_consolidated.csv,2026-08-15,,1.0,False
2004,SPANDANA,INE572J01011,SPANDANA SPHOORTY FINANCIAL LIMITED,2001,1,2019-08-19,True,nse_symbols_consolidated.csv,2026-08-15,,1.0,False
2005,SPARC,INE232I01014,SUN PHARMA ADVANCED RESEARCH COMPANY LIMITED,2002,1,2007-07-18,True,nse_symbols_consolidated.csv,2026-08-15,,1.0,False
2006,SPCENET,INE970N01027,SPACENET ENTERPRISES INDIA LIMITED,2003,1,2017-01-10,True,nse_symbols_consolidated.csv,2026-08-15,,1.0,False
2007,SPECIALITY,INE247M01014,SPECIALITY RESTAURANTS LIMITED,2004,1,2012-05-30,True,nse_symbols_consolidated.csv,2026-08-15,,1.0,False
2008,SPECTRUM,INE01EO01010,SPECTRUM ELECTRICAL INDUSTRIES LIMITED,2005,1,2025-03-28,True,nse_symbols_consolidated.csv,2026-08-15,,1.0,False
2009,SPENCERS,INE020801028,SPENCER'S RETAIL LIMITED,2006,1,2019-01-25,True,nse_symbols_consolidated.csv,2026-08-15,,1.0,False
2010,SPIC,INE147A01011,SOUTHERN PETROCHEMICALS INDUSTRIES CORPORATION LIMITED,2007,1,1996-01-10,True,nse_symbols_consolidated.csv,2026-08-15,,1.0,False
2011,SPLIL,INE978G01016,SPL INDUSTRIES LIMITED,2008,1,2005-07-26,True,nse_symbols_consolidated.csv,2026-08-15,,1.0,False
2012,SPLPETRO,INE663A01033,SUPREME PETROCHEM LIMITED,2009,1,2022-05-24,True,nse_symbols_consolidated.csv,2026-08-15,,1.0,False
2013,SPMLINFRA,INE937A01023,SPML INFRA LIMITED,2010,1,1996-02-14,True,nse_symbols_consolidated.csv,2026-08-15,,1.0,False
2014,SPORTKING,INE885H01029,SPORTKING INDIA LIMITED,2011,1,2022-08-24,True,nse_symbols_consolidated.csv,2026-08-15,,1.0,False
2015,SRD,INE01NE01012,SHANKAR LAL RAMPAL DYE-CHEM LIMITED,2012,1,2024-10-09,True,nse_symbols_consolidated.csv,2026-08-15,,1.0,False
2016,SREEL,INE099F01013,SREELEATHERS LIMITED,2013,1,2014-01-01,True,nse_symbols_consolidated.csv,2026-08-15,,1.0,False
2017,SRF,INE647A01010,SRF LIMITED,2014,1,2003-08-18,True,nse_symbols_consolidated.csv,2026-08-15,,1.0,False
2018,SRGHFL,INE559N01010,SRG HOUSING FINANCE LIMITED,2015,1,2023-08-21,True,nse_symbols_consolidated.csv,2026-08-15,,1.0,False
2019,SRHHYPOLTD,INE917H01012,SREE RAYALASEEMA HI-STRENGTH HYPO LIMITED,2016,1,2007-05-08,True,nse_symbols_consolidated.csv,2026-08-15,,1.0,False
2020,SRM,INE0R6Z01013,SRM CONTRACTORS LIMITED,2017,1,2024-04-03,True,nse_symbols_consolidated.csv,2026-08-15,,1.0,False
2021,SRTL,INE19GK01015,SHREE RAM TWISTEX LIMITED,2018,1,2026-03-02,True,nse_symbols_consolidated.csv,2026-08-15,,1.0,False
2022,SSDL,INE0PQ101010,SARASWATI SAREE DEPOT LIMITED,2019,1,2024-08-20,True,nse_symbols_consolidated.csv,2026-08-15,,1.0,False
2023,SSWL,INE802C01033,STEEL STRIPS WHEELS LIMITED,2020,1,2005-06-06,True,nse_symbols_consolidated.csv,2026-08-15,,1.0,False
2024,STALLION,INE0RYC01010,STALLION INDIA FLUOROCHEMICALS LIMITED,2021,1,2025-01-23,True,nse_symbols_consolidated.csv,2026-08-15,,1.0,False
2025,STANLEY,INE01A001028,STANLEY LIFESTYLES LIMITED,2022,1,2024-06-28,True,nse_symbols_consolidated.csv,2026-08-15,,1.0,False
2026,STAR,INE939A01011,STRIDES PHARMA SCIENCE LIMITED,2023,1,2000-02-02,True,nse_symbols_consolidated.csv,2026-08-15,,1.0,False
2027,STARCEMENT,INE460H01021,STAR CEMENT LIMITED,2024,1,2017-06-16,True,nse_symbols_consolidated.csv,2026-08-15,,1.0,False
2028,STARHEALTH,INE575P01011,STAR HEALTH AND ALLIED INSURANCE COMPANY LIMITED,2025,1,2021-12-10,True,nse_symbols_consolidated.csv,2026-08-15,,1.0,False
2029,STARPAPER,INE733A01018,STAR PAPER MILLS LIMITED,2026,1,1995-09-13,True,nse_symbols_consolidated.csv,2026-08-15,,1.0,False
2030,STARTECK,INE992I01013,STARTECK FINANCE LIMITED,2027,1,2022-05-04,True,nse_symbols_consolidated.csv,2026-08-15,,1.0,False
2031,STCINDIA,INE655A01013,THE STATE TRADING CORPORATION OF INDIA LIMITED,2028,1,2003-04-01,True,nse_symbols_consolidated.csv,2026-08-15,,1.0,False
2032,STEELCAS,INE124E01038,STEELCAST LIMITED,2029,1,2021-11-23,True,nse_symbols_consolidated.csv,2026-08-15,,1.0,False
2033,STEELCITY,INE395H01011,STEEL CITY SECURITIES LIMITED,2030,1,2019-06-27,True,nse_symbols_consolidated.csv,2026-08-15,,1.0,False
2034,STEELXIND,INE503B01021,STEEL EXCHANGE INDIA LIMITED,2031,1,2017-07-20,True,nse_symbols_consolidated.csv,2026-08-15,,1.0,False
2035,STEL,INE577L01016,STEL HOLDINGS LIMITED,2032,1,2011-02-09,True,nse_symbols_consolidated.csv,2026-08-15,,1.0,False
2036,STERTOOLS,INE334A01023,STERLING TOOLS LIMITED,2033,1,2006-02-02,True,nse_symbols_consolidated.csv,2026-08-15,,1.0,False
2037,STLNETWORK,INE1VXE01018,STL NETWORKS LIMITED,2034,1,2025-09-04,True,nse_symbols_consolidated.csv,2026-08-15,,1.0,False
2038,STLTECH,INE089C01029,STERLITE TECHNOLOGIES LIMITED,2035,1,2000-12-08,True,nse_symbols_consolidated.csv,2026-08-15,,1.0,False
2039,STOVEKRAFT,INE00IN01015,STOVE KRAFT LIMITED,2036,1,2021-02-05,True,nse_symbols_consolidated.csv,2026-08-15,,1.0,False
2040,STUDDS,INE00Q601028,STUDDS ACCESSORIES LIMITED,2037,1,2025-11-07,True,nse_symbols_consolidated.csv,2026-08-15,,1.0,False
2041,STYL,INE04VU01023,SESHAASAI TECHNOLOGIES LIMITED,2038,1,2025-09-30,True,nse_symbols_consolidated.csv,2026-08-15,,1.0,False
2042,STYLAMIND,INE239C01020,STYLAM INDUSTRIES LIMITED,2039,1,2021-08-02,True,nse_symbols_consolidated.csv,2026-08-15,,1.0,False
2043,STYLEBAAZA,INE01FR01028,BAAZAR STYLE RETAIL LIMITED,2040,1,2024-09-06,True,nse_symbols_consolidated.csv,2026-08-15,,1.0,False
2044,STYRENIX,INE189B01011,STYRENIX PERFORMANCE MATERIALS LIMITED,2041,1,1995-03-29,True,nse_symbols_consolidated.csv,2026-08-15,,1.0,False
2045,SUBEXLTD,INE754A01055,SUBEX LIMITED,2042,1,2020-11-05,True,nse_symbols_consolidated.csv,2026-08-15,,1.0,False
2046,SUBROS,INE287B01021,SUBROS LIMITED,2043,1,2005-07-13,True,nse_symbols_consolidated.csv,2026-08-15,,1.0,False
2047,SUDARCOLOR,INE492A01029,SUDARSHAN COLORANTS INDIA LIMITED,2044,1,1995-06-14,True,nse_symbols_consolidated.csv,2026-08-15,,1.0,False
2048,SUDARSCHEM,INE659A01023,SUDARSHAN CHEMICAL INDUSTRIES LIMITED,2045,1,1995-05-25,True,nse_symbols_consolidated.csv,2026-08-15,,1.0,False
2049,SUDEEPPHRM,INE0QPI01025,SUDEEP PHARMA LIMITED,2046,1,2025-11-28,True,nse_symbols_consolidated.csv,2026-08-15,,1.0,False
2050,SUKHJITS,INE450E01029,SUKHJIT STARCH AND CHEMICALS LIMITED,2047,1,2022-11-07,True,nse_symbols_consolidated.csv,2026-08-15,,1.0,False
2051,SULA,INE142Q01026,SULA VINEYARDS LIMITED,2048,1,2022-12-22,True,nse_symbols_consolidated.csv,2026-08-15,,1.0,False
2052,SUMEETINDS,INE235C01036,SUMEET INDUSTRIES LIMITED,2049,1,2010-12-10,True,nse_symbols_consolidated.csv,2026-08-15,,1.0,False
2053,SUMICHEM,INE258G01013,SUMITOMO CHEMICAL INDIA LIMITED,2050,1,2020-01-27,True,nse_symbols_consolidated.csv,2026-08-15,,1.0,False
2054,SUMIT,INE748Z01013,SUMIT WOODS LIMITED,2051,1,2019-07-30,True,nse_symbols_consolidated.csv,2026-08-15,,1.0,False
2055,SUMMITSEC,INE519C01017,SUMMIT SECURITIES LIMITED,2052,1,2011-01-28,True,nse_symbols_consolidated.csv,2026-08-15,,1.0,False
2056,SUNCLAY,INE0Q3R01026,SUNDARAM CLAYTON LIMITED,2053,1,2023-12-29,True,nse_symbols_consolidated.csv,2026-08-15,,1.0,False
2057,SUNDARAM,INE108E01023,SUNDARAM MULTI PAP LIMITED,2054,1,2010-06-02,True,nse_symbols_consolidated.csv,2026-08-15,,1.0,False
2058,SUNDARMFIN,INE660A01013,SUNDARAM FINANCE LIMITED,2055,1,1998-01-07,True,nse_symbols_consolidated.csv,2026-08-15,,1.0,False
2059,SUNDRMBRAK,INE073D01013,SUNDARAM BRAKE LININGS LIMITED,2056,1,1996-07-17,True,nse_symbols_consolidated.csv,2026-08-15,,1.0,False
2060,SUNDRMFAST,INE387A01021,SUNDRAM FASTENERS LIMITED,2057,1,2000-06-07,True,nse_symbols_consolidated.csv,2026-08-15,,1.0,False
2061,SUNDROP,INE209A01019,SUNDROP BRANDS LIMITED,2058,1,2002-12-06,True,nse_symbols_consolidated.csv,2026-08-15,,1.0,False
2062,SUNFLAG,INE947A01014,SUNFLAG IRON AND STEEL COMPANY LIMITED,2059,1,2005-09-29,True,nse_symbols_consolidated.csv,2026-08-15,,1.0,False
2063,SUNPHARMA,INE044A01036,SUN PHARMACEUTICAL INDUSTRIES LIMITED,2060,1,1995-02-08,True,nse_symbols_consolidated.csv,2026-08-15,,1.0,False
2064,SUNTECK,INE805D01034,SUNTECK REALTY LIMITED,2061,1,2009-11-13,True,nse_symbols_consolidated.csv,2026-08-15,,1.0,False
2065,SUNTV,INE424H01027,SUN TV NETWORK LIMITED,2062,1,2006-04-24,True,nse_symbols_consolidated.csv,2026-08-15,,1.0,False
2066,SUPERHOUSE,INE712B01010,SUPERHOUSE LIMITED,2063,1,2014-09-26,True,nse_symbols_consolidated.csv,2026-08-15,,1.0,False
2067,SUPERSPIN,INE662A01027,SUPER SPINNING MILLS LIMITED,2064,1,2004-07-08,True,nse_symbols_consolidated.csv,2026-08-15,,1.0,False
2068,SUPRAJIT,INE399C01030,SUPRAJIT ENGINEERING LIMITED,2065,1,2005-02-18,True,nse_symbols_consolidated.csv,2026-08-15,,1.0,False
2069,SUPREME,INE822E01011,SUPREME HOLDINGS AND HOSPITALITY (INDIA) LIMITED,2066,1,2025-02-03,True,nse_symbols_consolidated.csv,2026-08-15,,1.0,False
2070,SUPREMEENG,INE319Z01021,SUPREME ENGINEERING LIMITED,2067,1,2020-12-04,True,nse_symbols_consolidated.csv,2026-08-15,,1.0,False
2071,SUPREMEIND,INE195A01028,SUPREME INDUSTRIES LIMITED,2068,1,1995-07-19,True,nse_symbols_consolidated.csv,2026-08-15,,1.0,False
2072,SUPREMEINF,INE550H01011,SUPREME INFRASTRUCTURE INDIA LIMITED,2069,1,2007-10-18,True,nse_symbols_consolidated.csv,2026-08-15,,1.0,False
2073,SUPRIYA,INE07RO01027,SUPRIYA LIFESCIENCE LIMITED,2070,1,2021-12-28,True,nse_symbols_consolidated.csv,2026-08-15,,1.0,False
2074,SURAJEST,INE843S01025,SURAJ ESTATE DEVELOPERS LIMITED,2071,1,2023-12-26,True,nse_symbols_consolidated.csv,2026-08-15,,1.0,False
2075,SURAJLTD,INE713C01016,SURAJ LIMITED,2072,1,2024-08-29,True,nse_symbols_consolidated.csv,2026-08-15,,1.0,False
2076,SURAKSHA,INE877V01027,SURAKSHA DIAGNOSTIC LIMITED,2073,1,2024-12-06,True,nse_symbols_consolidated.csv,2026-08-15,,1.0,False
2077,SURANASOL,INE272L01022,SURANA SOLAR LIMITED,2074,1,2011-01-07,True,nse_symbols_consolidated.csv,2026-08-15,,1.0,False
2078,SURANAT&P,INE130B01031,SURANA TELECOM AND POWER LIMITED,2075,1,2002-05-22,True,nse_symbols_consolidated.csv,2026-08-15,,1.0,False
2079,SURYALA,INE132C01027,SURYALATA SPINNING MILLS LIMITED,2076,1,2026-04-20,True,nse_symbols_consolidated.csv,2026-08-15,,1.0,False
2080,SURYALAXMI,INE713B01026,SURYALAKSHMI COTTON MILLS LIMITED,2077,1,2005-06-15,True,nse_symbols_consolidated.csv,2026-08-15,,1.0,False
2081,SURYAROSNI,INE335A01020,SURYA ROSHNI LIMITED,2078,1,1995-05-10,True,nse_symbols_consolidated.csv,2026-08-15,,1.0,False
2082,SURYODAY,INE428Q01011,SURYODAY SMALL FINANCE BANK LIMITED,2079,1,2021-03-26,True,nse_symbols_consolidated.csv,2026-08-15,,1.0,False
2083,SUTLEJTEX,INE645H01027,SUTLEJ TEXTILES AND INDUSTRIES LIMITED,2080,1,2006-12-14,True,nse_symbols_consolidated.csv,2026-08-15,,1.0,False
2084,SUVEN,INE495B01038,SUVEN LIFE SCIENCES LIMITED,2081,1,2003-10-23,True,nse_symbols_consolidated.csv,2026-08-15,,1.0,False
2085,SUVIDHAA,INE018401013,SUVIDHAA INFOSERVE LIMITED,2082,1,2021-03-31,True,nse_symbols_consolidated.csv,2026-08-15,,1.0,False
2086,SUYOG,INE442P01014,SUYOG TELEMATICS LIMITED,2083,1,2024-08-20,True,nse_symbols_consolidated.csv,2026-08-15,,1.0,False
2087,SUZLON,INE040H01021,SUZLON ENERGY LIMITED,2084,1,2005-10-19,True,nse_symbols_consolidated.csv,2026-08-15,,1.0,False
2088,SVLL,INE00CE01017,SHREE VASU LOGISTICS LIMITED,2085,1,2023-04-21,True,nse_symbols_consolidated.csv,2026-08-15,,1.0,False
2089,SVPGLOB,INE308E01029,SVP GLOBAL TEXTILES LIMITED,2086,1,2021-07-14,True,nse_symbols_consolidated.csv,2026-08-15,,1.0,False
2090,SWANCORP,INE665A01038,SWAN CORPORATION LIMITED,2087,1,2012-05-29,True,nse_symbols_consolidated.csv,2026-08-15,,1.0,False
2091,SWANDEF,INE542F01020,SWAN DEFENCE AND HEAVY INDUSTRIES LIMITED,2088,1,2025-01-20,True,nse_symbols_consolidated.csv,2026-08-15,,1.0,False
2092,SWARAJ,INE0GMR01016,SWARAJ SUITING LIMITED,2089,1,2026-08-13,True,nse_symbols_consolidated.csv,2026-08-15,,1.0,False
2093,SWARAJENG,INE277A01016,SWARAJ ENGINES LIMITED,2090,1,1995-12-06,True,nse_symbols_consolidated.csv,2026-08-15,,1.0,False
2094,SWELECTES,INE409B01013,SWELECT ENERGY SYSTEMS LIMITED,2091,1,2006-05-09,True,nse_symbols_consolidated.csv,2026-08-15,,1.0,False
2095,SWIGGY,INE00H001014,SWIGGY LIMITED,2092,1,2024-11-13,True,nse_symbols_consolidated.csv,2026-08-15,,1.0,False
2096,SWSOLAR,INE00M201021,STERLING AND WILSON RENEWABLE ENERGY LIMITED,2093,1,2019-08-20,True,nse_symbols_consolidated.csv,2026-08-15,,1.0,False
2097,SYMPHONY,INE225D01027,SYMPHONY LIMITED,2094,1,2011-06-15,True,nse_symbols_consolidated.csv,2026-08-15,,1.0,False
2098,SYNCOMF,INE312C01025,SYNCOM FORMULATIONS (INDIA) LIMITED,2095,1,2022-11-18,True,nse_symbols_consolidated.csv,2026-08-15,,1.0,False
2099,SYNGENE,INE398R01022,SYNGENE INTERNATIONAL LIMITED,2096,1,2015-08-11,True,nse_symbols_consolidated.csv,2026-08-15,,1.0,False
2100,SYRMA,INE0DYJ01015,SYRMA SGS TECHNOLOGY LIMITED,2097,1,2022-08-26,True,nse_symbols_consolidated.csv,2026-08-15,,1.0,False
2101,SYSTMTXC,INE356B01024,SYSTEMATIX CORPORATE SERVICES LIMITED,2098,1,2025-10-06,True,nse_symbols_consolidated.csv,2026-08-15,,1.0,False
2102,TAALTECH,INE524T01011,TAAL TECH LIMITED,2099,1,2026-04-20,True,nse_symbols_consolidated.csv,2026-08-15,,1.0,False
2103,TAINWALCHM,INE123C01018,TAINWALA CHEMICAL AND PLASTIC (I) LIMITED,2100,1,1995-07-27,True,nse_symbols_consolidated.csv,2026-08-15,,1.0,False
2104,TAJGVK,INE586B01026,TAJ GVK HOTELS AND RESORTS LIMITED,2101,1,2000-12-20,True,nse_symbols_consolidated.csv,2026-08-15,,1.0,False
2105,TAKE,INE142I01023,TAKE LIMITED,2102,1,2007-08-27,True,nse_symbols_consolidated.csv,2026-08-15,,1.0,False
2106,TALBROAUTO,INE187D01029,TALBROS AUTOMOTIVE COMPONENTS LIMITED,2103,1,2006-09-29,True,nse_symbols_consolidated.csv,2026-08-15,,1.0,False
2107,TAMBOLIIN,INE864J01012,TAMBOLI INDUSTRIES LIMITED,2104,1,2026-04-20,True,nse_symbols_consolidated.csv,2026-08-15,,1.0,False
2108,TANLA,INE483C01032,TANLA PLATFORMS LIMITED,2105,1,2007-01-05,True,nse_symbols_consolidated.csv,2026-08-15,,1.0,False
2109,TARACHAND,INE555Z01020,TARA CHAND INFRALOGISTIC SOLUTIONS LIMITED,2106,1,2024-04-16,True,nse_symbols_consolidated.csv,2026-08-15,,1.0,False
2110,TARAPUR,INE747K01017,TARAPUR TRANSFORMERS LIMITED,2107,1,2010-05-18,True,nse_symbols_consolidated.csv,2026-08-15,,1.0,False
2111,TARC,INE0EK901012,TARC LIMITED,2108,1,2020-12-18,True,nse_symbols_consolidated.csv,2026-08-15,,1.0,False
2112,TARIL,INE763I01026,TRANSFORMERS AND RECTIFIERS (INDIA) LIMITED,2109,1,2007-12-28,True,nse_symbols_consolidated.csv,2026-08-15,,1.0,False
2113,TARMAT,INE924H01018,TARMAT LIMITED,2110,1,2007-07-09,True,nse_symbols_consolidated.csv,2026-08-15,,1.0,False
2114,TARSONS,INE144Z01023,TARSONS PRODUCTS LIMITED,2111,1,2021-11-26,True,nse_symbols_consolidated.csv,2026-08-15,,1.0,False
2115,TASTYBITE,INE488B01017,TASTY BITE EATABLES LIMITED,2112,1,2017-03-23,True,nse_symbols_consolidated.csv,2026-08-15,,1.0,False
2116,TATACAP,INE976I01016,TATA CAPITAL LIMITED,2113,1,2025-10-13,True,nse_symbols_consolidated.csv,2026-08-15,,1.0,False
2117,TATACHEM,INE092A01019,TATA CHEMICALS LIMITED,2114,1,1999-04-01,True,nse_symbols_consolidated.csv,2026-08-15,,1.0,False
2118,TATACOMM,INE151A01013,TATA COMMUNICATIONS LIMITED,2115,1,1995-04-12,True,nse_symbols_consolidated.csv,2026-08-15,,1.0,False
2119,TATACONSUM,INE192A01025,TATA CONSUMER PRODUCTS LIMITED,2116,1,1998-11-18,True,nse_symbols_consolidated.csv,2026-08-15,,1.0,False
2120,TATAELXSI,INE670A01012,TATA ELXSI LIMITED,2117,1,2003-09-17,True,nse_symbols_consolidated.csv,2026-08-15,,1.0,False
2121,TATAINVEST,INE672A01026,TATA INVESTMENT CORPORATION LIMITED,2118,1,1998-06-24,True,nse_symbols_consolidated.csv,2026-08-15,,1.0,False
2122,TATAPOWER,INE245A01021,TATA POWER COMPANY LIMITED,2119,1,1996-04-03,True,nse_symbols_consolidated.csv,2026-08-15,,1.0,False
2123,TATASTEEL,INE081A01020,TATA STEEL LIMITED,2120,1,1998-11-18,True,nse_symbols_consolidated.csv,2026-08-15,,1.0,False
2124,TATATECH,INE142M01025,TATA TECHNOLOGIES LIMITED,2121,1,2023-11-30,True,nse_symbols_consolidated.csv,2026-08-15,,1.0,False
2125,TATVA,INE0GK401011,TATVA CHINTAN PHARMA CHEM LIMITED,2122,1,2021-07-29,True,nse_symbols_consolidated.csv,2026-08-15,,1.0,False
2126,TBOTEK,INE673O01025,TBO TEK LIMITED,2123,1,2024-05-15,True,nse_symbols_consolidated.csv,2026-08-15,,1.0,False
2127,TBZ,INE760L01018,TRIBHOVANDAS BHIMJI ZAVERI LIMITED,2124,1,2012-05-09,True,nse_symbols_consolidated.csv,2026-08-15,,1.0,False
2128,TCC,INE887D01016,TCC CONCEPT LIMITED,2125,1,2026-02-25,True,nse_symbols_consolidated.csv,2026-08-15,,1.0,False
2129,TCI,INE688A01022,TRANSPORT CORPORATION OF INDIA LIMITED,2126,1,2002-01-21,True,nse_symbols_consolidated.csv,2026-08-15,,1.0,False
2130,TCIEXP,INE586V01016,TCI EXPRESS LIMITED,2127,1,2016-12-15,True,nse_symbols_consolidated.csv,2026-08-15,,1.0,False
2131,TCIFINANCE,INE911B01018,TCI FINANCE LIMITED,2128,1,1997-05-21,True,nse_symbols_consolidated.csv,2026-08-15,,1.0,False
2132,TCPLPACK,INE822C01015,TCPL PACKAGING LIMITED,2129,1,2017-10-17,True,nse_symbols_consolidated.csv,2026-08-15,,1.0,False
2133,TCS,INE467B01029,TATA CONSULTANCY SERVICES LIMITED,2130,1,2004-08-25,True,nse_symbols_consolidated.csv,2026-08-15,,1.0,False
2134,TDPOWERSYS,INE419M01027,TD POWER SYSTEMS LIMITED,2131,1,2011-09-08,True,nse_symbols_consolidated.csv,2026-08-15,,1.0,False
2135,TEAMGTY,INE289C01025,TEAM INDIA GUARANTY LIMITED,2132,1,2002-06-11,True,nse_symbols_consolidated.csv,2026-08-15,,1.0,False
2136,TEAMLEASE,INE985S01024,TEAMLEASE SERVICES LIMITED,2133,1,2016-02-12,True,nse_symbols_consolidated.csv,2026-08-15,,1.0,False
2137,TECHM,INE669C01036,TECH MAHINDRA LIMITED,2134,1,2006-08-28,True,nse_symbols_consolidated.csv,2026-08-15,,1.0,False
2138,TECHNOCRAF,INE1D0W01018,TECHNOCRAFT VENTURES LIMITED,2135,1,2026-08-14,True,nse_symbols_consolidated.csv,2026-08-15,,1.0,False
2139,TECHNOE,INE285K01026,TECHNO ELECTRIC AND ENGINEERING COMPANY LIMITED,2136,1,2018-12-04,True,nse_symbols_consolidated.csv,2026-08-15,,1.0,False
2140,TECHNVISN,INE314H01012,TECHNVISION VENTURES LIMITED,2137,1,2026-04-20,True,nse_symbols_consolidated.csv,2026-08-15,,1.0,False
2141,TECILCHEM,INE014B01011,TECIL CHEMICALS AND HYDRO POWER LIMITED,2138,1,1995-12-06,True,nse_symbols_consolidated.csv,2026-08-15,,1.0,False
2142,TEGA,INE011K01018,TEGA INDUSTRIES LIMITED,2139,1,2021-12-13,True,nse_symbols_consolidated.csv,2026-08-15,,1.0,False
2143,TEJASNET,INE010J01012,TEJAS NETWORKS LIMITED,2140,1,2017-06-27,True,nse_symbols_consolidated.csv,2026-08-15,,1.0,False
2144,TEMBO,INE869Y01028,TEMBO GLOBAL INDUSTRIES LIMITED,2141,1,2021-04-23,True,nse_symbols_consolidated.csv,2026-08-15,,1.0,False
2145,TENNIND,INE19RI01016,TENNECO CLEAN AIR INDIA LIMITED,2142,1,2025-11-19,True,nse_symbols_consolidated.csv,2026-08-15,,1.0,False
2146,TERASOFT,INE482B01010,TERA SOFTWARE LIMITED,2143,1,2016-12-29,True,nse_symbols_consolidated.csv,2026-08-15,,1.0,False
2147,TEXINFRA,INE435C01024,TEXMACO INFRASTRUCTURE AND HOLDINGS LIMITED,2144,1,2004-09-09,True,nse_symbols_consolidated.csv,2026-08-15,,1.0,False
2148,TEXMOPIPES,INE141K01013,TEXMO PIPES AND PRODUCTS LIMITED,2145,1,2010-03-10,True,nse_symbols_consolidated.csv,2026-08-15,,1.0,False
2149,TEXRAIL,INE621L01012,TEXMACO RAIL AND ENGINEERING LIMITED,2146,1,2011-03-03,True,nse_symbols_consolidated.csv,2026-08-15,,1.0,False
2150,TFCILTD,INE305A01023,TOURISM FINANCE CORPORATION OF INDIA LIMITED,2147,1,2000-07-26,True,nse_symbols_consolidated.csv,2026-08-15,,1.0,False
2151,TFL,INE804H01012,TRANSWARRANTY FINANCE LIMITED,2148,1,2007-02-26,True,nse_symbols_consolidated.csv,2026-08-15,,1.0,False
2152,TGBHOTELS,INE797H01018,TGB BANQUETS AND HOTELS LIMITED,2149,1,2007-05-17,True,nse_symbols_consolidated.csv,2026-08-15,,1.0,False
2153,THACKER,INE077P01034,THACKER AND COMPANY LIMITED,2150,1,2026-04-20,True,nse_symbols_consolidated.csv,2026-08-15,,1.0,False
2154,THAKDEV,INE403F01017,THAKKERS DEVELOPERS LIMITED,2151,1,2026-04-20,True,nse_symbols_consolidated.csv,2026-08-15,,1.0,False
2155,THANGAMAYL,INE085J01014,THANGAMAYIL JEWELLERY LIMITED,2152,1,2010-02-19,True,nse_symbols_consolidated.csv,2026-08-15,,1.0,False
2156,THEINVEST,INE924D01017,THE INVESTMENT TRUST OF INDIA LIMITED,2153,1,2017-08-02,True,nse_symbols_consolidated.csv,2026-08-15,,1.0,False
2157,THEJO,INE121N01019,THEJO ENGINEERING LIMITED,2154,1,2023-10-10,True,nse_symbols_consolidated.csv,2026-08-15,,1.0,False
2158,THELEELA,INE0AQ201015,LEELA PALACES HOTELS AND RESORTS LIMITED,2155,1,2025-06-02,True,nse_symbols_consolidated.csv,2026-08-15,,1.0,False
2159,THEMISMED,INE083B01024,THEMIS MEDICARE LIMITED,2156,1,2007-04-02,True,nse_symbols_consolidated.csv,2026-08-15,,1.0,False
2160,THERMAX,INE152A01029,THERMAX LIMITED,2157,1,1995-08-30,True,nse_symbols_consolidated.csv,2026-08-15,,1.0,False
2161,THOMASCOOK,INE332A01027,THOMAS COOK (INDIA) LIMITED,2158,1,2000-06-07,True,nse_symbols_consolidated.csv,2026-08-15,,1.0,False
2162,THOMASCOTT,INE480M01011,THOMAS SCOTT (INDIA) LIMITED,2159,1,2012-01-30,True,nse_symbols_consolidated.csv,2026-08-15,,1.0,False
2163,THYROCARE,INE594H01019,THYROCARE TECHNOLOGIES LIMITED,2160,1,2016-05-09,True,nse_symbols_consolidated.csv,2026-08-15,,1.0,False
2164,TI,INE133E01013,TILAKNAGAR INDUSTRIES LIMITED,2161,1,2010-07-16,True,nse_symbols_consolidated.csv,2026-08-15,,1.0,False
2165,TICL,INE388G01026,TWAMEV CONSTRUCTION AND INFRASTRUCTURE LIMITED,2162,1,2023-10-16,True,nse_symbols_consolidated.csv,2026-08-15,,1.0,False
2166,TIGERLOGS,INE906O01029,TIGER LOGISTICS (INDIA) LIMITED,2163,1,2025-09-18,True,nse_symbols_consolidated.csv,2026-08-15,,1.0,False
2167,TIIL,INE545H01011,TECHNOCRAFT INDUSTRIES (INDIA) LIMITED,2164,1,2007-02-12,True,nse_symbols_consolidated.csv,2026-08-15,,1.0,False
2168,TIINDIA,INE974X01010,TUBE INVESTMENTS OF INDIA LIMITED,2165,1,2017-11-02,True,nse_symbols_consolidated.csv,2026-08-15,,1.0,False
2169,TIJARIA,INE440L01017,TIJARIA POLYPIPES LIMITED,2166,1,2011-10-14,True,nse_symbols_consolidated.csv,2026-08-15,,1.0,False
2170,TIL,INE806C01018,TIL LIMITED,2167,1,1995-09-27,True,nse_symbols_consolidated.csv,2026-08-15,,1.0,False
2171,TIMETECHNO,INE508G01029,TIME TECHNOPLAST LIMITED,2168,1,2007-06-13,True,nse_symbols_consolidated.csv,2026-08-15,,1.0,False
2172,TIMEX,INE064A01026,TIMEX GROUP INDIA LIMITED,2169,1,2026-04-20,True,nse_symbols_consolidated.csv,2026-08-15,,1.0,False
2173,TIMKEN,INE325A01013,TIMKEN INDIA LIMITED,2170,1,2007-02-06,True,nse_symbols_consolidated.csv,2026-08-15,,1.0,False
2174,TINNARUBR,INE015C01016,TINNA RUBBER AND INFRASTRUCTURE LIMITED,2171,1,2025-04-17,True,nse_symbols_consolidated.csv,2026-08-15,,1.0,False
2175,TIPSFILMS,INE0LQS01015,TIPS FILMS LIMITED,2172,1,2022-10-06,True,nse_symbols_consolidated.csv,2026-08-15,,1.0,False
2176,TIPSMUSIC,INE716B01029,TIPS MUSIC LIMITED,2173,1,2000-11-10,True,nse_symbols_consolidated.csv,2026-08-15,,1.0,False
2177,TIRUMALCHM,INE338A01024,THIRUMALAI CHEMICALS LIMITED,2174,1,2003-05-14,True,nse_symbols_consolidated.csv,2026-08-15,,1.0,False
2178,TIRUPATIFL,INE319Y01024,TIRUPATI FORGE LIMITED,2175,1,2020-08-04,True,nse_symbols_consolidated.csv,2026-08-15,,1.0,False
2179,TITAGARH,INE615H01020,TITAGARH RAIL SYSTEMS LIMITED,2176,1,2008-04-21,True,nse_symbols_consolidated.csv,2026-08-15,,1.0,False
2180,TITAN,INE280A01028,TITAN COMPANY LIMITED,2177,1,2004-09-24,True,nse_symbols_consolidated.csv,2026-08-15,,1.0,False
2181,TMB,INE668A01016,TAMILNAD MERCANTILE BANK LIMITED,2178,1,2022-09-15,True,nse_symbols_consolidated.csv,2026-08-15,,1.0,False
2182,TMCV,INE1TAE01010,TATA MOTORS LIMITED,2179,1,2025-11-12,True,nse_symbols_consolidated.csv,2026-08-15,,1.0,False
2183,TMPV,INE155A01022,TATA MOTORS PASSENGER VEHICLES LIMITED,2180,1,1998-07-22,True,nse_symbols_consolidated.csv,2026-08-15,,1.0,False
2184,TNPETRO,INE148A01019,TAMILNADU PETROPRODUCTS LIMITED,2181,1,1999-10-27,True,nse_symbols_consolidated.csv,2026-08-15,,1.0,False
2185,TNPL,INE107A01015,TAMIL NADU NEWSPRINT AND PAPERS LIMITED,2182,1,1996-02-14,True,nse_symbols_consolidated.csv,2026-08-15,,1.0,False
2186,TNTELE,INE141D01018,TAMILNADU TELECOMMUNICATION LIMITED,2183,1,2003-02-04,True,nse_symbols_consolidated.csv,2026-08-15,,1.0,False
2187,TOKYOPLAST,INE932C01012,TOKYO PLAST INTERNATIONAL LIMITED,2184,1,1995-10-11,True,nse_symbols_consolidated.csv,2026-08-15,,1.0,False
2188,TOLINS,INE0RWQ01014,TOLINS TYRES LIMITED,2185,1,2024-09-16,True,nse_symbols_consolidated.csv,2026-08-15,,1.0,False
2189,TORNTPHARM,INE685A01028,TORRENT PHARMACEUTICALS LIMITED,2186,1,2002-11-25,True,nse_symbols_consolidated.csv,2026-08-15,,1.0,False
2190,TORNTPOWER,INE813H01021,TORRENT POWER LIMITED,2187,1,2006-11-28,True,nse_symbols_consolidated.csv,2026-08-15,,1.0,False
2191,TOTAL,INE336X01012,TOTAL TRANSPORT SYSTEMS LIMITED,2188,1,2020-08-28,True,nse_symbols_consolidated.csv,2026-08-15,,1.0,False
2192,TOUCHWOOD,INE486Y01013,TOUCHWOOD ENTERTAINMENT LIMITED,2189,1,2020-01-21,True,nse_symbols_consolidated.csv,2026-08-15,,1.0,False
2193,TPHQ,INE065J01024,TEAMO PRODUCTIONS HQ LIMITED,2190,1,2009-01-30,True,nse_symbols_consolidated.csv,2026-08-15,,1.0,False
2194,TPLPLASTEH,INE413G01022,TPL PLASTECH LIMITED,2191,1,2015-05-20,True,nse_symbols_consolidated.csv,2026-08-15,,1.0,False
2195,TRACXN,INE0HMF01019,TRACXN TECHNOLOGIES LIMITED,2192,1,2022-10-20,True,nse_symbols_consolidated.csv,2026-08-15,,1.0,False
2196,TRANSPEK,INE687A01016,TRANSPEK INDUSTRY LIMITED,2193,1,2026-04-20,True,nse_symbols_consolidated.csv,2026-08-15,,1.0,False
2197,TRANSRAILL,INE454P01035,TRANSRAIL LIGHTING LIMITED,2194,1,2024-12-27,True,nse_symbols_consolidated.csv,2026-08-15,,1.0,False
2198,TRANSWORLD,INE757B01015,TRANSWORLD SHIPPING LINES LIMITED,2195,1,1995-03-01,True,nse_symbols_consolidated.csv,2026-08-15,,1.0,False
2199,TRAVELFOOD,INE103V01028,TRAVEL FOOD SERVICES LIMITED,2196,1,2025-07-14,True,nse_symbols_consolidated.csv,2026-08-15,,1.0,False
2200,TREEHOUSE,INE040M01013,TREE HOUSE EDUCATION AND ACCESSORIES LIMITED,2197,1,2011-08-26,True,nse_symbols_consolidated.csv,2026-08-15,,1.0,False
2201,TREJHARA,INE00CA01015,TREJHARA SOLUTIONS LIMITED,2198,1,2018-12-28,True,nse_symbols_consolidated.csv,2026-08-15,,1.0,False
2202,TREL,INE0O3901029,TRANSINDIA REAL ESTATE LIMITED,2199,1,2023-08-10,True,nse_symbols_consolidated.csv,2026-08-15,,1.0,False
2203,TRENT,INE849A01020,TRENT LIMITED,2200,1,2004-06-07,True,nse_symbols_consolidated.csv,2026-08-15,,1.0,False
2204,TRF,INE391D01019,TRF LIMITED,2201,1,2010-03-26,True,nse_symbols_consolidated.csv,2026-08-15,,1.0,False
2205,TRIDENT,INE064C01022,TRIDENT LIMITED,2202,1,2001-02-21,True,nse_symbols_consolidated.csv,2026-08-15,,1.0,False
2206,TRIGYN,INE948A01012,TRIGYN TECHNOLOGIES LIMITED,2203,1,1998-04-09,True,nse_symbols_consolidated.csv,2026-08-15,,1.0,False
2207,TRITURBINE,INE152M01016,TRIVENI TURBINE LIMITED,2204,1,2011-10-28,True,nse_symbols_consolidated.csv,2026-08-15,,1.0,False
2208,TRIVENI,INE256C01024,TRIVENI ENGINEERING AND INDUSTRIES LIMITED,2205,1,2005-12-13,True,nse_symbols_consolidated.csv,2026-08-15,,1.0,False
2209,TRU,INE615R01029,TRUCAP FINANCE LIMITED,2206,1,2023-06-20,True,nse_symbols_consolidated.csv,2026-08-15,,1.0,False
2210,TRUALT,INE0MWH01014,TRUALT BIOENERGY LIMITED,2207,1,2025-10-03,True,nse_symbols_consolidated.csv,2026-08-15,,1.0,False
2211,TSFINV,INE202Z01029,TSF INVESTMENTS LIMITED,2208,1,2018-03-26,True,nse_symbols_consolidated.csv,2026-08-15,,1.0,False
2212,TTKHLTCARE,INE910C01018,TTK HEALTHCARE LIMITED,2209,1,2015-12-02,True,nse_symbols_consolidated.csv,2026-08-15,,1.0,False
2213,TTKPRESTIG,INE690A01028,TTK PRESTIGE LIMITED,2210,1,1999-12-22,True,nse_symbols_consolidated.csv,2026-08-15,,1.0,False
2214,TTL,INE592B01024,T T LIMITED,2211,1,2007-02-22,True,nse_symbols_consolidated.csv,2026-08-15,,1.0,False
2215,TTML,INE517B01013,TATA TELESERVICES (MAHARASHTRA) LIMITED,2212,1,2000-10-20,True,nse_symbols_consolidated.csv,2026-08-15,,1.0,False
2216,TURTLEMINT,INE0OC301013,TURTLEMINT FINTECH SOLUTIONS LIMITED,2213,1,2026-06-29,True,nse_symbols_consolidated.csv,2026-08-15,,1.0,False
2217,TVSELECT,INE236G01019,TVS ELECTRONICS LIMITED,2214,1,2003-12-26,True,nse_symbols_consolidated.csv,2026-08-15,,1.0,False
2218,TVSHLTD,INE105A01035,TVS HOLDINGS LIMITED,2215,1,2012-10-23,True,nse_symbols_consolidated.csv,2026-08-15,,1.0,False
2219,TVSMOTOR,INE494B01023,TVS MOTOR COMPANY LIMITED,2216,1,2000-08-02,True,nse_symbols_consolidated.csv,2026-08-15,,1.0,False
2220,TVSSCS,INE395N01027,TVS SUPPLY CHAIN SOLUTIONS LIMITED,2217,1,2023-08-23,True,nse_symbols_consolidated.csv,2026-08-15,,1.0,False
2221,TVSSRICHAK,INE421C01016,TVS SRICHAKRA LIMITED,2218,1,2007-02-13,True,nse_symbols_consolidated.csv,2026-08-15,,1.0,False
2222,TVTODAY,INE038F01029,TV TODAY NETWORK LIMITED,2219,1,2004-01-16,True,nse_symbols_consolidated.csv,2026-08-15,,1.0,False
2223,TVVISION,INE871L01013,TV VISION LIMITED,2220,1,2016-09-15,True,nse_symbols_consolidated.csv,2026-08-15,,1.0,False
2224,UBL,INE686F01025,UNITED BREWERIES LIMITED,2221,1,2008-07-28,True,nse_symbols_consolidated.csv,2026-08-15,,1.0,False
2225,UCAL,INE139B01016,UCAL LIMITED,2222,1,1995-09-13,True,nse_symbols_consolidated.csv,2026-08-15,,1.0,False
2226,UCOBANK,INE691A01018,UCO BANK,2223,1,2003-10-09,True,nse_symbols_consolidated.csv,2026-08-15,,1.0,False
2227,UDS,INE851I01011,UPDATER SERVICES LIMITED,2224,1,2023-10-04,True,nse_symbols_consolidated.csv,2026-08-15,,1.0,False
2228,UEL,INE899L01030,UJAAS ENERGY LIMITED,2225,1,2024-04-16,True,nse_symbols_consolidated.csv,2026-08-15,,1.0,False
2229,UFBL,INE382M01027,UNITED FOODBRANDS LIMITED,2226,1,2021-04-07,True,nse_symbols_consolidated.csv,2026-08-15,,1.0,False
2230,UFLEX,INE516A01017,UFLEX LIMITED,2227,1,1995-08-23,True,nse_symbols_consolidated.csv,2026-08-15,,1.0,False
2231,UFO,INE527H01019,UFO MOVIEZ INDIA LIMITED,2228,1,2015-05-14,True,nse_symbols_consolidated.csv,2026-08-15,,1.0,False
2232,UGARSUGAR,INE071E01023,THE UGAR SUGAR WORKS LIMITED,2229,1,2010-08-23,True,nse_symbols_consolidated.csv,2026-08-15,,1.0,False
2233,UGROCAP,INE583D01011,UGRO CAPITAL LIMITED,2230,1,2021-08-11,True,nse_symbols_consolidated.csv,2026-08-15,,1.0,False
2234,UJJIVANSFB,INE551W01018,UJJIVAN SMALL FINANCE BANK LIMITED,2231,1,2019-12-12,True,nse_symbols_consolidated.csv,2026-08-15,,1.0,False
2235,ULTRACEMCO,INE481G01011,ULTRATECH CEMENT LIMITED,2232,1,2004-08-24,True,nse_symbols_consolidated.csv,2026-08-15,,1.0,False
2236,ULTRAMAR,INE405A01021,ULTRAMARINE AND PIGMENTS LIMITED,2233,1,2026-04-20,True,nse_symbols_consolidated.csv,2026-08-15,,1.0,False
2237,UMAEXPORTS,INE0GIU01018,UMA EXPORTS LIMITED,2234,1,2022-04-07,True,nse_symbols_consolidated.csv,2026-08-15,,1.0,False
2238,UMESLTD,INE240C01028,USHA MARTIN EDUCATION AND SOLUTIONS LIMITED,2235,1,2010-07-12,True,nse_symbols_consolidated.csv,2026-08-15,,1.0,False
2239,UMIYA-MRO,INE398B01018,UMIYA BUILDCON LIMITED,2236,1,2000-11-01,True,nse_symbols_consolidated.csv,2026-08-15,,1.0,False
2240,UNICHEMLAB,INE351A01035,UNICHEM LABORATORIES LIMITED,2237,1,2001-02-07,True,nse_symbols_consolidated.csv,2026-08-15,,1.0,False
2241,UNIDT,INE961D01019,UNITED DRILLING TOOLS LIMITED,2238,1,2020-09-25,True,nse_symbols_consolidated.csv,2026-08-15,,1.0,False
2242,UNIECOM,INE00U401027,UNICOMMERCE ESOLUTIONS LIMITED,2239,1,2024-08-13,True,nse_symbols_consolidated.csv,2026-08-15,,1.0,False
2243,UNIENTER,INE037A01022,UNIPHOS ENTERPRISES LIMITED,2240,1,2004-01-23,True,nse_symbols_consolidated.csv,2026-08-15,,1.0,False
2244,UNIINFO,INE481Z01011,UNIINFO TELECOM SERVICES LIMITED,2241,1,2022-01-12,True,nse_symbols_consolidated.csv,2026-08-15,,1.0,False
2245,UNIMECH,INE0U3I01011,UNIMECH AEROSPACE AND MANUFACTURING LIMITED,2242,1,2024-12-31,True,nse_symbols_consolidated.csv,2026-08-15,,1.0,False
2246,UNIONBANK,INE692A01016,UNION BANK OF INDIA,2243,1,2002-09-24,True,nse_symbols_consolidated.csv,2026-08-15,,1.0,False
2247,UNIPARTS,INE244O01017,UNIPARTS INDIA LIMITED,2244,1,2022-12-12,True,nse_symbols_consolidated.csv,2026-08-15,,1.0,False
2248,UNITDSPR,INE854D01024,UNITED SPIRITS LIMITED,2245,1,2001-09-27,True,nse_symbols_consolidated.csv,2026-08-15,,1.0,False
2249,UNITECH,INE694A01020,UNITECH LIMITED,2246,1,1999-09-08,True,nse_symbols_consolidated.csv,2026-08-15,,1.0,False
2250,UNITEDPOLY,INE368U01029,UNITED POLYFAB GUJARAT LIMITED,2247,1,2021-12-31,True,nse_symbols_consolidated.csv,2026-08-15,,1.0,False
2251,UNITEDTEA,INE458F01011,THE UNITED NILGIRI TEA ESTATES COMPANY LIMITED,2248,1,2015-01-28,True,nse_symbols_consolidated.csv,2026-08-15,,1.0,False
2252,UNIVASTU,INE562X01013,UNIVASTU INDIA LIMITED,2249,1,2020-06-22,True,nse_symbols_consolidated.csv,2026-08-15,,1.0,False
2253,UNIVCABLES,INE279A01012,UNIVERSAL CABLES LIMITED,2250,1,1995-05-17,True,nse_symbols_consolidated.csv,2026-08-15,,1.0,False
2254,UNIVPHOTO,INE03V001013,UNIVERSUS PHOTO IMAGINGS LIMITED,2251,1,2020-02-14,True,nse_symbols_consolidated.csv,2026-08-15,,1.0,False
2255,UNOMINDA,INE405E01023,UNO MINDA LIMITED,2252,1,2007-02-02,True,nse_symbols_consolidated.csv,2026-08-15,,1.0,False
2256,UPL,INE628A01036,UPL LIMITED,2253,1,2004-01-23,True,nse_symbols_consolidated.csv,2026-08-15,,1.0,False
2257,URAVIDEF,INE568Z01015,URAVI DEFENCE AND TECHNOLOGY LIMITED,2254,1,2023-07-05,True,nse_symbols_consolidated.csv,2026-08-15,,1.0,False
2258,URBANCO,INE0CAZ01013,URBAN COMPANY LIMITED,2255,1,2025-09-17,True,nse_symbols_consolidated.csv,2026-08-15,,1.0,False
2259,URJA,INE550C01020,URJA GLOBAL LIMITED,2256,1,2017-03-28,True,nse_symbols_consolidated.csv,2026-08-15,,1.0,False
2260,USHAMART,INE228A01035,USHA MARTIN LIMITED,2257,1,2000-10-11,True,nse_symbols_consolidated.csv,2026-08-15,,1.0,False
2261,USK,INE0N0Y01013,UDAYSHIVAKUMAR INFRA LIMITED,2258,1,2023-04-03,True,nse_symbols_consolidated.csv,2026-08-15,,1.0,False
2262,UTIAMC,INE094J01016,UTI ASSET MANAGEMENT COMPANY LIMITED,2259,1,2020-10-12,True,nse_symbols_consolidated.csv,2026-08-15,,1.0,False
2263,UTKARSHBNK,INE735W01017,UTKARSH SMALL FINANCE BANK LIMITED,2260,1,2023-07-21,True,nse_symbols_consolidated.csv,2026-08-15,,1.0,False
2264,UTLSOLAR,INE12UR01024,FUJIYAMA POWER SYSTEMS LIMITED,2261,1,2025-11-20,True,nse_symbols_consolidated.csv,2026-08-15,,1.0,False
2265,UTTAMSUGAR,INE786F01031,UTTAM SUGAR MILLS LIMITED,2262,1,2006-04-10,True,nse_symbols_consolidated.csv,2026-08-15,,1.0,False
2266,UYFINCORP,INE152C01025,U. Y. FINCORP LIMITED,2263,1,2024-10-03,True,nse_symbols_consolidated.csv,2026-08-15,,1.0,False
2267,V2RETAIL,INE945H01021,V2 RETAIL LIMITED,2264,1,2007-07-04,True,nse_symbols_consolidated.csv,2026-08-15,,1.0,False
2268,VADILALIND,INE694D01016,VADILAL INDUSTRIES LIMITED,2265,1,2011-06-15,True,nse_symbols_consolidated.csv,2026-08-15,,1.0,False
2269,VAIBHAVGBL,INE884A01027,VAIBHAV GLOBAL LIMITED,2266,1,2004-04-05,True,nse_symbols_consolidated.csv,2026-08-15,,1.0,False
2270,VAISHALI,INE972X01022,VAISHALI PHARMA LIMITED,2267,1,2020-01-15,True,nse_symbols_consolidated.csv,2026-08-15,,1.0,False
2271,VAKRANGEE,INE051B01021,VAKRANGEE LIMITED,2268,1,2006-04-03,True,nse_symbols_consolidated.csv,2026-08-15,,1.0,False
2272,VALIANTLAB,INE0JWS01017,VALIANT LABORATORIES LIMITED,2269,1,2023-10-06,True,nse_symbols_consolidated.csv,2026-08-15,,1.0,False
2273,VALIANTORG,INE565V01010,VALIANT ORGANICS LIMITED,2270,1,2021-07-23,True,nse_symbols_consolidated.csv,2026-08-15,,1.0,False
2274,VAML,INE1CDF01017,VEDANTA ALUMINIUM METAL LIMITED,2271,1,2026-06-15,True,nse_symbols_consolidated.csv,2026-08-15,,1.0,False
2275,VARDHACRLC,INE116G01013,VARDHMAN ACRYLICS LIMITED,2272,1,2003-09-30,True,nse_symbols_consolidated.csv,2026-08-15,,1.0,False
2276,VARDMNPOLY,INE835A01029,VARDHMAN POLYTEX LIMITED,2273,1,2003-05-12,True,nse_symbols_consolidated.csv,2026-08-15,,1.0,False
2277,VARROC,INE665L01035,VARROC ENGINEERING LIMITED,2274,1,2018-07-06,True,nse_symbols_consolidated.csv,2026-08-15,,1.0,False
2278,VASCONEQ,INE893I01013,VASCON ENGINEERS LIMITED,2275,1,2010-02-15,True,nse_symbols_consolidated.csv,2026-08-15,,1.0,False
2279,VASWANI,INE590L01019,VASWANI INDUSTRIES LIMITED,2276,1,2011-09-20,True,nse_symbols_consolidated.csv,2026-08-15,,1.0,False
2280,VBL,INE200M01039,VARUN BEVERAGES LIMITED,2277,1,2016-11-08,True,nse_symbols_consolidated.csv,2026-08-15,,1.0,False
2281,VCL,INE098201036,VAXTEX COTFAB LIMITED,2278,1,2022-04-19,True,nse_symbols_consolidated.csv,2026-08-15,,1.0,False
2282,VEDL,INE205A01025,VEDANTA LIMITED,2279,1,1998-05-13,True,nse_symbols_consolidated.csv,2026-08-15,,1.0,False
2283,VEDPOWER,INE694L01019,VEDANTA POWER LIMITED,2280,1,2026-06-15,True,nse_symbols_consolidated.csv,2026-08-15,,1.0,False
2284,VEEDOL,INE484C01030,VEEDOL CORPORATION LIMITED,2281,1,2007-01-16,True,nse_symbols_consolidated.csv,2026-08-15,,1.0,False
2285,VELJAN,INE232E01013,VELJAN DENISON LIMITED,2282,1,2026-04-20,True,nse_symbols_consolidated.csv,2026-08-15,,1.0,False
2286,VENKEYS,INE398A01010,VENKY'S (INDIA) LIMITED,2283,1,2003-07-28,True,nse_symbols_consolidated.csv,2026-08-15,,1.0,False
2287,VENTIVE,INE781S01027,VENTIVE HOSPITALITY LIMITED,2284,1,2024-12-30,True,nse_symbols_consolidated.csv,2026-08-15,,1.0,False
2288,VENUSPIPES,INE0JA001018,VENUS PIPES AND TUBES LIMITED,2285,1,2022-05-24,True,nse_symbols_consolidated.csv,2026-08-15,,1.0,False
2289,VENUSREM,INE411B01019,VENUS REMEDIES LIMITED,2286,1,2006-12-20,True,nse_symbols_consolidated.csv,2026-08-15,,1.0,False
2290,VERANDA,INE0IQ001011,VERANDA LEARNING SOLUTIONS LIMITED,2287,1,2022-04-11,True,nse_symbols_consolidated.csv,2026-08-15,,1.0,False
2291,VERTOZ,INE188Y01031,VERTOZ LIMITED,2288,1,2020-05-14,True,nse_symbols_consolidated.csv,2026-08-15,,1.0,False
2292,VESUVIUS,INE386A01023,VESUVIUS INDIA LIMITED,2289,1,2002-10-04,True,nse_symbols_consolidated.csv,2026-08-15,,1.0,False
2293,VETO,INE918N01018,VETO SWITCHGEARS AND CABLES LIMITED,2290,1,2015-04-29,True,nse_symbols_consolidated.csv,2026-08-15,,1.0,False
2294,VGL,INE273D01027,VARVEE GLOBAL LIMITED,2291,1,2006-11-21,True,nse_symbols_consolidated.csv,2026-08-15,,1.0,False
2295,VGUARD,INE951I01027,V-GUARD INDUSTRIES LIMITED,2292,1,2008-03-13,True,nse_symbols_consolidated.csv,2026-08-15,,1.0,False
2296,VHL,INE701A01023,VARDHMAN HOLDINGS LIMITED,2293,1,2005-06-30,True,nse_symbols_consolidated.csv,2026-08-15,,1.0,False
2297,VHLTD,INE048C01025,VICEROY HOTELS LIMITED,2294,1,2024-04-03,True,nse_symbols_consolidated.csv,2026-08-15,,1.0,False
2298,VIDHIING,INE632C01026,VIDHI SPECIALTY FOOD INGREDIENTS LIMITED,2295,1,2016-03-02,True,nse_symbols_consolidated.csv,2026-08-15,,1.0,False
2299,VIDYAWIRES,INE14UN01029,VIDYA WIRES LIMITED,2296,1,2025-12-10,True,nse_symbols_consolidated.csv,2026-08-15,,1.0,False
2300,VIJAYA,INE043W01024,VIJAYA DIAGNOSTIC CENTRE LIMITED,2297,1,2021-09-14,True,nse_symbols_consolidated.csv,2026-08-15,,1.0,False
2301,VIJIFIN,INE159N01027,VIJI FINANCE LIMITED,2298,1,2016-07-11,True,nse_symbols_consolidated.csv,2026-08-15,,1.0,False
2302,VIKASECO,INE806A01020,VIKAS ECOTECH LIMITED,2299,1,2011-12-12,True,nse_symbols_consolidated.csv,2026-08-15,,1.0,False
2303,VIKASLIFE,INE161L01027,VIKAS LIFECARE LIMITED,2300,1,2019-05-08,True,nse_symbols_consolidated.csv,2026-08-15,,1.0,False
2304,VIKRAMSOLR,INE078V01014,VIKRAM SOLAR LIMITED,2301,1,2025-08-26,True,nse_symbols_consolidated.csv,2026-08-15,,1.0,False
2305,VIKRAN,INE01R501028,VIKRAN ENGINEERING LIMITED,2302,1,2025-09-03,True,nse_symbols_consolidated.csv,2026-08-15,,1.0,False
2306,VIMTALABS,INE579C01029,VIMTA LABS LIMITED,2303,1,2005-12-15,True,nse_symbols_consolidated.csv,2026-08-15,,1.0,False
2307,VINATIORGA,INE410B01037,VINATI ORGANICS LIMITED,2304,1,2009-07-28,True,nse_symbols_consolidated.csv,2026-08-15,,1.0,False
2308,VINCOFE,INE498Q01014,VINTAGE COFFEE AND BEVERAGES LIMITED,2305,1,2024-10-18,True,nse_symbols_consolidated.csv,2026-08-15,,1.0,False
2309,VINDHYATEL,INE707A01012,VINDHYA TELELINKS LIMITED,2306,1,1995-02-08,True,nse_symbols_consolidated.csv,2026-08-15,,1.0,False
2310,VINEETLAB,INE505Y01010,VINEET LABORATORIES LIMITED,2307,1,2021-06-15,True,nse_symbols_consolidated.csv,2026-08-15,,1.0,False
2311,VINNY,INE01KI01027,VINNY OVERSEAS LIMITED,2308,1,2022-11-28,True,nse_symbols_consolidated.csv,2026-08-15,,1.0,False
2312,VINYLINDIA,INE250B01029,VINYL CHEMICALS (INDIA) LIMITED,2309,1,2008-07-21,True,nse_symbols_consolidated.csv,2026-08-15,,1.0,False
2313,VIPCLOTHNG,INE450G01024,VIP CLOTHING LIMITED,2310,1,2007-08-06,True,nse_symbols_consolidated.csv,2026-08-15,,1.0,False
2314,VIPIND,INE054A01027,VIP INDUSTRIES LIMITED,2311,1,2005-03-02,True,nse_symbols_consolidated.csv,2026-08-15,,1.0,False
2315,VIPULLTD,INE946H01037,VIPUL LIMITED,2312,1,2015-04-23,True,nse_symbols_consolidated.csv,2026-08-15,,1.0,False
2316,VIRINCHI,INE539B01017,VIRINCHI LIMITED,2313,1,2023-05-03,True,nse_symbols_consolidated.csv,2026-08-15,,1.0,False
2317,VISACHROME,INE286H01012,VISA CHROME LIMITED,2314,1,2006-03-17,True,nse_symbols_consolidated.csv,2026-08-15,,1.0,False
2318,VISAKAIND,INE392A01021,VISAKA INDUSTRIES LIMITED,2315,1,1996-08-28,True,nse_symbols_consolidated.csv,2026-08-15,,1.0,False
2319,VISHNU,INE270I01022,VISHNU CHEMICALS LIMITED,2316,1,2015-03-05,True,nse_symbols_consolidated.csv,2026-08-15,,1.0,False
2320,VISHWARAJ,INE430N01022,VISHWARAJ SUGAR INDUSTRIES LIMITED,2317,1,2019-10-15,True,nse_symbols_consolidated.csv,2026-08-15,,1.0,False
2321,VISL,INE1CLE01013,VEDANTA IRON AND STEEL LIMITED,2318,1,2026-06-15,True,nse_symbols_consolidated.csv,2026-08-15,,1.0,False
2322,VITAL,INE0L4K01016,VITAL CHEMTECH LIMITED,2319,1,2026-03-11,True,nse_symbols_consolidated.csv,2026-08-15,,1.0,False
2323,VIVIANA,INE0MEG01014,VIVIANA POWER TECH LIMITED,2320,1,2026-06-02,True,nse_symbols_consolidated.csv,2026-08-15,,1.0,False
2324,VIVIDHA,INE370E01029,VISAGAR POLYTEX LIMITED,2321,1,2013-05-21,True,nse_symbols_consolidated.csv,2026-08-15,,1.0,False
2325,VIVIMEDLAB,INE526G01021,VIVIMED LABS LIMITED,2322,1,2005-08-17,True,nse_symbols_consolidated.csv,2026-08-15,,1.0,False
2326,VIYASH,INE807F01027,VIYASH SCIENTIFIC LIMITED,2323,1,2016-03-10,True,nse_symbols_consolidated.csv,2026-08-15,,1.0,False
2327,VLEGOV,INE03HW01020,VL E-GOVERNANCE AND IT SOLUTIONS LIMITED,2324,1,2023-08-14,True,nse_symbols_consolidated.csv,2026-08-15,,1.0,False
2328,VLSFINANCE,INE709A01018,VLS FINANCE LIMITED,2325,1,1995-05-25,True,nse_symbols_consolidated.csv,2026-08-15,,1.0,False
2329,VMART,INE665J01013,V-MART RETAIL LIMITED,2326,1,2013-02-20,True,nse_symbols_consolidated.csv,2026-08-15,,1.0,False
2330,VMM,INE01EA01019,VISHAL MEGA MART LIMITED,2327,1,2024-12-18,True,nse_symbols_consolidated.csv,2026-08-15,,1.0,False
2331,VMSTMT,INE0SJA01013,VMS TMT LIMITED,2328,1,2025-09-24,True,nse_symbols_consolidated.csv,2026-08-15,,1.0,False
2332,VOEPL,INE0I0T01010,VIRTUOSO OPTOELECTRONICS LIMITED,2329,1,2026-07-01,True,nse_symbols_consolidated.csv,2026-08-15,,1.0,False
2333,VOGL,INE704J01044,VEDANTA OIL AND GAS LIMITED,2330,1,2026-06-15,True,nse_symbols_consolidated.csv,2026-08-15,,1.0,False
2334,VOLTAMP,INE540H01012,VOLTAMP TRANSFORMERS LIMITED,2331,1,2006-09-20,True,nse_symbols_consolidated.csv,2026-08-15,,1.0,False
2335,VOLTAS,INE226A01021,VOLTAS LIMITED,2332,1,1995-04-12,True,nse_symbols_consolidated.csv,2026-08-15,,1.0,False
2336,VPRPL,INE0AE001013,VISHNU PRAKASH R PUNGLIA LIMITED,2333,1,2023-09-05,True,nse_symbols_consolidated.csv,2026-08-15,,1.0,False
2337,VRAJ,INE0S2V01010,VRAJ IRON AND STEEL LIMITED,2334,1,2024-07-03,True,nse_symbols_consolidated.csv,2026-08-15,,1.0,False
2338,VRLLOG,INE366I01010,VRL LOGISTICS LIMITED,2335,1,2015-04-30,True,nse_symbols_consolidated.csv,2026-08-15,,1.0,False
2339,VSSL,INE050M01012,VARDHMAN SPECIAL STEELS LIMITED,2336,1,2012-05-17,True,nse_symbols_consolidated.csv,2026-08-15,,1.0,False
2340,VSTIND,INE710A01016,VST INDUSTRIES LIMITED,2337,1,2003-09-05,True,nse_symbols_consolidated.csv,2026-08-15,,1.0,False
2341,VSTL,INE0QTF01015,VIBHOR STEEL TUBES LIMITED,2338,1,2024-02-20,True,nse_symbols_consolidated.csv,2026-08-15,,1.0,False
2342,VSTTILLERS,INE764D01017,V.S.T TILLERS TRACTORS LIMITED,2339,1,2011-06-20,True,nse_symbols_consolidated.csv,2026-08-15,,1.0,False
2343,VTL,INE825A01020,VARDHMAN TEXTILES LIMITED,2340,1,2003-01-14,True,nse_symbols_consolidated.csv,2026-08-15,,1.0,False
2344,WAAREEENER,INE377N01017,WAAREE ENERGIES LIMITED,2341,1,2024-10-28,True,nse_symbols_consolidated.csv,2026-08-15,,1.0,False
2345,WAAREEINDO,INE866K01023,INDOSOLAR LIMITED,2342,1,2010-09-29,True,nse_symbols_consolidated.csv,2026-08-15,,1.0,False
2346,WAAREERTL,INE299N01021,WAAREE RENEWABLE TECHNOLOGIES LIMITED,2343,1,2025-04-09,True,nse_symbols_consolidated.csv,2026-08-15,,1.0,False
2347,WABAG,INE956G01038,VA TECH WABAG LIMITED,2344,1,2010-10-13,True,nse_symbols_consolidated.csv,2026-08-15,,1.0,False
2348,WAKEFIT,INE0E7301029,WAKEFIT INNOVATIONS LIMITED,2345,1,2025-12-15,True,nse_symbols_consolidated.csv,2026-08-15,,1.0,False
2349,WALCHANNAG,INE711A01022,WALCHANDNAGAR INDUSTRIES LIMITED,2346,1,1996-09-18,True,nse_symbols_consolidated.csv,2026-08-15,,1.0,False
2350,WANBURY,INE107F01022,WANBURY LIMITED,2347,1,2007-01-29,True,nse_symbols_consolidated.csv,2026-08-15,,1.0,False
2351,WCIL,INE0CJF01024,WESTERN CARRIERS (INDIA) LIMITED,2348,1,2024-09-24,True,nse_symbols_consolidated.csv,2026-08-15,,1.0,False
2352,WEALTH,INE658T01017,WEALTH FIRST PORTFOLIO MANAGERS LIMITED,2349,1,2021-01-20,True,nse_symbols_consolidated.csv,2026-08-15,,1.0,False
2353,WEBELSOLAR,INE855C01023,WEBSOL ENERGY SYSTEM LIMITED,2350,1,2007-05-15,True,nse_symbols_consolidated.csv,2026-08-15,,1.0,False
2354,WEIZMANIND,INE080A01014,WEIZMANN LIMITED,2351,1,1995-05-10,True,nse_symbols_consolidated.csv,2026-08-15,,1.0,False
2355,WEL,INE02WG01024,WONDER ELECTRICALS LIMITED,2352,1,2022-01-17,True,nse_symbols_consolidated.csv,2026-08-15,,1.0,False
2356,WELCORP,INE191B01025,WELSPUN CORPORATION LIMITED,2353,1,2005-05-24,True,nse_symbols_consolidated.csv,2026-08-15,,1.0,False
2357,WELENT,INE625G01013,WELSPUN ENTERPRISES LIMITED,2354,1,2004-11-04,True,nse_symbols_consolidated.csv,2026-08-15,,1.0,False
2358,WELINV,INE389K01018,WELSPUN INVESTMENTS AND COMMERCIALS LIMITED,2355,1,2010-09-20,True,nse_symbols_consolidated.csv,2026-08-15,,1.0,False
2359,WELSPLSOL,INE731F01037,WELSPUN SPECIALTY SOLUTIONS LIMITED,2356,1,2026-04-20,True,nse_symbols_consolidated.csv,2026-08-15,,1.0,False
2360,WELSPUNLIV,INE192B01031,WELSPUN LIVING LIMITED,2357,1,2003-12-04,True,nse_symbols_consolidated.csv,2026-08-15,,1.0,False
2361,WENDT,INE274C01019,WENDT (INDIA) LIMITED,2358,1,2006-08-07,True,nse_symbols_consolidated.csv,2026-08-15,,1.0,False
2362,WESTLIFE,INE274F01020,WESTLIFE FOODWORLD LIMITED,2359,1,2023-06-05,True,nse_symbols_consolidated.csv,2026-08-15,,1.0,False
2363,WEWIN,INE082W01014,WE WIN LIMITED,2360,1,2022-06-15,True,nse_symbols_consolidated.csv,2026-08-15,,1.0,False
2364,WEWORK,INE085001019,WEWORK INDIA MANAGEMENT LIMITED,2361,1,2025-10-10,True,nse_symbols_consolidated.csv,2026-08-15,,1.0,False
2365,WHEELS,INE715A01015,WHEELS INDIA LIMITED,2362,1,2000-04-07,True,nse_symbols_consolidated.csv,2026-08-15,,1.0,False
2366,WHIRLPOOL,INE716A01013,WHIRLPOOL OF INDIA LIMITED,2363,1,2010-04-06,True,nse_symbols_consolidated.csv,2026-08-15,,1.0,False
2367,WILLAMAGOR,INE210A01017,WILLIAMSON MAGOR AND COMPANY LIMITED,2364,1,1995-02-08,True,nse_symbols_consolidated.csv,2026-08-15,,1.0,False
2368,WINDLAS,INE0H5O01029,WINDLAS BIOTECH LIMITED,2365,1,2021-08-16,True,nse_symbols_consolidated.csv,2026-08-15,,1.0,False
2369,WINDMACHIN,INE052A01021,WINDSOR MACHINES LIMITED,2366,1,2011-08-17,True,nse_symbols_consolidated.csv,2026-08-15,,1.0,False
2370,WIPL,INE215F01023,THE WESTERN INDIA PLYWOODS LIMITED,2367,1,2017-04-17,True,nse_symbols_consolidated.csv,2026-08-15,,1.0,False
2371,WIPRO,INE075A01022,WIPRO LIMITED,2368,1,1995-11-08,True,nse_symbols_consolidated.csv,2026-08-15,,1.0,False
2372,WOCKPHARMA,INE049B01025,WOCKHARDT LIMITED,2369,1,2000-02-23,True,nse_symbols_consolidated.csv,2026-08-15,,1.0,False
2373,WONDERLA,INE066O01014,WONDERLA HOLIDAYS LIMITED,2370,1,2014-05-09,True,nse_symbols_consolidated.csv,2026-08-15,,1.0,False
2374,WORTHPERI,INE196Y01018,WORTH PERIPHERALS LIMITED,2371,1,2020-08-04,True,nse_symbols_consolidated.csv,2026-08-15,,1.0,False
2375,WPIL,INE765D01022,WPIL LIMITED,2372,1,2026-04-20,True,nse_symbols_consolidated.csv,2026-08-15,,1.0,False
2376,WSI,INE100D01014,W S INDUSTRIES (I) LIMITED,2373,1,2007-08-01,True,nse_symbols_consolidated.csv,2026-08-15,,1.0,False
2377,WSTCSTPAPR,INE976A01021,WEST COAST PAPER MILLS LIMITED,2374,1,2001-01-17,True,nse_symbols_consolidated.csv,2026-08-15,,1.0,False
2378,XCHANGING,INE692G01013,XCHANGING SOLUTIONS LIMITED,2375,1,2005-03-09,True,nse_symbols_consolidated.csv,2026-08-15,,1.0,False
2379,XELPMOC,INE01P501012,XELPMOC DESIGN AND TECH LIMITED,2376,1,2019-02-04,True,nse_symbols_consolidated.csv,2026-08-15,,1.0,False
2380,XPROINDIA,INE445C01015,XPRO INDIA LIMITED,2377,1,2004-04-27,True,nse_symbols_consolidated.csv,2026-08-15,,1.0,False
2381,XTGLOBAL,INE547B01028,XTGLOBAL INFOTECH LIMITED,2378,1,2024-09-16,True,nse_symbols_consolidated.csv,2026-08-15,,1.0,False
2382,XTRANET,INE0NG701011,XTRANET TECHNOLOGIES LIMITED,2379,1,2026-07-30,True,nse_symbols_consolidated.csv,2026-08-15,,1.0,False
2383,YASHO,INE616Z01012,YASHO INDUSTRIES LIMITED,2380,1,2023-08-21,True,nse_symbols_consolidated.csv,2026-08-15,,1.0,False
2384,YATHARTH,INE0JO301016,YATHARTH HOSPITAL AND TRAUMA CARE SERVICES LIMITED,2381,1,2023-08-07,True,nse_symbols_consolidated.csv,2026-08-15,,1.0,False
2385,YATRA,INE0JR601024,YATRA ONLINE LIMITED,2382,1,2023-09-28,True,nse_symbols_consolidated.csv,2026-08-15,,1.0,False
2386,YESBANK,INE528G01035,YES BANK LIMITED,2383,1,2005-07-12,True,nse_symbols_consolidated.csv,2026-08-15,,1.0,False
2387,YUKEN,INE384C01016,YUKEN INDIA LIMITED,2384,1,2021-09-02,True,nse_symbols_consolidated.csv,2026-08-15,,1.0,False
2388,ZAGGLE,INE07K301024,ZAGGLE PREPAID OCEAN SERVICES LIMITED,2385,1,2023-09-22,True,nse_symbols_consolidated.csv,2026-08-15,,1.0,False
2389,ZEEL,INE256A01028,ZEE ENTERTAINMENT ENTERPRISES LIMITED,2386,1,1998-09-09,True,nse_symbols_consolidated.csv,2026-08-15,,1.0,False
2390,ZEELEARN,INE565L01011,ZEE LEARN LIMITED,2387,1,2010-12-20,True,nse_symbols_consolidated.csv,2026-08-15,,1.0,False
2391,ZEEMEDIA,INE966H01019,ZEE MEDIA CORPORATION LIMITED,2388,1,2007-01-10,True,nse_symbols_consolidated.csv,2026-08-15,,1.0,False
2392,ZENITHEXPO,INE058B01018,ZENITH EXPORTS LIMITED,2389,1,1996-07-10,True,nse_symbols_consolidated.csv,2026-08-15,,1.0,False
2393,ZENITHSTL,INE318D01020,ZENITH STEEL PIPES AND INDUSTRIES LIMITED,2390,1,2007-04-30,True,nse_symbols_consolidated.csv,2026-08-15,,1.0,False
2394,ZENSARTECH,INE520A01027,ZENSAR TECHNOLOGIES LIMITED,2391,1,2003-07-09,True,nse_symbols_consolidated.csv,2026-08-15,,1.0,False
2395,ZENTEC,INE251B01027,ZEN TECHNOLOGIES LIMITED,2392,1,2015-03-30,True,nse_symbols_consolidated.csv,2026-08-15,,1.0,False
2396,ZFCVINDIA,INE342J01019,ZF COMMERCIAL VEHICLE CONTROL SYSTEMS INDIA LIMITED,2393,1,2008-10-01,True,nse_symbols_consolidated.csv,2026-08-15,,1.0,False
2397,ZFSTEERING,INE116C01012,ZF STEERING GEAR (INDIA) LIMITED,2394,1,2026-04-20,True,nse_symbols_consolidated.csv,2026-08-15,,1.0,False
2398,ZIMLAB,INE518E01015,ZIM LABORATORIES LIMITED,2395,1,2022-11-25,True,nse_symbols_consolidated.csv,2026-08-15,,1.0,False
2399,ZODIAC,INE761Y01019,ZODIAC ENERGY LIMITED,2396,1,2021-12-14,True,nse_symbols_consolidated.csv,2026-08-15,,1.0,False
2400,ZODIACLOTH,INE206B01013,ZODIAC CLOTHING COMPANY LIMITED,2397,1,1995-09-27,True,nse_symbols_consolidated.csv,2026-08-15,,1.0,False
2401,ZOTA,INE358U01012,ZOTA HEALTH CARE LIMITED,2398,1,2019-08-19,True,nse_symbols_consolidated.csv,2026-08-15,,1.0,False
2402,ZSARACOM,INE967G01019,SARASWATI COMMERCIAL INDIA LIMITED,2399,1,2026-04-20,True,nse_symbols_consolidated.csv,2026-08-15,,1.0,False
2403,ZUARI,INE840M01016,ZUARI AGRO CHEMICALS LIMITED,2400,1,2012-11-27,True,nse_symbols_consolidated.csv,2026-08-15,,1.0,False
2404,ZUARIIND,INE217A01012,ZUARI INDUSTRIES LIMITED,2401,1,1995-04-12,True,nse_symbols_consolidated.csv,2026-08-15,,1.0,False
2405,ZYDUSLIFE,INE010B01027,ZYDUS LIFESCIENCES LIMITED,2402,1,2000-04-18,True,nse_symbols_consolidated.csv,2026-08-15,,1.0,False
2406,ZYDUSWELL,INE768C01028,ZYDUS WELLNESS LIMITED,2403,1,2009-11-13,True,nse_symbols_consolidated.csv,2026-08-15,,1.0,False
