issuer_id,issuer_name,sector,market_cap_category,country
1,20 MICRONS LIMITED,,,India
2,21ST CENTURY MANAGEMENT SERVICES LIMITED,,,India
3,360 ONE WAM LIMITED,,,India
4,3B BLACKBIO DX LIMITED,,,India
5,3I INFOTECH LIMITED,,,India
6,3M INDIA LIMITED,,,India
7,3P LAND HOLDINGS LIMITED,,,India
8,5PAISA CAPITAL LIMITED,,,India
9,63 MOONS TECHNOLOGIES LIMITED,,,India
10,A2Z INFRA ENGINEERING LIMITED,,,India
11,AAA TECHNOLOGIES LIMITED,,,India
12,AADHAR HOUSING FINANCE LIMITED,,,India
13,AAKASH EXPLORATION SERVICES LIMITED,,,India
14,AAREY DRUGS AND PHARMACEUTICALS LIMITED,,,India
15,AARNAV FASHIONS LIMITED,,,India
16,AARON INDUSTRIES LIMITED,,,India
17,AARTECH SOLONICS LIMITED,,,India
18,AARTI DRUGS LIMITED,,,India
19,AARTI INDUSTRIES LIMITED,,,India
20,AARTI PHARMALABS LIMITED,,,India
21,AARTI SURFACTANTS LIMITED,,,India
22,AARVI ENCON LIMITED,,,India
23,AASTHA SPINTEX LIMITED,,,India
24,AAVAS FINANCIERS LIMITED,,,India
25,ABAN OFFSHORE LIMITED,,,India
26,ABANS ENTERPRISES LIMITED,,,India
27,ABB INDIA LIMITED,,,India
28,ABBOTT INDIA LIMITED,,,India
29,ADITYA BIRLA CAPITAL LIMITED,,,India
30,A B COTSPIN INDIA LIMITED,,,India
31,ALLIED BLENDERS AND DISTILLERS LIMITED,,,India
32,ADITYA BIRLA FASHION AND RETAIL LIMITED,,,India
33,A B INFRABUILD LIMITED,,,India
34,ADITYA BIRLA LIFESTYLE BRANDS LIMITED,,,India
35,ABM INTERNATIONAL LIMITED,,,India
36,ABM KNOWLEDGEWARE LIMITED,,,India
37,ADITYA BIRLA REAL ESTATE LIMITED,,,India
38,ADITYA BIRLA SUN LIFE AMC LIMITED,,,India
39,ACC LIMITED,,,India
40,ACCELYA SOLUTIONS INDIA LIMITED,,,India
41,ACCURACY SHIPPING LIMITED,,,India
42,ACTION CONSTRUCTION EQUIPMENT LIMITED,,,India
43,ACE INTEGRATED SOLUTIONS LIMITED,,,India
44,AUTOMOBILE CORPORATION OF GOA LIMITED,,,India
45,ARCHEAN CHEMICAL INDUSTRIES LIMITED,,,India
46,ANDHRA CEMENTS LIMITED,,,India
47,ACME SOLAR HOLDINGS LIMITED,,,India
48,ACS TECHNOLOGIES LIMITED,,,India
49,ACUTAAS CHEMICALS LIMITED,,,India
50,ADANI ENERGY SOLUTIONS LIMITED,,,India
51,ADANI ENTERPRISES LIMITED,,,India
52,ADANI GREEN ENERGY LIMITED,,,India
53,ADANI PORTS AND SPECIAL ECONOMIC ZONE LIMITED,,,India
54,ADANI POWER LIMITED,,,India
55,ADDI INDUSTRIES LIMITED,,,India
56,ADF FOODS LIMITED,,,India
57,ARCHIDPLY DECOR LIMITED,,,India
58,ADOR WELDING LIMITED,,,India
59,ADROIT INFOTECH LIMITED,,,India
60,ALLIED DIGITAL SERVICES LIMITED,,,India
61,ADVAIT ENERGY TRANSITIONS LIMITED,,,India
62,ADVANCE AGROLIFE LIMITED,,,India
63,ADVANI HOTELS AND RESORTS (INDIA) LIMITED,,,India
64,ADVENT HOTELS INTERNATIONAL LIMITED,,,India
65,ADVANCED ENZYME TECHNOLOGIES LIMITED,,,India
66,ADVIK CAPITAL LIMITED,,,India
67,AEGIS LOGISTICS LIMITED,,,India
68,AEGIS VOPAK TERMINALS LIMITED,,,India
69,ARTEMIS ELECTRICALS AND PROJECTS LIMITED,,,India
70,AEQUS LIMITED,,,India
71,AEROFLEX ENTERPRISES LIMITED,,,India
72,AEROFLEX INDUSTRIES LIMITED,,,India
73,AEROFLEX NEU LIMITED,,,India
74,AMIR CHAND JAGDISH KUMAR (EXPORTS) LIMITED,,,India
75,AETHER INDUSTRIES LIMITED,,,India
76,AFCONS INFRASTRUCTURE LIMITED,,,India
77,AFFLE 3I LIMITED,,,India
78,AFFORDABLE ROBOTIC AND AUTOMATION LIMITED,,,India
79,AKME FINTRADE (INDIA) LIMITED,,,India
80,ABANS FINANCIAL SERVICES LIMITED,,,India
81,AGARWAL INDUSTRIAL CORPORATION LIMITED,,,India
82,DR. AGARWAL'S HEALTH CARE LIMITED,,,India
83,AGI GREENPAC LIMITED,,,India
84,AGI INFRA LIMITED,,,India
85,ALLCARGO GLOBAL LIMITED,,,India
86,AGRI-TECH (INDIA) LIMITED,,,India
87,AGRO PHOS INDIA LIMITED,,,India
88,AGS TRANSACT TECHNOLOGIES LIMITED,,,India
89,ANLON HEALTHCARE LIMITED,,,India
90,AHLADA ENGINEERS LIMITED,,,India
91,ASIAN HOTELS (EAST) LIMITED,,,India
92,AHLUWALIA CONTRACTS (INDIA) LIMITED,,,India
93,ASIAN HOTELS (WEST) LIMITED,,,India
94,AIA ENGINEERING LIMITED,,,India
95,AUTHUM INVESTMENT AND INFRASTRUCTURE LIMITED,,,India
96,AIRAN LIMITED,,,India
97,AIRO LAM LIMITED,,,India
98,AJANTA PHARMA LIMITED,,,India
99,AJAX ENGINEERING LIMITED,,,India
100,AJMERA REALTY AND INFRA INDIA LIMITED,,,India
101,AJOONI BIOTECH LIMITED,,,India
102,AKASH INFRA-PROJECTS LIMITED,,,India
103,AK CAPITAL SERVICES LIMITED,,,India
104,AKG EXIM LIMITED,,,India
105,AKI INDIA LIMITED,,,India
106,AKSHAR SPINTEX LIMITED,,,India
107,AKSHARCHEM INDIA LIMITED,,,India
108,AKSH OPTIFIBRE LIMITED,,,India
109,AKUMS DRUGS AND PHARMACEUTICALS LIMITED,,,India
110,ALANKIT LIMITED,,,India
111,ALBERT DAVID LIMITED,,,India
112,ALEMBIC LIMITED,,,India
113,ALFRED HERBERT INDIA LIMITED,,,India
114,ALGOQUANT FINTECH LIMITED,,,India
115,ALICON CASTALLOY LIMITED,,,India
116,ALIVUS LIFE SCIENCES LIMITED,,,India
117,ALKALI METALS LIMITED,,,India
118,ALKEM LABORATORIES LIMITED,,,India
119,ALKYL AMINES CHEMICALS LIMITED,,,India
120,ALLCARGO LOGISTICS LIMITED,,,India
121,ALLDIGI TECH LIMITED,,,India
122,ALL TIME PLASTICS LIMITED,,,India
123,ALMONDZ GLOBAL SECURITIES LIMITED,,,India
124,ALOK INDUSTRIES LIMITED,,,India
125,ALPA LABORATORIES LIMITED,,,India
126,ALPHAGEO (INDIA) LIMITED,,,India
127,ALPINE TEXWORLD LIMITED,,,India
128,ALUFLUORIDE LIMITED,,,India
129,AMAGI MEDIA LABS LIMITED,,,India
130,AMAL LIMITED,,,India
131,AMANTA HEALTHCARE LIMITED,,,India
132,AMARJOTHI SPINNING MILLS LIMITED,,,India
133,AMBALAL SARABHAI ENTERPRISES LIMITED,,,India
134,AMBER ENTERPRISES INDIA LIMITED,,,India
135,AMBICA AGARBATHIES AND AROMA INDUSTRIES LIMITED,,,India
136,AMBIKA COTTON MILLS LIMITED,,,India
137,AMBUJA CEMENTS LIMITED,,,India
138,AMD INDUSTRIES LIMITED,,,India
139,AMJ LAND HOLDINGS LIMITED,,,India
140,AMINES AND PLASTICIZERS LIMITED,,,India
141,AMRUTANJAN HEALTH CARE LIMITED,,,India
142,ANAND RATHI WEALTH LIMITED,,,India
143,ANANT RAJ LIMITED,,,India
144,ANDHRA PAPER LIMITED,,,India
145,THE ANDHRA SUGARS LIMITED,,,India
146,ANDREW YULE AND COMPANY LIMITED,,,India
147,ANGEL ONE LIMITED,,,India
148,ANIK INDUSTRIES LIMITED,,,India
149,ANKIT METAL AND POWER LIMITED,,,India
150,ANMOL INDIA LIMITED,,,India
151,ANNAPURNA SWADISHT LIMITED,,,India
152,ANSAL PROPERTIES AND INFRASTRUCTURE LIMITED,,,India
153,ANSAL BUILDWELL LIMITED,,,India
154,ANTELOPUS SELAN ENERGY LIMITED,,,India
155,ANTARCTICA LIMITED,,,India
156,ANTHEM BIOSCIENCES LIMITED,,,India
157,ANUH PHARMA LIMITED,,,India
158,THE ANUP ENGINEERING LIMITED,,,India
159,ANUPAM RASAYAN INDIA LIMITED,,,India
160,APAR INDUSTRIES LIMITED,,,India
161,ANJANI PORTLAND CEMENT LIMITED,,,India
162,APCOTEX INDUSTRIES LIMITED,,,India
163,APEX FROZEN FOODS LIMITED,,,India
164,APL APOLLO TUBES LIMITED,,,India
165,ALEMBIC PHARMACEUTICALS LIMITED,,,India
166,APOLLO MICRO SYSTEMS LIMITED,,,India
167,APOLLO HOSPITALS ENTERPRISE LIMITED,,,India
168,APOLLO PIPES LIMITED,,,India
169,APOLLO TYRES LIMITED,,,India
170,APOLLO SINDOORI HOTELS LIMITED,,,India
171,APOORVA LEASING FINANCE AND INVESTMENT COMPANY LIMITED,,,India
172,APTECH LIMITED,,,India
173,APTUS VALUE HOUSING FINANCE INDIA LIMITED,,,India
174,AQYLON NEXUS LIMITED,,,India
175,ARCHIDPLY INDUSTRIES LIMITED,,,India
176,ARCHIES LIMITED,,,India
177,ARCL ORGANICS LIMITED,,,India
178,ARDEE INDUSTRIES LIMITED,,,India
179,AMARA RAJA ENERGY AND MOBILITY LIMITED,,,India
180,RAJDARSHAN INDUSTRIES LIMITED,,,India
181,ARFIN INDIA LIMITED,,,India
182,ARIES AGRO LIMITED,,,India
183,ARIHANT FOUNDATIONS AND HOUSING LIMITED,,,India
184,ARIHANT CAPITAL MARKETS LIMITED,,,India
185,ARIHANT SUPERSTRUCTURES LIMITED,,,India
186,ARISINFRA SOLUTIONS LIMITED,,,India
187,ARKADE DEVELOPERS LIMITED,,,India
188,ARMAN FINANCIAL SERVICES LIMITED,,,India
189,ARO GRANITE INDUSTRIES LIMITED,,,India
190,ARROW GREENTECH LIMITED,,,India
191,ARSHIYA LIMITED,,,India
192,ANAND RATHI SHARE AND STOCK BROKERS LIMITED,,,India
193,ARTEMIS MEDICARE SERVICES LIMITED,,,India
194,ART NIRMAN LIMITED,,,India
195,ARVEE LABORATORIES (INDIA) LIMITED,,,India
196,ARVIND LIMITED,,,India
197,ARVIND FASHIONS LIMITED,,,India
198,ARVIND SMARTSPACES LIMITED,,,India
199,ARYAMAN FINANCIAL SERVICES LIMITED,,,India
200,ASAHI INDIA GLASS LIMITED,,,India
201,ASAHI SONGWON COLORS LIMITED,,,India
202,AUTOMOTIVE STAMPINGS AND ASSEMBLIES LIMITED,,,India
203,ASSOCIATED ALCOHOLS AND BREWERIES LIMITED,,,India
204,ASHAPURA MINECHEM LIMITED,,,India
205,ASHIANA HOUSING LIMITED,,,India
206,ASHIKA GLOBAL SECURITIES LIMITED,,,India
207,ASHIMA LIMITED,,,India
208,ASHOKA BUILDCON LIMITED,,,India
209,ASHOKA METCAST LIMITED,,,India
210,ASHOK LEYLAND LIMITED,,,India
211,ASIAN ENERGY SERVICES LIMITED,,,India
212,ASIAN HOTELS (NORTH) LIMITED,,,India
213,ASIAN PAINTS LIMITED,,,India
214,ASIAN GRANITO INDIA LIMITED,,,India
215,ASIAN TEA AND EXPORTS LIMITED,,,India
216,ASK AUTOMOTIVE LIMITED,,,India
217,AVIO SMART MARKET STACK LIMITED,,,India
218,ASPINWALL AND COMPANY LIMITED,,,India
219,ASSAM ENTRADE LIMITED,,,India
220,ASIAN STAR COMPANY LIMITED,,,India
221,ASTEC LIFESCIENCES LIMITED,,,India
222,ASTER DM QUALITY CARE LIMITED,,,India
223,ASTRAL LIMITED,,,India
224,ASTRA MICROWAVE PRODUCTS LIMITED,,,India
225,ASTRAZENECA PHARMA INDIA LIMITED,,,India
226,ASTRON PAPER AND BOARD MILL LIMITED,,,India
227,ATAL REALTECH LIMITED,,,India
228,ATAM VALVES LIMITED,,,India
229,ADANI TOTAL GAS LIMITED,,,India
230,ATHER ENERGY LIMITED,,,India
231,ALLCARGO TERMINALS LIMITED,,,India
232,ATLANTAA LIMITED,,,India
233,ATLANTA ELECTRICALS LIMITED,,,India
234,ATLAS CYCLES (HARYANA) LIMITED,,,India
235,ATUL LIMITED,,,India
236,ATUL AUTO LIMITED,,,India
237,AU SMALL FINANCE BANK LIMITED,,,India
238,AURIONPRO SOLUTIONS LIMITED,,,India
239,AUROBINDO PHARMA LIMITED,,,India
240,AURUM PROPTECH LIMITED,,,India
241,AURUS GEM CORPORATION LIMITED,,,India
242,AUSOM ENTERPRISE LIMITED,,,India
243,AUSTIN ENGINEERING COMPANY LIMITED,,,India
244,AUTOMOTIVE AXLES LIMITED,,,India
245,AUTOLINE INDUSTRIES LIMITED,,,India
246,AVADH SUGAR AND ENERGY LIMITED,,,India
247,AVALON TECHNOLOGIES LIMITED,,,India
248,AVANCE TECHNOLOGIES LIMITED,,,India
249,AVANTEL LIMITED,,,India
250,AVANTI FEEDS LIMITED,,,India
251,AVG LOGISTICS LIMITED,,,India
252,ADITYA VISION LIMITED,,,India
253,AVONMORE CAPITAL AND MANAGEMENT SERVICES LIMITED,,,India
254,AVRO INDIA LIMITED,,,India
255,AVT NATURAL PRODUCTS LIMITED,,,India
256,AWFIS SPACE SOLUTIONS LIMITED,,,India
257,ANTONY WASTE HANDLING CELL LIMITED,,,India
258,AWL AGRI BUSINESS LIMITED,,,India
259,AXIS BANK LIMITED,,,India
260,AXISCADES TECHNOLOGIES LIMITED,,,India
261,AXITA COTTON LIMITED,,,India
262,AXTEL INDUSTRIES LIMITED,,,India
263,AYE FINANCE LIMITED,,,India
264,AYM SYNTEX LIMITED,,,India
265,AZAD ENGINEERING LIMITED,,,India
266,AZAD INDIA MOBILITY LIMITED,,,India
267,BAFNA PHARMACEUTICALS LIMITED,,,India
268,B.A.G FILMS AND MEDIA LIMITED,,,India
269,BAID FINSERV LIMITED,,,India
270,BAJAJ AUTO LIMITED,,,India
271,BAJAJ CONSUMER CARE LIMITED,,,India
272,BAJAJ ELECTRICALS LIMITED,,,India
273,BAJAJ FINSERV LIMITED,,,India
274,BAJAJ HEALTHCARE LIMITED,,,India
275,BAJAJ HOUSING FINANCE LIMITED,,,India
276,BAJAJ HINDUSTHAN SUGAR LIMITED,,,India
277,BAJAJ HOLDINGS AND INVESTMENT LIMITED,,,India
278,INDEF MANUFACTURING LIMITED,,,India
279,BAJAJ STEEL INDUSTRIES LIMITED,,,India
280,BAJEL PROJECTS LIMITED,,,India
281,BAJAJ FINANCE LIMITED,,,India
282,SHREE TIRUPATI BALAJEE AGRO TRADING COMPANY LIMITED,,,India
283,BALAJI TELEFILMS LIMITED,,,India
284,BALAJI AMINES LIMITED,,,India
285,BALAXI PHARMACEUTICALS LIMITED,,,India
286,BALKRISHNA PAPER MILLS LIMITED,,,India
287,BALKRISHNA INDUSTRIES LIMITED,,,India
288,BALMER LAWRIE AND COMPANY LIMITED,,,India
289,BAL PHARMA LIMITED,,,India
290,BALRAMPUR CHINI MILLS LIMITED,,,India
291,BALU FORGE INDUSTRIES LIMITED,,,India
292,BANARAS BEADS LIMITED,,,India
293,BANNARI AMMAN SUGARS LIMITED,,,India
294,BANCO PRODUCTS (I) LIMITED,,,India
295,BANDHAN BANK LIMITED,,,India
296,BANG OVERSEAS LIMITED,,,India
297,BANKA BIOLOO LIMITED,,,India
298,BANK OF BARODA,,,India
299,BANK OF INDIA,,,India
300,BANSAL WIRE INDUSTRIES LIMITED,,,India
301,BANSWARA SYNTEX LIMITED,,,India
302,BASF INDIA LIMITED,,,India
303,BANNARI AMMAN SPINNING MILLS LIMITED,,,India
304,BATA INDIA LIMITED,,,India
305,BATLIBOI LIMITED,,,India
306,BAYER CROPSCIENCE LIMITED,,,India
307,BHARAT BIJLEE LIMITED,,,India
308,BLACK BOX LIMITED,,,India
309,THE BOMBAY BURMAH TRADING CORPORATION LIMITED,,,India
310,BANDB TRIPLEWALL CONTAINERS LIMITED,,,India
311,BRIGHTCOM GROUP LIMITED,,,India
312,BCL INDUSTRIES LIMITED,,,India
313,BRAND CONCEPTS LIMITED,,,India
314,BCPL RAILWAY INFRASTRUCTURE LIMITED,,,India
315,BHARAT DYNAMICS LIMITED,,,India
316,BEARDSELL LIMITED,,,India
317,MRS. BECTORS FOOD SPECIALITIES LIMITED,,,India
318,BEDMUTHA INDUSTRIES LIMITED,,,India
319,BEEKAY STEEL INDUSTRIES LIMITED,,,India
320,BHARAT ELECTRONICS LIMITED,,,India
321,BELLA CASA FASHION AND RETAIL LIMITED,,,India
322,BELRISE INDUSTRIES LIMITED,,,India
323,BEML LIMITED,,,India
324,BENARES HOTELS LIMITED,,,India
325,BENGAL AND ASSAM COMPANY LIMITED,,,India
326,BHANSALI ENGINEERING POLYMERS LIMITED,,,India
327,BERGER PAINTS (I) LIMITED,,,India
328,BEST AGROLIFE LIMITED,,,India
329,BETA DRUGS LIMITED,,,India
330,BF INVESTMENT LIMITED,,,India
331,BF UTILITIES LIMITED,,,India
332,BGR ENERGY SYSTEMS LIMITED,,,India
333,BHAGIRADHA CHEMICALS AND INDUSTRIES LIMITED,,,India
334,BHAGERIA INDUSTRIES LIMITED,,,India
335,BHAGYANAGAR INDIA LIMITED,,,India
336,BHANDARI HOSIERY EXPORTS LIMITED,,,India
337,BHARAT COKING COAL LIMITED,,,India
338,BHARAT FORGE LIMITED,,,India
339,BHARAT GEARS LIMITED,,,India
340,BHARAT RASAYAN LIMITED,,,India
341,BHARAT SEATS LIMITED,,,India
342,BHARAT WIRE ROPES LIMITED,,,India
343,BHARTI AIRTEL LIMITED,,,India
344,BHARTI HEXACOM LIMITED,,,India
345,BHARAT HEAVY ELECTRICALS LIMITED,,,India
346,BILCARE LIMITED,,,India
347,BIGBLOC CONSTRUCTION LIMITED,,,India
348,BIKAJI FOODS INTERNATIONAL LIMITED,,,India
349,BHARTIYA INTERNATIONAL LIMITED,,,India
350,BIL VYAPAR LIMITED,,,India
351,BIMETAL BEARINGS LIMITED,,,India
352,BIOCON LIMITED,,,India
353,BIOFIL CHEMICALS AND PHARMACEUTICALS LIMITED,,,India
354,BIRLA CABLE LIMITED,,,India
355,BIRLA CORPORATION LIMITED,,,India
356,ADITYA BIRLA MONEY LIMITED,,,India
357,BIRLANU LIMITED,,,India
358,BIRLA PRECISION TECHNOLOGIES LIMITED,,,India
359,BLACKBUCK LIMITED,,,India
360,BLACK ROSE INDUSTRIES LIMITED,,,India
361,BEML LAND ASSETS LIMITED,,,India
362,BLB LIMITED,,,India
363,BEHARI LAL ENGINEERING LIMITED,,,India
364,BALMER LAWRIE INVESTMENTS LIMITED,,,India
365,BLISS GVS PHARMA LIMITED,,,India
366,B. L. KASHYAP AND SONS LIMITED,,,India
367,BLS INTERNATIONAL SERVICES LIMITED,,,India
368,BLS E-SERVICES LIMITED,,,India
369,BLUE CHIP INDIA LIMITED,,,India
370,BLUE CLOUD SOFTECH SOLUTIONS LIMITED,,,India
371,BLUE COAST HOTELS LIMITED,,,India
372,BLUE DART EXPRESS LIMITED,,,India
373,BLUE JET HEALTHCARE LIMITED,,,India
374,BLUE STAR LIMITED,,,India
375,BLUESTONE JEWELLERY AND LIFESTYLE LIMITED,,,India
376,BLUSPRING ENTERPRISES LIMITED,,,India
377,BMW VENTURES LIMITED,,,India
378,BN AGROCHEM LIMITED,,,India
379,B AND A LIMITED,,,India
380,BODAL CHEMICALS LIMITED,,,India
381,BOHRA INDUSTRIES LIMITED,,,India
382,BOMBAY DYEING AND MANUFACTURING COMPANY LIMITED,,,India
383,BONLON INDUSTRIES LIMITED,,,India
384,BORANA WEAVES LIMITED,,,India
385,BOROSIL LIMITED,,,India
386,BOROSIL RENEWABLES LIMITED,,,India
387,BOROSIL SCIENTIFIC LIMITED,,,India
388,BOSCH HOME COMFORT INDIA LIMITED,,,India
389,BOSCH LIMITED,,,India
390,BHARAT PETROLEUM CORPORATION LIMITED,,,India
391,BPL LIMITED,,,India
392,BHARAT PARENTERALS LIMITED,,,India
393,BRAHMAPUTRA INFRASTRUCTURE LIMITED,,,India
394,BRIGADE ENTERPRISES LIMITED,,,India
395,BRIGADE HOTEL VENTURES LIMITED,,,India
396,BRIGHT BROTHERS LIMITED,,,India
397,BRITANNIA INDUSTRIES LIMITED,,,India
398,BHARAT ROAD NETWORK LIMITED,,,India
399,BROOKS LABORATORIES LIMITED,,,India
400,BSE LIMITED,,,India
401,BOMBAY SUPER HYBRID SEEDS LIMITED,,,India
402,BSL LIMITED,,,India
403,BIRLASOFT LIMITED,,,India
404,BODHI TREE MULTIMEDIA LIMITED,,,India
405,BHILWARA TECHNICAL TEXTILES LIMITED,,,India
406,SHANKARA BUILDPRO LIMITED,,,India
407,BURNPUR CEMENT LIMITED,,,India
408,BUTTERFLY GANDHIMATHI APPLIANCES LIMITED,,,India
409,BARAK VALLEY CEMENTS LIMITED,,,India
410,THE BYKE HOSPITALITY LIMITED,,,India
411,CALIFORNIA SOFTWARE COMPANY LIMITED,,,India
412,CAMLIN FINE SCIENCES LIMITED,,,India
413,CAMPUS ACTIVEWEAR LIMITED,,,India
414,COMPUTER AGE MANAGEMENT SERVICES LIMITED,,,India
415,CANARA BANK,,,India
416,CAN FIN HOMES LIMITED,,,India
417,CANARA HSBC LIFE INSURANCE COMPANY LIMITED,,,India
418,CANTABIL RETAIL INDIA LIMITED,,,India
419,CAPACIT'E INFRAPROJECTS LIMITED,,,India
420,CAPILLARY TECHNOLOGIES INDIA LIMITED,,,India
421,CAPITAL SMALL FINANCE BANK LIMITED,,,India
422,CAPLIN POINT LABORATORIES LIMITED,,,India
423,CAPITAL TRUST LIMITED,,,India
424,CARBORUNDUM UNIVERSAL LIMITED,,,India
425,CARE RATINGS LIMITED,,,India
426,CARRARO INDIA LIMITED,,,India
427,CARTRADE TECH LIMITED,,,India
428,CARYSIL LIMITED,,,India
429,CASTROL INDIA LIMITED,,,India
430,AVENUESAI LIMITED,,,India
431,CONSOLIDATED CONSTRUCTION CONSORTIUM LIMITED,,,India
432,COUNTRY CLUB HOSPITALITY AND HOLIDAYS LIMITED,,,India
433,CCL PRODUCTS (INDIA) LIMITED,,,India
434,CENTRAL DEPOSITORY SERVICES (INDIA) LIMITED,,,India
435,CEAT LIMITED,,,India
436,CEIGALL INDIA LIMITED,,,India
437,CEINSYS TECH LIMITED,,,India
438,CELEBRITY FASHIONS LIMITED,,,India
439,CELLO WORLD LIMITED,,,India
440,CEMINDIA PROJECTS LIMITED,,,India
441,CENTURY ENKA LIMITED,,,India
442,CENTURY EXTRUSIONS LIMITED,,,India
443,CENTRAL BANK OF INDIA,,,India
444,CENTRUM CAPITAL LIMITED,,,India
445,CENTUM ELECTRONICS LIMITED,,,India
446,CENTURY PLYBOARDS (INDIA) LIMITED,,,India
447,CERA SANITARYWARE LIMITED,,,India
448,CEREBRA INTEGRATED TECHNOLOGIES LIMITED,,,India
449,CESC LIMITED,,,India
450,CONCORD ENVIRO SYSTEMS LIMITED,,,India
451,CONFIDENCE FUTURISTIC ENERGETECH LIMITED,,,India
452,CAPRI GLOBAL CAPITAL LIMITED,,,India
453,CG POWER AND INDUSTRIAL SOLUTIONS LIMITED,,,India
454,CG VAK SOFTWARE AND EXPORTS LIMITED,,,India
455,CHALET HOTELS LIMITED,,,India
456,CHAMBAL FERTILIZERS AND CHEMICALS LIMITED,,,India
457,CHEMBOND MATERIAL TECHNOLOGIES LIMITED,,,India
458,CHEMBOND CHEMICALS LIMITED,,,India
459,CHEMCON SPECIALITY CHEMICALS LIMITED,,,India
460,CHEMCRUX ENTERPRISES LIMITED,,,India
461,CHEMFAB ALKALIS LIMITED,,,India
462,CHEMPLAST SANMAR LIMITED,,,India
463,CHENNAI PETROLEUM CORPORATION LIMITED,,,India
464,CHEVIOT COMPANY LIMITED,,,India
465,CHOICE INTERNATIONAL LIMITED,,,India
466,CHOLAMANDALAM INVESTMENT AND FINANCE COMPANY LIMITED,,,India
467,CHOLAMANDALAM FINANCIAL HOLDINGS LIMITED,,,India
468,CIE AUTOMOTIVE INDIA LIMITED,,,India
469,CAPITAL INDIA FINANCE LIMITED,,,India
470,CINELINE INDIA LIMITED,,,India
471,CINEVISTA LIMITED,,,India
472,CIPLA LIMITED,,,India
473,CLC INDUSTRIES LIMITED,,,India
474,CLEAN SCIENCE AND TECHNOLOGY LIMITED,,,India
475,CLEAN MAX ENVIRO ENERGY SOLUTIONS LIMITED,,,India
476,CL EDUCATE LIMITED,,,India
477,CHAMAN LAL SETIA EXPORTS LIMITED,,,India
478,CALIBER MINING AND LOGISTICS LIMITED,,,India
479,CENTRAL MINE PLANNING AND DESIGN INSTITUTE LIMITED,,,India
480,CMR GREEN TECHNOLOGIES LIMITED,,,India
481,CMS INFO SYSTEMS LIMITED,,,India
482,CREATIVE NEWTECH LIMITED,,,India
483,COAL INDIA LIMITED,,,India
484,COASTAL CORPORATION LIMITED,,,India
485,COCHIN SHIPYARD LIMITED,,,India
486,JOHN COCKERILL INDIA LIMITED,,,India
487,COFFEE DAY ENTERPRISES LIMITED,,,India
488,COFORGE LIMITED,,,India
489,COHANCE LIFESCIENCES LIMITED,,,India
490,COLGATE PALMOLIVE (INDIA) LIMITED,,,India
491,COMFORT INTECH LIMITED,,,India
492,COMPETENT AUTOMOBILES COMPANY LIMITED,,,India
493,COMPUAGE INFOCOM LIMITED,,,India
494,COMPUCOM SOFTWARE LIMITED,,,India
495,COMMERCIAL SYN BAGS LIMITED,,,India
496,CONTAINER CORPORATION OF INDIA LIMITED,,,India
497,CONCORD BIOTECH LIMITED,,,India
498,CONFIDENCE PETROLEUM INDIA LIMITED,,,India
499,CONSOLIDATED FINVEST AND HOLDINGS LIMITED,,,India
500,CONTROL PRINT LIMITED,,,India
501,CORAL INDIA FINANCE AND HOUSING LIMITED,,,India
502,WATERWAYS LEISURE TOURISM LIMITED,,,India
503,CORDS CABLE INDUSTRIES LIMITED,,,India
504,COROMANDEL INTERNATIONAL LIMITED,,,India
505,CORONA REMEDIES LIMITED,,,India
506,COSMO FIRST LIMITED,,,India
507,COUNTRY CONDO'S LIMITED,,,India
508,CP CAPITAL LIMITED,,,India
509,CAREER POINT EDUTECH LIMITED,,,India
510,CAPTAIN POLYPLAST LIMITED,,,India
511,ADITYA INFOTECH LIMITED,,,India
512,CRAFTSMAN AUTOMATION LIMITED,,,India
513,CANARA ROBECO ASSET MANAGEMENT COMPANY LIMITED,,,India
514,CRAVATEX LIMITED,,,India
515,CREATIVE EYE LIMITED,,,India
516,CREDITACCESS GRAMEEN LIMITED,,,India
517,CREST VENTURES LIMITED,,,India
518,CRISIL LIMITED,,,India
519,CRIZAC LIMITED,,,India
520,CROMPTON GREAVES CONSUMER ELECTRICALS LIMITED,,,India
521,CROWN LIFTERS LIMITED,,,India
522,CRESSANDA RAILWAY SOLUTIONS LIMITED,,,India
523,CSB BANK LIMITED,,,India
524,CSL FINANCE LIMITED,,,India
525,CSM TECHNOLOGIES LIMITED,,,India
526,CAMBRIDGE TECHNOLOGY ENTERPRISES LIMITED,,,India
527,CITY UNION BANK LIMITED,,,India
528,CUBEX TUBINGS LIMITED,,,India
529,CUMMINS INDIA LIMITED,,,India
530,CUPID LIMITED,,,India
531,CURA TECHNOLOGIES LIMITED,,,India
532,CYBER MEDIA (INDIA) LIMITED,,,India
533,CYBERTECH SYSTEMS AND SOFTWARE LIMITED,,,India
534,CYIENT LIMITED,,,India
535,CYIENT DLM LIMITED,,,India
536,DABUR INDIA LIMITED,,,India
537,DAI-ICHI KARKARIA LIMITED,,,India
538,DALMIA BHARAT LIMITED,,,India
539,DALMIA BHARAT SUGAR AND INDUSTRIES LIMITED,,,India
540,DAM CAPITAL ADVISORS LIMITED,,,India
541,DAMODAR INDUSTRIES LIMITED,,,India
542,DANGEE DUMS LIMITED,,,India
543,DATAMATICS GLOBAL SERVICES LIMITED,,,India
544,DATA PATTERNS (INDIA) LIMITED,,,India
545,DAVANGERE SUGAR COMPANY LIMITED,,,India
546,D.B.CORPORATION LIMITED,,,India
547,DEEPAK BUILDERS AND ENGINEERS INDIA LIMITED,,,India
548,DILIP BUILDCON LIMITED,,,India
549,DHAMPUR BIO ORGANICS LIMITED,,,India
550,VALOR ESTATE LIMITED,,,India
551,DB (INTERNATIONAL) STOCK BROKERS LIMITED,,,India
552,DISHMAN CARBOGEN AMCIS LIMITED,,,India
553,DCB BANK LIMITED,,,India
554,DC INFOTECH AND COMMUNICATION LIMITED,,,India
555,DCM LIMITED,,,India
556,DCM FINANCIAL SERVICES LIMITED,,,India
557,DCM NOUVELLE LIMITED,,,India
558,DCM SHRIRAM LIMITED,,,India
559,DCM SHRIRAM INTERNATIONAL LIMITED,,,India
560,DCM SHRIRAM INDUSTRIES LIMITED,,,India
561,DCW LIMITED,,,India
562,DCX SYSTEMS LIMITED,,,India
563,DDEV PLASTIKS INDUSTRIES LIMITED,,,India
564,DECCAN CEMENTS LIMITED,,,India
565,DECCAN GOLD MINES LIMITED,,,India
566,DEE DEVELOPMENT ENGINEERS LIMITED,,,India
567,DEEP POLYMERS LIMITED,,,India
568,DEEPAK FERTILIZERS AND PETROCHEMICALS CORPORATION LIMITED,,,India
569,DEEPAK NITRITE LIMITED,,,India
570,DEEP INDUSTRIES LIMITED,,,India
571,DELHIVERY LIMITED,,,India
572,DELPHI WORLD MONEY LIMITED,,,India
573,DELTA CORPORATION LIMITED,,,India
574,DELTA MANUFACTURING LIMITED,,,India
575,DEN NETWORKS LIMITED,,,India
576,DE NORA INDIA LIMITED,,,India
577,DENTA WATER AND INFRA SOLUTIONS LIMITED,,,India
578,DEV INFORMATION TECHNOLOGY LIMITED,,,India
579,DEV ACCELERATOR LIMITED,,,India
580,DEVYANI INTERNATIONAL LIMITED,,,India
581,DIGICONTENT LIMITED,,,India
582,DHABRIYA POLYWOOD LIMITED,,,India
583,DHAMPUR SUGAR MILLS LIMITED,,,India
584,DHANLAXMI BANK LIMITED,,,India
585,DHANUKA AGRITECH LIMITED,,,India
586,DHARAN INFRA-EPC LIMITED,,,India
587,DHARMAJ CROP GUARD LIMITED,,,India
588,DHATRE UDYOG LIMITED,,,India
589,DHOOT TRANSMISSION LIMITED,,,India
590,DHRUV CONSULTANCY SERVICES LIMITED,,,India
591,DHUNSERI INVESTMENTS LIMITED,,,India
592,DIAMOND POWER INFRASTRUCTURE LIMITED,,,India
593,DIAMINES AND CHEMICALS LIMITED,,,India
594,PRATAAP SNACKS LIMITED,,,India
595,DIC INDIA LIMITED,,,India
596,DIFFUSION ENGINEERS LIMITED,,,India
597,DIGIDRIVE DISTRIBUTORS LIMITED,,,India
598,DIGISPICE TECHNOLOGIES LIMITED,,,India
599,DIGITIDE SOLUTIONS LIMITED,,,India
600,DIGJAM LIMITED,,,India
601,DISA INDIA LIMITED,,,India
602,DISH TV INDIA LIMITED,,,India
603,DIVGI TORQTRANSFER SYSTEMS LIMITED,,,India
604,DIVI'S LABORATORIES LIMITED,,,India
605,DIXON TECHNOLOGIES (INDIA) LIMITED,,,India
606,DJ MEDIAPRINT AND LOGISTICS LIMITED,,,India
607,DLF LIMITED,,,India
608,D-LINK (INDIA) LIMITED,,,India
609,AVENUE SUPERMARTS LIMITED,,,India
610,DMCC SPECIALITY CHEMICALS LIMITED,,,India
611,DILIGENT MEDIA CORPORATION LIMITED,,,India
612,DODLA DAIRY LIMITED,,,India
613,DOLAT ALGOTECH LIMITED,,,India
614,DOLLAR INDUSTRIES LIMITED,,,India
615,DOLPHIN OFFSHORE ENTERPRISES (INDIA) LIMITED,,,India
616,DOMS INDUSTRIES LIMITED,,,India
617,DONEAR INDUSTRIES LIMITED,,,India
618,D. P. ABHUSHAN LIMITED,,,India
619,DPSC LIMITED,,,India
620,D P WIRES LIMITED,,,India
621,DR AGARWALS EYE HOSPITAL LIMITED,,,India
622,DRC SYSTEMS INDIA LIMITED,,,India
623,DREAMFOLKS SERVICES LIMITED,,,India
624,DREDGING CORPORATION OF INDIA LIMITED,,,India
625,DR. REDDY'S LABORATORIES LIMITED,,,India
626,DCM SHRIRAM FINE CHEMICALS LIMITED,,,India
627,DS KULKARNI DEVELOPERS LIMITED,,,India
628,DYNACONS SYSTEMS AND SOLUTIONS LIMITED,,,India
629,DHUNSERI TEA AND INDUSTRIES LIMITED,,,India
630,DUCON INFRATECHNOLOGIES LIMITED,,,India
631,DHUNSERI VENTURES LIMITED,,,India
632,DWARIKESH SUGAR INDUSTRIES LIMITED,,,India
633,DYNAMIC CABLES LIMITED,,,India
634,DYNAMATIC TECHNOLOGIES LIMITED,,,India
635,DYNEMIC PRODUCTS LIMITED,,,India
636,E2E NETWORKS LIMITED,,,India
637,EASY TRIP PLANNERS LIMITED,,,India
638,EASTERN SILK INDUSTRIES LIMITED,,,India
639,EAST WEST FREIGHT CARRIERS LIMITED,,,India
640,GNG ELECTRONICS LIMITED,,,India
641,EBIX LIMITED,,,India
642,ECLERX SERVICES LIMITED,,,India
643,ECO RECYCLING LIMITED,,,India
644,ECOS (INDIA) MOBILITY AND HOSPITALITY LIMITED,,,India
645,EDELWEISS FINANCIAL SERVICES LIMITED,,,India
646,EFC (I) LIMITED,,,India
647,EICHER MOTORS LIMITED,,,India
648,EID PARRY INDIA LIMITED,,,India
649,ENVIRO INFRA ENGINEERS LIMITED,,,India
650,EURO INDIA FRESH FOODS LIMITED,,,India
651,EIH ASSOCIATED HOTELS LIMITED,,,India
652,EIH LIMITED,,,India
653,EIMCO ELECON (INDIA) LIMITED,,,India
654,EVEREST KANTO CYLINDER LIMITED,,,India
655,EKI ENERGY SERVICES LIMITED,,,India
656,ELANTAS BECK INDIA LIMITED,,,India
657,EL CID INVESTMENTS LIMITED,,,India
658,ELDECO HOUSING AND INDUSTRIES LIMITED,,,India
659,ELECON ENGINEERING COMPANY LIMITED,,,India
660,ELECTROSTEEL CASTINGS LIMITED,,,India
661,ELECTROTHERM (INDIA) LIMITED,,,India
662,ELGI EQUIPMENTS LIMITED,,,India
663,ELGI RUBBER COMPANY LIMITED,,,India
664,ELIN ELECTRONICS LIMITED,,,India
665,ELITECON INTERNATIONAL LIMITED,,,India
666,ELLENBARRIE INDUSTRIAL GASES LIMITED,,,India
667,ELPRO INTERNATIONAL LIMITED,,,India
668,EMAMI LIMITED,,,India
669,EMAMI PAPER MILLS LIMITED,,,India
670,EMAMI REALTY LIMITED,,,India
671,EMBASSY DEVELOPMENTS LIMITED,,,India
672,EMCURE PHARMACEUTICALS LIMITED,,,India
673,ELECTRONICS MART INDIA LIMITED,,,India
674,EMKAY GLOBAL FINANCIAL SERVICES LIMITED,,,India
675,EMMBI INDUSTRIES LIMITED,,,India
676,EMMVEE PHOTOVOLTAIC POWER LIMITED,,,India
677,EMPIRE INDUSTRIES LIMITED,,,India
678,EMPOWER INDIA LIMITED,,,India
679,EMS LIMITED,,,India
680,EMUDHRA LIMITED,,,India
681,ENDURANCE TECHNOLOGIES LIMITED,,,India
682,ENERGY DEVELOPMENT COMPANY LIMITED,,,India
683,ENGINEERS INDIA LIMITED,,,India
684,ENTERTAINMENT NETWORK (INDIA) LIMITED,,,India
685,ENKEI WHEELS (INDIA) LIMITED,,,India
686,SIEMENS ENERGY INDIA LIMITED,,,India
687,ENTERO HEALTHCARE SOLUTIONS LIMITED,,,India
688,EPACK DURABLE LIMITED,,,India
689,EPACK PREFAB TECHNOLOGIES LIMITED,,,India
690,EPIGRAL LIMITED,,,India
691,EPL LIMITED,,,India
692,EQUIPPP SOCIAL IMPACT TECHNOLOGIES LIMITED,,,India
693,EQUITAS SMALL FINANCE BANK LIMITED,,,India
694,ERIS LIFESCIENCES LIMITED,,,India
695,ESAB INDIA LIMITED,,,India
696,ESAF SMALL FINANCE BANK LIMITED,,,India
697,ESCORTS KUBOTA LIMITED,,,India
698,ESSAR SHIPPING LIMITED,,,India
699,INTEGRA ESSENTIA LIMITED,,,India
700,ESTER INDUSTRIES LIMITED,,,India
701,ETERNAL LIMITED,,,India
702,ETHOS LIMITED,,,India
703,EUREKA FORBES LIMITED,,,India
704,EURO PANEL PRODUCTS LIMITED,,,India
705,EURO PRATIK SALES LIMITED,,,India
706,EUROTEX INDUSTRIES AND EXPORTS LIMITED,,,India
707,EVEREADY INDUSTRIES INDIA LIMITED,,,India
708,EVEREST INDUSTRIES LIMITED,,,India
709,EXCEL INDUSTRIES LIMITED,,,India
710,EXCELSOFT TECHNOLOGIES LIMITED,,,India
711,EXICOM TELE-SYSTEMS LIMITED,,,India
712,EXIDE INDUSTRIES LIMITED,,,India
713,EXPLEO SOLUTIONS LIMITED,,,India
714,EXXARO TILES LIMITED,,,India
715,FABTECH TECHNOLOGIES LIMITED,,,India
716,FERTILIZERS AND CHEMICALS TRAVANCORE LIMITED,,,India
717,FAIRCHEM ORGANICS LIMITED,,,India
718,FAZE THREE LIMITED,,,India
719,FINEOTEX CHEMICAL LIMITED,,,India
720,FCS SOFTWARE SOLUTIONS LIMITED,,,India
721,FDC LIMITED,,,India
722,FEDDERS HOLDING LIMITED,,,India
723,THE FEDERAL BANK LIMITED,,,India
724,FEDBANK FINANCIAL SERVICES LIMITED,,,India
725,FUTURE ENTERPRISES LIMITED,,,India
726,FERMENTA BIOTECH LIMITED,,,India
727,FIBERWEB (INDIA) LIMITED,,,India
728,FIEM INDUSTRIES LIMITED,,,India
729,FILATEX INDIA LIMITED,,,India
730,FILATEX FASHIONS LIMITED,,,India
731,FINOLEX CABLES LIMITED,,,India
732,FINE ORGANIC INDUSTRIES LIMITED,,,India
733,FINKURVE FINANCIAL SERVICES LIMITED,,,India
734,FINO PAYMENTS BANK LIMITED,,,India
735,FINOLEX INDUSTRIES LIMITED,,,India
736,BRAINBEES SOLUTIONS LIMITED,,,India
737,FISCHER MEDICAL VENTURES LIMITED,,,India
738,FIVE-STAR BUSINESS FINANCE LIMITED,,,India
739,FLAIR WRITING INDUSTRIES LIMITED,,,India
740,FLEXITUFF VENTURES INTERNATIONAL LIMITED,,,India
741,FUTURE LIFESTYLE FASHIONS LIMITED,,,India
742,GUJARAT FLUOROCHEMICALS LIMITED,,,India
743,FEDERAL-MOGUL GOETZE (INDIA) LIMITED.,,,India
744,FUTURE MARKET NETWORKS LIMITED,,,India
745,FOCUS LIGHTING AND FIXTURES LIMITED,,,India
746,FOODS AND INNS LIMITED,,,India
747,FORCE MOTORS LIMITED,,,India
748,FORTIS HEALTHCARE LIMITED,,,India
749,FOSECO INDIA LIMITED,,,India
750,FRACTAL ANALYTICS LIMITED,,,India
751,FREDUN PHARMACEUTICALS LIMITED,,,India
752,FRONTIER SPRINGS LIMITED,,,India
753,FIRSTSOURCE SOLUTIONS LIMITED,,,India
754,FUSION FINANCE LIMITED,,,India
755,GABRIEL INDIA LIMITED,,,India
756,GUJARAT AMBUJA EXPORTS LIMITED,,,India
757,GAIL (INDIA) LIMITED,,,India
758,GAJA ALTERNATIVE ASSET MANAGEMENT LIMITED,,,India
759,GALA PRECISION ENGINEERING LIMITED,,,India
760,GALAXY SURFACTANTS LIMITED,,,India
761,GALLANTT ISPAT LIMITED,,,India
762,GANDHAR OIL REFINERY (INDIA) LIMITED,,,India
763,GANDHI SPECIAL TUBES LIMITED,,,India
764,GANESHA ECOSPHERE LIMITED,,,India
765,GANESH BENZOPLAST LIMITED,,,India
766,GANESH CONSUMER PRODUCTS LIMITED,,,India
767,GANESH HOUSING LIMITED,,,India
768,GANGA FORGING LIMITED,,,India
769,GANGES SECURITIES LIMITED,,,India
770,GARWARE TECHNICAL FIBRES LIMITED,,,India
771,GARUDA CONSTRUCTION AND ENGINEERING LIMITED,,,India
772,GACM TECHNOLOGIES LIMITED,,,India
773,GATEWAY DISTRIPARKS LIMITED,,,India
774,GAUDIUM IVF AND WOMEN HEALTH LIMITED,,,India
775,GAYATRI HIGHWAYS LIMITED,,,India
776,GAYATRI PROJECTS LIMITED,,,India
777,GRETEX CORPORATE SERVICES LIMITED,,,India
778,GEECEE VENTURES LIMITED,,,India
779,GEEKAY WIRES LIMITED,,,India
780,GEM AROMATICS LIMITED,,,India
781,GENERIC ENGINEERING CONSTRUCTION AND PROJECTS LIMITED,,,India
782,GENESYS INTERNATIONAL CORPORATION LIMITED,,,India
783,GENSOL ENGINEERING LIMITED,,,India
784,GENUS PAPER AND BOARDS LIMITED,,,India
785,GENUS POWER INFRASTRUCTURES LIMITED,,,India
786,GEOJIT FINANCIAL SERVICES LIMITED,,,India
787,THE GREAT EASTERN SHIPPING COMPANY LIMITED,,,India
788,GFL LIMITED,,,India
789,GHCL LIMITED,,,India
790,GHCL TEXTILES LIMITED,,,India
791,GIC HOUSING FINANCE LIMITED,,,India
792,GLOBE INTERNATIONAL CARRIERS LIMITED,,,India
793,GENERAL INSURANCE CORPORATION OF INDIA,,,India
794,GILLANDERS ARBUTHNOT AND COMPANY LIMITED,,,India
795,GILLETTE INDIA LIMITED,,,India
796,GINNI FILAMENTS LIMITED,,,India
797,GUJARAT INDUSTRIES POWER COMPANY LIMITED,,,India
798,GKB OPHTHALMICS LIMITED,,,India
799,GK ENERGY LIMITED,,,India
800,GUJARAT KIDNEY AND SUPER SPECIALITY LIMITED,,,India
801,GKW LIMITED,,,India
802,GLAND PHARMA LIMITED,,,India
803,GLAXOSMITHKLINE PHARMACEUTICALS LIMITED,,,India
804,GLENMARK PHARMACEUTICALS LIMITED,,,India
805,GUJARAT LEASE FINANCING LIMITED,,,India
806,GLOBAL EDUCATION LIMITED,,,India
807,GLOBALE TESSILE LIMITED,,,India
808,GLOBAL VECTRA HELICORP LIMITED,,,India
809,GLOBE ENTERPRISES (INDIA) LIMITED,,,India
810,GLOBE CIVIL PROJECTS LIMITED,,,India
811,GLOBUS SPIRITS LIMITED,,,India
812,GLOSTER LIMITED,,,India
813,GLOTTIS LIMITED,,,India
814,GM BREWERIES LIMITED,,,India
815,GUJARAT MINERAL DEVELOPMENT CORPORATION LIMITED,,,India
816,GMM PFAUDLER LIMITED,,,India
817,GMR AIRPORTS LIMITED,,,India
818,GMR POWER AND URBAN INFRA LIMITED,,,India
819,GNA AXLES LIMITED,,,India
820,GUJARAT NARMADA VALLEY FERTILIZERS AND CHEMICALS LIMITED,,,India
821,GUJARAT NATURAL RESOURCES LIMITED,,,India
822,GOA CARBON LIMITED,,,India
823,GOCL CORPORATION LIMITED,,,India
824,GO FASHION (INDIA) LIMITED,,,India
825,GODAVARI BIOREFINERIES LIMITED,,,India
826,GODFREY PHILLIPS INDIA LIMITED,,,India
827,GO DIGIT GENERAL INSURANCE LIMITED,,,India
828,GODREJ AGROVET LIMITED,,,India
829,GODREJ CONSUMER PRODUCTS LIMITED,,,India
830,GODREJ INDUSTRIES LIMITED,,,India
831,GODREJ PROPERTIES LIMITED,,,India
832,GOKALDAS EXPORTS LIMITED,,,India
833,GOKUL REFOILS AND SOLVENT LIMITED,,,India
834,GOKUL AGRO RESOURCES LIMITED,,,India
835,GOLDEN TOBACCO LIMITED,,,India
836,GOLDIAM INTERNATIONAL LIMITED,,,India
837,AION-TECH SOLUTIONS LIMITED,,,India
838,GOODLUCK INDIA LIMITED,,,India
839,GOODYEAR INDIA LIMITED,,,India
840,GOPAL SNACKS LIMITED,,,India
841,GOYAL ALUMINIUMS LIMITED,,,India
842,GODAWARI POWER AND ISPAT LIMITED,,,India
843,GUJARAT PIPAVAV PORT LIMITED,,,India
844,GPT HEALTHCARE LIMITED,,,India
845,GPT INFRAPROJECTS LIMITED,,,India
846,GRADIENTE INFOTAINMENT LIMITED,,,India
847,GRAND OAK CANYONS DISTILLERY LIMITED,,,India
848,GRANULES INDIA LIMITED,,,India
849,GRAPHITE INDIA LIMITED,,,India
850,GRASIM INDUSTRIES LIMITED,,,India
851,GRAUER AND WEIL INDIA LIMITED,,,India
852,GRAVISS HOSPITALITY LIMITED,,,India
853,GRAVITA INDIA LIMITED,,,India
854,GREAVES COTTON LIMITED,,,India
855,GREENLAM INDUSTRIES LIMITED,,,India
856,GREENPANEL INDUSTRIES LIMITED,,,India
857,GREENPLY INDUSTRIES LIMITED,,,India
858,ORIENT GREEN POWER COMPANY LIMITED,,,India
859,GRINDWELL NORTON LIMITED,,,India
860,G R INFRAPROJECTS LIMITED,,,India
861,GRM OVERSEAS LIMITED,,,India
862,THE GROB TEA COMPANY LIMITED,,,India
863,BILLIONBRAINS GARAGE VENTURES LIMITED,,,India
864,GRP LIMITED,,,India
865,GARDEN REACH SHIPBUILDERS AND ENGINEERS LIMITED,,,India
866,GARWARE HI-TECH FILMS LIMITED,,,India
867,GUJARAT STATE FERTILIZERS AND CHEMICALS LIMITED,,,India
868,GLOBAL SURFACES LIMITED,,,India
869,GSP CROP SCIENCE LIMITED,,,India
870,GSS INFOTECH LIMITED,,,India
871,G-TEC JAINX EDUCATION LIMITED,,,India
872,GTL LIMITED,,,India
873,GTL INFRASTRUCTURE LIMITED,,,India
874,GTPL HATHWAY LIMITED,,,India
875,GUFIC BIOSCIENCES LIMITED,,,India
876,GUJARAT ALKALIES AND CHEMICALS LIMITED,,,India
877,GUJARAT APOLLO INDUSTRIES LIMITED,,,India
878,GUJARAT ENERGY LIMITED,,,India
879,GUJARAT RAFFIA INDUSTRIES LIMITED,,,India
880,GUJARAT THEMIS BIOSYN LIMITED,,,India
881,GULF OIL LUBRICANTS INDIA LIMITED,,,India
882,GP PETROLEUMS LIMITED,,,India
883,GULSHAN POLYOLS LIMITED,,,India
884,GVK POWER AND INFRASTRUCTURE LIMITED,,,India
885,GE POWER INDIA LIMITED,,,India
886,GVP INFOTECH LIMITED,,,India
887,GE VERNOVA TANDD INDIA LIMITED,,,India
888,GYFTR LIMITED,,,India
889,HINDUSTAN AERONAUTICS LIMITED,,,India
890,HALDER VENTURE LIMITED,,,India
891,HALDYN GLASS LIMITED,,,India
892,HALEOS LABS LIMITED,,,India
893,HAMPTON SKY REALTY LIMITED,,,India
894,HAPPIEST MINDS TECHNOLOGIES LIMITED,,,India
895,HAPPY FORGINGS LIMITED,,,India
896,HARDWYN INDIA LIMITED,,,India
897,HARIOM PIPE INDUSTRIES LIMITED,,,India
898,HARRISONS MALAYALAM LIMITED,,,India
899,HARSHA ENGINEERS INTERNATIONAL LIMITED,,,India
900,HATHWAY CABLE AND DATACOM LIMITED,,,India
901,HATSUN AGRO PRODUCT LIMITED,,,India
902,HAVELLS INDIA LIMITED,,,India
903,SRI HAVISHA HOSPITALITY AND INFRASTRUCTURE LIMITED,,,India
904,HAWKINS COOKERS LIMITED,,,India
905,HAZOOR MULTI PROJECTS LIMITED,,,India
906,HB ESTATE DEVELOPERS LIMITED,,,India
907,HBL ENGINEERING LIMITED,,,India
908,HB PORTFOLIO LIMITED,,,India
909,HB STOCKHOLDINGS LIMITED,,,India
910,HINDUSTAN CONSTRUCTION COMPANY LIMITED,,,India
911,HEALTHCARE GLOBAL ENTERPRISES LIMITED,,,India
912,HCL INFOSYSTEMS LIMITED,,,India
913,HCL TECHNOLOGIES LIMITED,,,India
914,HDB FINANCIAL SERVICES LIMITED,,,India
915,HDFC ASSET MANAGEMENT COMPANY LIMITED,,,India
916,HDFC BANK LIMITED,,,India
917,HDFC LIFE INSURANCE COMPANY LIMITED,,,India
918,HOUSING DEVELOPMENT AND INFRASTRUCTURE LIMITED,,,India
919,HEADS UP VENTURES LIMITED,,,India
920,HEALTH X PLATFORM LIMITED,,,India
921,HEC INFRA PROJECTS LIMITED,,,India
922,HEG LIMITED,,,India
923,HEIDELBERGCEMENT INDIA LIMITED,,,India
924,HEMISPHERE PROPERTIES INDIA LIMITED,,,India
925,HERANBA INDUSTRIES LIMITED,,,India
926,HERITAGE FOODS LIMITED,,,India
927,HERO MOTOCORP LIMITED,,,India
928,HESTER BIOSCIENCES LIMITED,,,India
929,HEXAGON NUTRITION LIMITED,,,India
930,HEXA TRADEX LIMITED,,,India
931,HEXAWARE TECHNOLOGIES LIMITED,,,India
932,HFCL LIMITED,,,India
933,H.G. INFRA ENGINEERING LIMITED,,,India
934,HANDSON GLOBAL MANAGEMENT (HGM) LIMITED,,,India
935,HINDUJA GLOBAL SOLUTIONS LIMITED,,,India
936,HIKAL LIMITED,,,India
937,HIGHWAY INFRASTRUCTURE LIMITED,,,India
938,HILTON METAL FORGING LIMITED,,,India
939,HIMATSINGKA SEIDE LIMITED,,,India
940,HINDUSTAN ADHESIVES LIMITED,,,India
941,HINDALCO INDUSTRIES LIMITED,,,India
942,HIND ALUMINIUM INDUSTRIES LIMITED,,,India
943,HINDUSTAN COMPOSITES LIMITED,,,India
944,HINDCON CHEMICALS LIMITED,,,India
945,HINDUSTAN COPPER LIMITED,,,India
946,HINDUSTAN OIL EXPLORATION COMPANY LIMITED,,,India
947,HINDUSTAN PETROLEUM CORPORATION LIMITED,,,India
948,HINDUSTAN UNILEVER LIMITED,,,India
949,HINDWARE HOME INNOVATION LIMITED,,,India
950,HINDUSTAN ZINC LIMITED,,,India
951,HIRECT LIMITED,,,India
952,HISAR METAL INDUSTRIES LIMITED,,,India
953,HI-TECH PIPES LIMITED,,,India
954,HITECH CORPORATION LIMITED,,,India
955,THE HI-TECH GEARS LIMITED,,,India
956,HLE GLASCOAT LIMITED,,,India
957,HLV LIMITED,,,India
958,HMA AGRO INDUSTRIES LIMITED,,,India
959,HMT LIMITED,,,India
960,HINDUSTAN MEDIA VENTURES LIMITED,,,India
961,HINDUSTAN FOODS LIMITED,,,India
962,HOME FIRST FINANCE COMPANY INDIA LIMITED,,,India
963,HONASA CONSUMER LIMITED,,,India
964,HONEYWELL AUTOMATION INDIA LIMITED,,,India
965,HONDA INDIA POWER PRODUCTS LIMITED,,,India
966,HORIZON INDUSTRIAL PARKS LIMITED,,,India
967,HP ADHESIVES LIMITED,,,India
968,HINDPRAKASH INDUSTRIES LIMITED,,,India
969,HPL ELECTRIC AND POWER LIMITED,,,India
970,HARIYANA SHIP BREAKERS LIMITED,,,India
971,HIMADRI SPECIALITY CHEMICAL LIMITED,,,India
972,HT MEDIA LIMITED,,,India
973,HUBTOWN LIMITED,,,India
974,HOUSING AND URBAN DEVELOPMENT CORPORATION LIMITED,,,India
975,HUHTAMAKI INDIA LIMITED,,,India
976,HYBRID FINANCIAL SERVICES LIMITED,,,India
977,HYUNDAI MOTOR INDIA LIMITED,,,India
978,INDIABULLS LIMITED,,,India
979,ICDS LIMITED,,,India
980,ICE MAKE REFRIGERATION LIMITED,,,India
981,ICICI PRUDENTIAL ASSET MANAGEMENT COMPANY LIMITED,,,India
982,ICICI BANK LIMITED,,,India
983,ICICI LOMBARD GENERAL INSURANCE COMPANY LIMITED,,,India
984,ICICI PRUDENTIAL LIFE INSURANCE COMPANY LIMITED,,,India
985,INDO COUNT INDUSTRIES LIMITED,,,India
986,ICRA LIMITED,,,India
987,IDBI BANK LIMITED,,,India
988,VODAFONE IDEA LIMITED,,,India
989,IDEAFORGE TECHNOLOGY LIMITED,,,India
990,IDFC FIRST BANK LIMITED,,,India
991,INDIAN ENERGY EXCHANGE LIMITED,,,India
992,IFB AGRO INDUSTRIES LIMITED,,,India
993,IFB INDUSTRIES LIMITED,,,India
994,IFCI LIMITED,,,India
995,IFGL REFRACTORIES LIMITED,,,India
996,IGARASHI MOTORS INDIA LIMITED,,,India
997,INDOGULF CROPSCIENCES LIMITED,,,India
998,INTERNATIONAL GEMOLOGICAL INSTITUTE LIMITED,,,India
999,INDRAPRASTHA GAS LIMITED,,,India
1000,IG PETROCHEMICALS LIMITED,,,India
1001,IIFL FINANCE LIMITED,,,India
1002,IIFL CAPITAL SERVICES LIMITED,,,India
1003,INDUSTRIAL INVESTMENT TRUST LIMITED,,,India
1004,IKIO TECHNOLOGIES LIMITED,,,India
1005,INVENTURUS KNOWLEDGE SOLUTIONS LIMITED,,,India
1006,ILANDFS ENGINEERING AND CONSTRUCTION COMPANY LIMITED,,,India
1007,ILANDFS TRANSPORTATION NETWORKS LIMITED,,,India
1008,IMAGICAAWORLD ENTERTAINMENT LIMITED,,,India
1009,INDIAN METALS AND FERRO ALLOYS LIMITED,,,India
1010,INDIA MOTOR PARTS AND ACCESSORIES LIMITED,,,India
1011,IMPEX FERRO TECH LIMITED,,,India
1012,INSOLATION ENERGY LIMITED,,,India
1013,INCREDIBLE INDUSTRIES LIMITED,,,India
1014,INDBANK MERCHANT BANKING SERVICES LIMITED,,,India
1015,INDEGENE LIMITED,,,India
1016,THE INDIAN HOTELS COMPANY LIMITED,,,India
1017,THE INDIA CEMENTS LIMITED,,,India
1018,INDIA GLYCOLS LIMITED,,,India
1019,INDIAMART INTERMESH LIMITED,,,India
1020,INDIAN BANK,,,India
1021,INDIAN CARD CLOTHING COMPANY LIMITED,,,India
1022,INDIAN HUME PIPE COMPANY LIMITED,,,India
1023,INDIA SHELTER FINANCE CORPORATION LIMITED,,,India
1024,INTERGLOBE AVIATION LIMITED,,,India
1025,INDIGO PAINTS LIMITED,,,India
1026,INDIQUBE SPACES LIMITED,,,India
1027,INDIA NIPPON ELECTRICALS LIMITED,,,India
1028,INDO AMINES LIMITED,,,India
1029,INDO BORAX AND CHEMICALS LIMITED,,,India
1030,INDOCO REMEDIES LIMITED,,,India
1031,INDO FARM EQUIPMENT LIMITED,,,India
1032,INDOKEM LIMITED,,,India
1033,INDO-MIM LIMITED,,,India
1034,INDO RAMA SYNTHETICS (INDIA) LIMITED,,,India
1035,INDOSTAR CAPITAL FINANCE LIMITED,,,India
1036,INDO TECH TRANSFORMERS LIMITED,,,India
1037,INDO THAI SECURITIES LIMITED,,,India
1038,INDO US BIOTECH LIMITED,,,India
1039,INDOWIND ENERGY LIMITED,,,India
1040,INDUSTRIAL AND PRUDENTIAL INVESTMENT COMPANY LIMITED,,,India
1041,INDRAPRASTHA MEDICAL CORPORATION LIMITED,,,India
1042,IND-SWIFT LABORATORIES LIMITED,,,India
1043,INDIAN TERRAIN FASHIONS LIMITED,,,India
1044,INDUSIND BANK LIMITED,,,India
1045,INDUS TOWERS LIMITED,,,India
1046,INFOBEANS TECHNOLOGIES LIMITED,,,India
1047,INFOMEDIA PRESS LIMITED,,,India
1048,INFOSYS LIMITED,,,India
1049,INGERSOLL RAND (INDIA) LIMITED,,,India
1050,INNOVA CAPTAB LIMITED,,,India
1051,INNOVANA THINKLABS LIMITED,,,India
1052,INNOVISION LIMITED,,,India
1053,INOX GREEN ENERGY SERVICES LIMITED,,,India
1054,INOX INDIA LIMITED,,,India
1055,INOX WIND LIMITED,,,India
1056,INSECTICIDES (INDIA) LIMITED,,,India
1057,INSPIRISYS SOLUTIONS LIMITED,,,India
1058,INTELLECT DESIGN ARENA LIMITED,,,India
1059,INTENSE TECHNOLOGIES LIMITED,,,India
1060,INTERARCH BUILDING SOLUTIONS LIMITED,,,India
1061,INTERNATIONAL CONVEYORS LIMITED,,,India
1062,INVENTURE GROWTH AND SECURITIES LIMITED,,,India
1063,INVESTMENT AND PRECISION CASTINGS LIMITED,,,India
1064,INDIAN OVERSEAS BANK,,,India
1065,INDIAN OIL CORPORATION LIMITED,,,India
1066,IOL CHEMICALS AND PHARMACEUTICALS LIMITED,,,India
1067,ION EXCHANGE (INDIA) LIMITED,,,India
1068,IPCA LABORATORIES LIMITED,,,India
1069,INDIA PESTICIDES LIMITED,,,India
1070,IP RINGS LIMITED,,,India
1071,IRB INFRASTRUCTURE DEVELOPERS LIMITED,,,India
1072,IRCON INTERNATIONAL LIMITED,,,India
1073,INDIAN RAILWAY CATERING AND TOURISM CORPORATION LIMITED,,,India
1074,INDIAN RENEWABLE ENERGY DEVELOPMENT AGENCY LIMITED,,,India
1075,INDIAN RAILWAY FINANCE CORPORATION LIMITED,,,India
1076,IRIS REGTECH SOLUTIONS LIMITED,,,India
1077,IRIS CLOTHINGS LIMITED,,,India
1078,IRM ENERGY LIMITED,,,India
1079,INTRASOFT TECHNOLOGIES LIMITED,,,India
1080,ISGEC HEAVY ENGINEERING LIMITED,,,India
1081,ISHAN DYES AND CHEMICALS LIMITED,,,India
1082,I S T LIMITED,,,India
1083,ITC LIMITED,,,India
1084,ITC HOTELS LIMITED,,,India
1085,INDIA TOURISM DEVELOPMENT CORPORATION LIMITED,,,India
1086,ITI LIMITED,,,India
1087,ITL INDUSTRIES LIMITED,,,India
1088,IVALUE INFOSOLUTIONS LIMITED,,,India
1089,ILANDFS INVESTMENT MANAGERS LIMITED,,,India
1090,IVP LIMITED,,,India
1091,THE INDIAN WOOD PRODUCTS COMPANY LIMITED,,,India
1092,LE TRAVENUES TECHNOLOGY LIMITED,,,India
1093,IZMO LIMITED,,,India
1094,THE JAMMU AND KASHMIR BANK LIMITED,,,India
1095,JAGRAN PRAKASHAN LIMITED,,,India
1096,JAGSONPAL PHARMACEUTICALS LIMITED,,,India
1097,JAI BALAJI INDUSTRIES LIMITED,,,India
1098,JAI CORPORATION LIMITED,,,India
1099,JAIN RESOURCE RECYCLING LIMITED,,,India
1100,NANDANI CREATION LIMITED,,,India
1101,JAMNA AUTO INDUSTRIES LIMITED,,,India
1102,JARO INSTITUTE OF TECHNOLOGY MANAGEMENT AND RESEARCH LIMITED,,,India
1103,JASH ENGINEERING LIMITED,,,India
1104,JAYANT AGRO ORGANICS LIMITED,,,India
1105,JAY BHARAT MARUTI LIMITED,,,India
1106,JAYKAY ENTERPRISES LIMITED,,,India
1107,JAYASWAL NECO INDUSTRIES LIMITED,,,India
1108,JAYSHREE TEA AND INDUSTRIES LIMITED,,,India
1109,JBM AUTO LIMITED,,,India
1110,JENBURKT PHARMACEUTICALS LIMITED,,,India
1111,JET FREIGHT LOGISTICS LIMITED,,,India
1112,J.G.CHEMICALS LIMITED,,,India
1113,JHS SVENDGAARD LABORATORIES LIMITED,,,India
1114,JINDAL PHOTO LIMITED,,,India
1115,JINDAL POLY FILMS LIMITED,,,India
1116,JINDAL SAW LIMITED,,,India
1117,JINDAL STEEL LIMITED,,,India
1118,JINDAL DRILLING AND INDUSTRIES LIMITED,,,India
1119,JINDAL WORLDWIDE LIMITED,,,India
1120,JIO FINANCIAL SERVICES LIMITED,,,India
1121,JAIN IRRIGATION SYSTEMS LIMITED,,,India
1122,JITF INFRALOGISTICS LIMITED,,,India
1123,JK CEMENT LIMITED,,,India
1124,J.KUMAR INFRAPROJECTS LIMITED,,,India
1125,JINKUSHAL INDUSTRIES LIMITED,,,India
1126,JK LAKSHMI CEMENT LIMITED,,,India
1127,JK PAPER LIMITED,,,India
1128,JK TYRE AND INDUSTRIES LIMITED,,,India
1129,JUPITER LIFE LINE HOSPITALS LIMITED,,,India
1130,JULLUNDUR MOTOR AGENCY (DELHI) LIMITED,,,India
1131,JM FINANCIAL LIMITED,,,India
1132,JNK INDIA LIMITED,,,India
1133,JUNIPER GREEN ENERGY LIMITED,,,India
1134,JOCIL LIMITED,,,India
1135,JINDAL POLY INVESTMENT AND FINANCE COMPANY LIMITED,,,India
1136,JAIPRAKASH POWER VENTURES LIMITED,,,India
1137,JANA SMALL FINANCE BANK LIMITED,,,India
1138,JINDAL STAINLESS LIMITED,,,India
1139,JEENA SIKHO LIFECARE LIMITED,,,India
1140,JSW CEMENT LIMITED,,,India
1141,JSW DULUX LIMITED,,,India
1142,JSW ENERGY LIMITED,,,India
1143,JSW HOLDINGS LIMITED,,,India
1144,JSW INFRASTRUCTURE LIMITED,,,India
1145,JSW STEEL LIMITED,,,India
1146,JTEKT INDIA LIMITED,,,India
1147,JTL INDUSTRIES LIMITED,,,India
1148,JUBILANT AGRI AND CONSUMER PRODUCTS LIMITED,,,India
1149,JUBILANT FOODWORKS LIMITED,,,India
1150,JUBILANT INGREVIA LIMITED,,,India
1151,JUBILANT PHARMOVA LIMITED,,,India
1152,JUNIPER HOTELS LIMITED,,,India
1153,JUST DIAL LIMITED,,,India
1154,JUPITER WAGONS LIMITED,,,India
1155,JYOTHY LABS LIMITED,,,India
1156,JYOTI CNC AUTOMATION LIMITED,,,India
1157,JYOTI RESINS AND ADHESIVES LIMITED,,,India
1158,JYOTI STRUCTURES LIMITED,,,India
1159,KABRA EXTRUSION TECHNIK LIMITED,,,India
1160,KAJARIA CERAMICS LIMITED,,,India
1161,KAKATIYA CEMENT SUGAR AND INDUSTRIES LIMITED,,,India
1162,SAI SILKS (KALAMANDIR) LIMITED,,,India
1163,KALPATARU LIMITED,,,India
1164,KALYANI COMMERCIALS LIMITED,,,India
1165,KALYANI FORGE LIMITED,,,India
1166,KALYAN JEWELLERS INDIA LIMITED,,,India
1167,KAMA HOLDINGS LIMITED,,,India
1168,KAMANWALA HOUSING CONSTRUCTION LIMITED,,,India
1169,KAMAT HOTELS (I) LIMITED,,,India
1170,KAMDHENU LIMITED,,,India
1171,KAMDHENU VENTURES LIMITED,,,India
1172,KANANI INDUSTRIES LIMITED,,,India
1173,KANCHI KARPOORAM LIMITED,,,India
1174,KANCO TEA AND INDUSTRIES LIMITED,,,India
1175,KANORIA CHEMICALS AND INDUSTRIES LIMITED,,,India
1176,KANPUR PLASTIPACK LIMITED,,,India
1177,KANSAI NEROLAC PAINTS LIMITED,,,India
1178,KAPSTON SERVICES LIMITED,,,India
1179,KARMA ENERGY LIMITED,,,India
1180,KARUR VYSYA BANK LIMITED,,,India
1181,KAUSHALYA INFRASTRUCTURE DEVELOPMENT CORPORATION LIMITED,,,India
1182,KAVVERI DEFENCE AND WIRELESS TECHNOLOGIES LIMITED,,,India
1183,KAYA LIMITED,,,India
1184,KAYNES TECHNOLOGY INDIA LIMITED,,,India
1185,KCP LIMITED,,,India
1186,KCP SUGAR AND INDUSTRIES CORPORATION LIMITED,,,India
1187,KDDL LIMITED,,,India
1188,KEC INTERNATIONAL LIMITED,,,India
1189,KIRLOSKAR ELECTRIC COMPANY LIMITED,,,India
1190,DSJ KEEP LEARNING LIMITED,,,India
1191,KEI INDUSTRIES LIMITED,,,India
1192,KELLTON TECH SOLUTIONS LIMITED,,,India
1193,KENNAMETAL INDIA LIMITED,,,India
1194,KERNEX MICROSYSTEMS (INDIA) LIMITED,,,India
1195,KESORAM INDUSTRIES LIMITED,,,India
1196,KEYNOTE FINANCIAL SERVICES LIMITED,,,India
1197,KFIN TECHNOLOGIES LIMITED,,,India
1198,KHADIM INDIA LIMITED,,,India
1199,KHAITAN CHEMICALS AND FERTILIZERS LIMITED,,,India
1200,KHAITAN (INDIA) LIMITED,,,India
1201,KHANDWALA SECURITIES LIMITED,,,India
1202,KALYANI INVESTMENT COMPANY LIMITED,,,India
1203,KILITCH DRUGS (INDIA) LIMITED,,,India
1204,KRISHNA INSTITUTE OF MEDICAL SCIENCES LIMITED,,,India
1205,KINGFA SCIENCE AND TECHNOLOGY (INDIA) LIMITED,,,India
1206,KIOCL LIMITED,,,India
1207,KIRAN VYAPAR LIMITED,,,India
1208,KIRI INDUSTRIES LIMITED,,,India
1209,KIRLOSKAR FERROUS INDUSTRIES LIMITED,,,India
1210,KIRLOSKAR BROTHERS LIMITED,,,India
1211,KIRLOSKAR OIL ENGINES LIMITED,,,India
1212,KIRLOSKAR INDUSTRIES LIMITED,,,India
1213,KIRLOSKAR PNEUMATIC COMPANY LIMITED,,,India
1214,ONEMI TECHNOLOGY SOLUTIONS LIMITED,,,India
1215,KITEX GARMENTS LIMITED,,,India
1216,KJMC FINANCIAL SERVICES LIMITED,,,India
1217,KEWAL KIRAN CLOTHING LIMITED,,,India
1218,KILBURN ENGINEERING LIMITED,,,India
1219,K M C SPECIALITY HOSPITALS (INDIA) LIMITED,,,India
1220,KNOWLEDGE MARINE AND ENGINEERING WORKS LIMITED,,,India
1221,K.M.SUGAR MILLS LIMITED,,,India
1222,KNACK PACKAGING LIMITED,,,India
1223,KN AGRI RESOURCES LIMITED,,,India
1224,KNR CONSTRUCTIONS LIMITED,,,India
1225,KOHINOOR FOODS LIMITED,,,India
1226,KOKUYO CAMLIN LIMITED,,,India
1227,KOLTE - PATIL DEVELOPERS LIMITED,,,India
1228,KOPRAN LIMITED,,,India
1229,KOTAK MAHINDRA BANK LIMITED,,,India
1230,KOTHARI SUGARS AND CHEMICALS LIMITED,,,India
1231,KOTHARI PETROCHEMICALS LIMITED,,,India
1232,KOTHARI PRODUCTS LIMITED,,,India
1233,KOTHARI INDUSTRIAL CORPORATION LIMITED,,,India
1234,KOTYARK INDUSTRIES LIMITED,,,India
1235,KOVAI MEDICAL CENTER AND HOSPITAL LIMITED,,,India
1236,K.P. ENERGY LIMITED,,,India
1237,KPI GREEN ENERGY LIMITED,,,India
1238,KALPATARU PROJECTS INTERNATIONAL LIMITED,,,India
1239,KPIT TECHNOLOGIES LIMITED,,,India
1240,KWALITY PHARMACEUTICALS LIMITED,,,India
1241,K.P.R. MILL LIMITED,,,India
1242,KRBL LIMITED,,,India
1243,KREBS BIOCHEMICALS AND INDUSTRIES LIMITED,,,India
1244,KRIDHAN INFRA LIMITED,,,India
1245,KRISHANA PHOSCHEM LIMITED,,,India
1246,KRISHIVAL FOODS LIMITED,,,India
1247,KRISHNA DEFENCE AND ALLIED INDUSTRIES LIMITED,,,India
1248,KRITI INDUSTRIES (INDIA) LIMITED,,,India
1249,KRITIKA WIRES LIMITED,,,India
1250,KRITI NUTRIENTS LIMITED,,,India
1251,KRN HEAT EXCHANGER AND REFRIGERATION LIMITED,,,India
1252,KRONOX LAB SCIENCES LIMITED,,,India
1253,KROSS LIMITED,,,India
1254,KRSNAA DIAGNOSTICS LIMITED,,,India
1255,KRYSTAL INTEGRATED SERVICES LIMITED,,,India
1256,KSB LIMITED,,,India
1257,KAVERI SEED COMPANY LIMITED,,,India
1258,KSE LIMITED,,,India
1259,KSH INTERNATIONAL LIMITED,,,India
1260,KSHITIJ POLYLINE LTD-RE,,,India
1261,KSHITIJ POLYLINE LIMITED,,,India
1262,KALYANI STEELS LIMITED,,,India
1263,KSOLVES INDIA LIMITED,,,India
1264,KSR FOOTWEAR LIMITED,,,India
1265,THE KARNATAKA BANK LIMITED,,,India
1266,KUANTUM PAPERS LIMITED,,,India
1267,KUSUMGAR LIMITED,,,India
1268,KWALITY WALL'S (INDIA) LIMITED,,,India
1269,LADDERUP FINANCE LIMITED,,,India
1270,LAGNAM SPINTEX LIMITED,,,India
1271,LAHOTI OVERSEAS LIMITED,,,India
1272,LAKSHMI PRECISION SCREWS LIMITED,,,India
1273,LAKSHMI MILLS COMPANY LIMITED,,,India
1274,LORENZINI APPARELS LIMITED,,,India
1275,LALITHAA JEWELLERY MART LIMITED,,,India
1276,DR. LAL PATH LABS LIMITED,,,India
1277,LAMBODHARA TEXTILES LIMITED,,,India
1278,LANCER CONTAINER LINES LIMITED,,,India
1279,LANCOR HOLDINGS LIMITED,,,India
1280,LANDMARK CARS LIMITED,,,India
1281,LANDSMILL GREEN LIMITED,,,India
1282,LA OPALA RG LIMITED,,,India
1283,LASA SUPERGENERICS LIMITED,,,India
1284,LASER POWER AND INFRA LIMITED,,,India
1285,LATENT VIEW ANALYTICS LIMITED,,,India
1286,LATTEYS INDUSTRIES LIMITED,,,India
1287,LAURUS LABS LIMITED,,,India
1288,LAXMI COTSPIN LIMITED,,,India
1289,LAXMI DENTAL LIMITED,,,India
1290,LAXMI INDIA FINANCE LIMITED,,,India
1291,LCC INFOTECH LIMITED,,,India
1292,LOHIA CORPORATION LIMITED,,,India
1293,LEAP INDIA LIMITED,,,India
1294,LEE AND NEE SOFTWARES EXPORTS LIMITED,,,India
1295,LE MERITE EXPORTS LIMITED,,,India
1296,LEMON TREE HOTELS LIMITED,,,India
1297,LENSKART SOLUTIONS LIMITED,,,India
1298,LEXUS GRANITO (INDIA) LIMITED,,,India
1299,LAKSHMI FINANCE AND INDUSTRIAL CORPORATION LIMITED,,,India
1300,LG BALAKRISHNAN AND BROS LIMITED,,,India
1301,LG ELECTRONICS INDIA LIMITED,,,India
1302,LAXMI GOLDORNA HOUSE LIMITED,,,India
1303,LIBAS CONSUMER PRODUCTS LIMITED,,,India
1304,LIBERTY SHOES LIMITED,,,India
1305,LIC HOUSING FINANCE LIMITED,,,India
1306,LIFE INSURANCE CORPORATION OF INDIA,,,India
1307,LIKHITHA INFRASTRUCTURE LIMITED,,,India
1308,LINC LIMITED,,,India
1309,LINCOLN PHARMACEUTICALS LIMITED,,,India
1310,LINDE INDIA LIMITED,,,India
1311,LKP SECURITIES LIMITED,,,India
1312,LLOYDS ENGINEERING WORKS LIMITED,,,India
1313,LLOYDS ENTERPRISES LIMITED,,,India
1314,LLOYDS METALS AND ENERGY LIMITED,,,India
1315,LMW LIMITED,,,India
1316,LODHA DEVELOPERS LIMITED,,,India
1317,LOKESH MACHINES LIMITED,,,India
1318,LORDS CHLORO ALKALI LIMITED,,,India
1319,LOTUS CHOCOLATE COMPANY LIMITED,,,India
1320,SRI LOTUS DEVELOPERS AND REALTY LIMITED,,,India
1321,LOTUS EYE HOSPITAL AND INSTITUTE LIMITED,,,India
1322,LOVABLE LINGERIE LIMITED,,,India
1323,LOYAL TEXTILE MILLS LIMITED,,,India
1324,LANDMARK PROPERTY DEVELOPMENT COMPANY LIMITED,,,India
1325,LARSEN AND TOUBRO LIMITED,,,India
1326,LANDT FINANCE LIMITED,,,India
1327,LT FOODS LIMITED,,,India
1328,LTM LIMITED,,,India
1329,LANDT TECHNOLOGY SERVICES LIMITED,,,India
1330,LUMAX INDUSTRIES LIMITED,,,India
1331,LUMAX AUTO TECHNOLOGIES LIMITED,,,India
1332,LUPIN LIMITED,,,India
1333,LUX INDUSTRIES LIMITED,,,India
1334,LAXMI ORGANIC INDUSTRIES LIMITED,,,India
1335,LYKA LABS LIMITED,,,India
1336,MAHINDRA AND MAHINDRA LIMITED,,,India
1337,MAHINDRA AND MAHINDRA FINANCIAL SERVICES LIMITED,,,India
1338,MAAN ALUMINIUM LIMITED,,,India
1339,MACPOWER CNC MACHINES LIMITED,,,India
1340,MADHAV MARBLES AND GRANITES LIMITED,,,India
1341,MADHAV INFRA PROJECTS LIMITED,,,India
1342,MADHUCON PROJECTS LIMITED,,,India
1343,MADRAS FERTILIZERS LIMITED,,,India
1344,MAFATLAL INDUSTRIES LIMITED,,,India
1345,MAGADH SUGAR AND ENERGY LIMITED,,,India
1346,MAGNUM VENTURES LIMITED,,,India
1347,BANK OF MAHARASHTRA,,,India
1348,MAHA RASHTRA APEX CORPORATION LIMITED,,,India
1349,MAHAMAYA STEEL INDUSTRIES LIMITED,,,India
1350,MAHINDRA EPC IRRIGATION LIMITED,,,India
1351,MAHESHWARI LOGISTICS LIMITED,,,India
1352,MAHINDRA LIFESPACE DEVELOPERS LIMITED,,,India
1353,MAHINDRA LOGISTICS LIMITED,,,India
1354,MAHARASHTRA SCOOTERS LIMITED,,,India
1355,MAHARASHTRA SEAMLESS LIMITED,,,India
1356,MAITHAN ALLOYS LIMITED,,,India
1357,MAJESTIC AUTO LIMITED,,,India
1358,MAKERS LABORATORIES LIMITED,,,India
1359,MALLCOM (INDIA) LIMITED,,,India
1360,MALU PAPER MILLS LIMITED,,,India
1361,MAMATA MACHINERY LIMITED,,,India
1362,MANAKSIA ALUMINIUM COMPANY LIMITED,,,India
1363,MANAKSIA COATED METALS AND INDUSTRIES LIMITED,,,India
1364,MANAKSIA LIMITED,,,India
1365,MANAKSIA STEELS LIMITED,,,India
1366,MANALI PETROCHEMICALS LIMITED,,,India
1367,MANAPPURAM FINANCE LIMITED,,,India
1368,MANBA FINANCE LIMITED,,,India
1369,MANBRO INDUSTRIES LIMITED,,,India
1370,MANGAL CREDIT AND FINCORP LIMITED,,,India
1371,MANGALAM DRUGS AND ORGANICS LIMITED,,,India
1372,MANGALAM CEMENT LIMITED,,,India
1373,MAN INDUSTRIES (INDIA) LIMITED,,,India
1374,MAN INFRACONSTRUCTION LIMITED,,,India
1375,MANIPAL HEALTH ENTERPRISES LIMITED,,,India
1376,MANKIND PHARMA LIMITED,,,India
1377,MANOMAY TEX INDIA LIMITED,,,India
1378,MANORAMA INDUSTRIES LIMITED,,,India
1379,MANGALAM ORGANICS LIMITED,,,India
1380,MANUGRAPH INDIA LIMITED,,,India
1381,VEDANT FASHIONS LIMITED,,,India
1382,C.E. INFO SYSTEMS LIMITED,,,India
1383,MARAL OVERSEAS LIMITED,,,India
1384,MARATHON NEXTGEN REALTY LIMITED,,,India
1385,MARICO LIMITED,,,India
1386,MARINE ELECTRICALS (INDIA) LIMITED,,,India
1387,MARKOLINES PAVEMENT TECHNOLOGIES LIMITED,,,India
1388,MARKSANS PHARMA LIMITED,,,India
1389,MARSONS LIMITED,,,India
1390,MARUTI SUZUKI INDIA LIMITED,,,India
1391,MAS FINANCIAL SERVICES LIMITED,,,India
1392,MASK INVESTMENTS LIMITED,,,India
1393,MASTEK LIMITED,,,India
1394,MASTER TRUST LIMITED,,,India
1395,MATRIMONY.COM LIMITED,,,India
1396,MAWANA SUGARS LIMITED,,,India
1397,MAX ESTATES LIMITED,,,India
1398,MAX HEALTHCARE INSTITUTE LIMITED,,,India
1399,MAX INDIA LIMITED,,,India
1400,MAYUR UNIQUOTERS LIMITED,,,India
1401,MAZDA LIMITED,,,India
1402,MAZAGON DOCK SHIPBUILDERS LIMITED,,,India
1403,MADHYA BHARAT AGRO PRODUCTS LIMITED,,,India
1404,M AND B ENGINEERING LIMITED,,,India
1405,MBL INFRASTRUCTURE LIMITED,,,India
1406,MAC CHARLES INDIA LIMITED,,,India
1407,M TEK COPPER LIMITED,,,India
1408,MCLEOD RUSSEL INDIA LIMITED,,,India
1409,MAGELLANIC CLOUD LIMITED,,,India
1410,MULTI COMMODITY EXCHANGE OF INDIA LIMITED,,,India
1411,GLOBAL HEALTH LIMITED,,,India
1412,MEDI ASSIST HEALTHCARE SERVICES LIMITED,,,India
1413,MEDICAMEN BIOTECH LIMITED,,,India
1414,MEDI CAPS LIMITED,,,India
1415,MEDICO REMEDIES LIMITED,,,India
1416,MEDPLUS HEALTH SERVICES LIMITED,,,India
1417,MEESHO LIMITED,,,India
1418,MEGASTAR FOODS LIMITED,,,India
1419,MANGAL ELECTRICAL INDUSTRIES LIMITED,,,India
1420,MENON PISTONS LIMITED,,,India
1421,MENON BEARINGS LIMITED,,,India
1422,MEP INFRASTRUCTURE DEVELOPERS LIMITED,,,India
1423,MERCANTILE VENTURES LIMITED,,,India
1424,MERCURY EV-TECH LIMITED,,,India
1425,METRO BRANDS LIMITED,,,India
1426,METROGLOBAL LIMITED,,,India
1427,METROPOLIS HEALTHCARE LIMITED,,,India
1428,MAHALAXMI FABRIC MILLS LIMITED,,,India
1429,MAX FINANCIAL SERVICES LIMITED,,,India
1430,MANGALAM GLOBAL ENTERPRISE LIMITED,,,India
1431,MAHANAGAR GAS LIMITED,,,India
1432,MAHALAXMI RUBTECH LIMITED,,,India
1433,MAHINDRA HOLIDAYS AND RESORTS INDIA LIMITED,,,India
1434,MIC ELECTRONICS LIMITED,,,India
1435,MISHRA DHATU NIGAM LIMITED,,,India
1436,MIDWEST LIMITED,,,India
1437,MEGHNA INFRACON INFRASTRUCTURE LIMITED,,,India
1438,MILKY MIST DAIRY FOOD LIMITED,,,India
1439,MINAL INDUSTRIES LIMITED,,,India
1440,MINDA CORPORATION LIMITED,,,India
1441,MINDTECK (INDIA) LIMITED,,,India
1442,MIRZA INTERNATIONAL LIMITED,,,India
1443,MITCON CONSULTANCY AND ENGINEERING SERVICES LIMITED,,,India
1444,MITTAL LIFE STYLE LIMITED,,,India
1445,M.K. EXIM (INDIA) LIMITED,,,India
1446,M K PROTEINS LIMITED,,,India
1447,MILKFOOD LIMITED,,,India
1448,MM FORGINGS LIMITED,,,India
1449,MMP INDUSTRIES LIMITED,,,India
1450,MMTC LIMITED,,,India
1451,MEDIA MATRIX WORLDWIDE LIMITED,,,India
1452,ONE MOBIKWIK SYSTEMS LIMITED,,,India
1453,MODI NATURALS LIMITED,,,India
1454,MODI RUBBER LIMITED,,,India
1455,MODIS NAVNIRMAN LIMITED,,,India
1456,MODISON LIMITED,,,India
1457,MODERN THREADS (INDIA) LIMITED,,,India
1458,MOHITE INDUSTRIES LIMITED,,,India
1459,MOHIT INDUSTRIES LIMITED,,,India
1460,MOIL LIMITED,,,India
1461,MOKSH ORNAMENTS LIMITED,,,India
1462,MEGHMANI ORGANICS LIMITED,,,India
1463,MOLBIO DIAGNOSTICS LIMITED,,,India
1464,MOLD-TEK TECHNOLOGIES LIMITED,,,India
1465,MOLD-TEK PACKAGING LIMITED,,,India
1466,MONARCH NETWORTH CAPITAL LIMITED,,,India
1467,MONEYBOXX FINANCE LIMITED,,,India
1468,MONTE CARLO FASHIONS LIMITED,,,India
1469,MOREPEN LABORATORIES LIMITED,,,India
1470,MOSCHIP TECHNOLOGIES LIMITED,,,India
1471,SAMVARDHANA MOTHERSON INTERNATIONAL LIMITED,,,India
1472,MOTILAL OSWAL FINANCIAL SERVICES LIMITED,,,India
1473,MOTISONS JEWELLERS LIMITED,,,India
1474,THE MOTOR AND GENERAL FINANCE LIMITED,,,India
1475,MPDL LIMITED,,,India
1476,MPHASIS LIMITED,,,India
1477,MPS LIMITED,,,India
1478,MRF LIMITED,,,India
1479,MANGALORE REFINERY AND PETROCHEMICALS LIMITED,,,India
1480,MANGALAM SEEDS LIMITED,,,India
1481,MSP STEEL AND POWER LIMITED,,,India
1482,MSTC LIMITED,,,India
1483,MOTHERSON SUMI WIRING INDIA LIMITED,,,India
1484,MTAR TECHNOLOGIES LIMITED,,,India
1485,MT EDUCARE LIMITED,,,India
1486,MAHANAGAR TELEPHONE NIGAM LIMITED,,,India
1487,MUFIN GREEN FINANCE LIMITED,,,India
1488,CREDO BRANDS MARKETING LIMITED,,,India
1489,MUKAND LIMITED,,,India
1490,MUKESH BABU FINANCIAL SERVICES LIMITED,,,India
1491,MUKKA PROTEINS LIMITED,,,India
1492,MUKTA ARTS LIMITED,,,India
1493,MUNJAL AUTO INDUSTRIES LIMITED,,,India
1494,MUNJAL SHOWA LIMITED,,,India
1495,MURUDESHWAR CERAMICS LIMITED,,,India
1496,MUTHOOT CAPITAL SERVICES LIMITED,,,India
1497,MUTHOOT FINANCE LIMITED,,,India
1498,MUTHOOT MICROFIN LIMITED,,,India
1499,MV ELECTROSYSTEMS LIMITED,,,India
1500,MANOJ VAIBHAV GEMS N JEWELLERS LIMITED,,,India
1501,MANGALAM WORLDWIDE LIMITED,,,India
1502,MYSORE PETRO CHEMICALS LIMITED,,,India
1503,NACL INDUSTRIES LIMITED,,,India
1504,NAGREEKA CAPITAL AND INFRASTRUCTURE LIMITED,,,India
1505,NAGREEKA EXPORTS LIMITED,,,India
1506,NAHAR CAPITAL AND FINANCIAL SERVICES LIMITED,,,India
1507,NAHAR INDUSTRIAL ENTERPRISES LIMITED,,,India
1508,NAHAR POLY FILMS LIMITED,,,India
1509,NAHAR SPINNING MILLS LIMITED,,,India
1510,NIPPON LIFE INDIA ASSET MANAGEMENT LIMITED,,,India
1511,NARMADA AGROBASE LIMITED,,,India
1512,NATURAL CAPSULES LIMITED,,,India
1513,NATCO PHARMA LIMITED,,,India
1514,NATH BIO-GENES (INDIA) LIMITED,,,India
1515,NATIONAL ALUMINIUM COMPANY LIMITED,,,India
1516,NATIONAL STANDARD (INDIA) LIMITED,,,India
1517,INFO EDGE (INDIA) LIMITED,,,India
1518,NAVA LIMITED,,,India
1519,NAVIN FLUORINE INTERNATIONAL LIMITED,,,India
1520,NAVKAR CORPORATION LIMITED,,,India
1521,NAVKAR URBANSTRUCTURE LIMITED,,,India
1522,NAVNEET EDUCATION LIMITED,,,India
1523,NAZARA TECHNOLOGIES LIMITED,,,India
1524,NBCC (INDIA) LIMITED,,,India
1525,N. B. I. INDUSTRIAL FINANCE COMPANY LIMITED,,,India
1526,NCC LIMITED,,,India
1527,NCL INDUSTRIES LIMITED,,,India
1528,NAGA DHUNSERI GROUP LIMITED,,,India
1529,NANDAN DENIM LIMITED,,,India
1530,NDL VENTURES LIMITED,,,India
1531,NDR AUTO COMPONENTS LIMITED,,,India
1532,NEW DELHI TELEVISION LIMITED,,,India
1533,NEELAMALAI AGRO INDUSTRIES LIMITED,,,India
1534,NORTH EASTERN CARRYING CORPORATION LIMITED,,,India
1535,NECTAR LIFESCIENCES LIMITED,,,India
1536,NELCAST LIMITED,,,India
1537,NELCO LIMITED,,,India
1538,NEOGEN CHEMICALS LIMITED,,,India
1539,NEPHROCARE HEALTH SERVICES LIMITED,,,India
1540,NESCO LIMITED,,,India
1541,NESTLE INDIA LIMITED,,,India
1542,NETWEB TECHNOLOGIES INDIA LIMITED,,,India
1543,NETWORK18 MEDIA AND INVESTMENTS LIMITED,,,India
1544,NEUEON CORPORATION LIMITED,,,India
1545,NEULAND LABORATORIES LIMITED,,,India
1546,NEWGEN SOFTWARE TECHNOLOGIES LIMITED,,,India
1547,NEXT MEDIAWORKS LIMITED,,,India
1548,NATIONAL FERTILIZERS LIMITED,,,India
1549,NAKODA GROUP OF INDUSTRIES LIMITED,,,India
1550,NGL FINE-CHEM LIMITED,,,India
1551,NARAYANA HRUDAYALAYA LIMITED,,,India
1552,NHPC LIMITED,,,India
1553,THE NEW INDIA ASSURANCE COMPANY LIMITED,,,India
1554,NIBE LIMITED,,,India
1555,NRB INDUSTRIAL BEARINGS LIMITED,,,India
1556,NICCO PARKS AND RESORTS LIMITED,,,India
1557,NIIT LIMITED,,,India
1558,NIIT LEARNING SYSTEMS LIMITED,,,India
1559,NILA INFRASTRUCTURES LIMITED,,,India
1560,NILA SPACES LIMITED,,,India
1561,NILE LIMITED,,,India
1562,NILKAMAL LIMITED,,,India
1563,NIMBUS PROJECTS LIMITED,,,India
1564,NINTEC SYSTEMS LIMITED,,,India
1565,INDO-NATIONAL LIMITED,,,India
1566,NIRAJ CEMENT STRUCTURALS LIMITED,,,India
1567,NIRAJ ISPAT INDUSTRIES LIMITED,,,India
1568,NIRLON LIMITED,,,India
1569,NITCO LIMITED,,,India
1570,NITIN SPINNERS LIMITED,,,India
1571,NITIRAJ ENGINEERS LIMITED,,,India
1572,NITTA GELATIN INDIA LIMITED,,,India
1573,NIVA BUPA HEALTH INSURANCE COMPANY LIMITED,,,India
1574,NK INDUSTRIES LIMITED,,,India
1575,NLC INDIA LIMITED,,,India
1576,NMDC LIMITED,,,India
1577,NOCIL LIMITED,,,India
1578,NOIDA TOLL BRIDGE COMPANY LIMITED,,,India
1579,NORBEN TEA AND EXPORTS LIMITED,,,India
1580,NORTHERN ARC CAPITAL LIMITED,,,India
1581,NOVA AGRITECH LIMITED,,,India
1582,NOVARTIS INDIA LIMITED,,,India
1583,NETWORK PEOPLE SERVICES TECHNOLOGIES LIMITED,,,India
1584,N R AGARWAL INDUSTRIES LIMITED,,,India
1585,NRB BEARING LIMITED,,,India
1586,NUPUR RECYCLERS LIMITED,,,India
1587,NALWA SONS INVESTMENTS LIMITED,,,India
1588,NMDC STEEL LIMITED,,,India
1589,NTC INDUSTRIES LIMITED,,,India
1590,NTPC LIMITED,,,India
1591,NTPC GREEN ENERGY LIMITED,,,India
1592,NUCLEUS SOFTWARE EXPORTS LIMITED,,,India
1593,NURECA LIMITED,,,India
1594,NUVAMA WEALTH MANAGEMENT LIMITED,,,India
1595,NUVOCO VISTAS CORPORATION LIMITED,,,India
1596,FSN E-COMMERCE VENTURES LIMITED,,,India
1597,ORIENTAL AROMATICS LIMITED,,,India
1598,OBCL LIMITED,,,India
1599,OBEROI REALTY LIMITED,,,India
1600,OCCL LIMITED,,,India
1601,ODIGMA CONSULTANCY SOLUTIONS LIMITED,,,India
1602,ODYSSEY CORPORATION LIMITED,,,India
1603,ORACLE FINANCIAL SERVICES SOFTWARE LIMITED,,,India
1604,OIL INDIA LIMITED,,,India
1605,OIL COUNTRY TUBULAR LIMITED,,,India
1606,OLA ELECTRIC MOBILITY LIMITED,,,India
1607,OLECTRA GREENTECH LIMITED,,,India
1608,OMAX AUTOS LIMITED,,,India
1609,OMAXE LIMITED,,,India
1610,OM FREIGHT FORWARDERS LIMITED,,,India
1611,OM INFRA LIMITED,,,India
1612,OMNITECH ENGINEERING LIMITED,,,India
1613,OM POWER TRANSMISSION LIMITED,,,India
1614,ONE GLOBAL SERVICE PROVIDER LIMITED,,,India
1615,ONELIFE CAPITAL ADVISORS LIMITED,,,India
1616,ONE POINT ONE SOLUTIONS LIMITED,,,India
1617,ONESOURCE SPECIALTY PHARMA LIMITED,,,India
1618,OIL AND NATURAL GAS CORPORATION LIMITED,,,India
1619,ONIDA ELECTRONICS LIMITED,,,India
1620,ONIX SOLAR ENERGY LIMITED,,,India
1621,ONMOBILE GLOBAL LIMITED,,,India
1622,ONWARD TECHNOLOGIES LIMITED,,,India
1623,OPTIEMUS INFRACOM LIMITED,,,India
1624,OPTIMUS FINANCE LIMITED,,,India
1625,ORBIT EXPORTS LIMITED,,,India
1626,ORCHASP LIMITED,,,India
1627,ORCHID PHARMA LIMITED,,,India
1628,ORICON ENTERPRISES LIMITED,,,India
1629,ORIENTAL TRIMEX LIMITED,,,India
1630,ORIENT BELL LIMITED,,,India
1631,ORIENT CEMENT LIMITED,,,India
1632,ORIENT CERATECH LIMITED,,,India
1633,ORIENT ELECTRIC LIMITED,,,India
1634,ORIENTAL HOTELS LIMITED,,,India
1635,ORIENT PRESS LIMITED,,,India
1636,ORIENT PAPER AND INDUSTRIES LIMITED,,,India
1637,ORIENT TECHNOLOGIES LIMITED,,,India
1638,ORIENTAL RAIL INFRASTRUCTURE LIMITED,,,India
1639,THE ORISSA MINERALS DEVELOPMENT COMPANY LIMITED,,,India
1640,ORKLA INDIA LIMITED,,,India
1641,ORTIN GLOBAL LIMITED,,,India
1642,OSIA HYPER RETAIL LIMITED,,,India
1643,OSWAL AGRO MILLS LIMITED,,,India
1644,OSWAL GREENTECH LIMITED,,,India
1645,OSWAL PUMPS LIMITED,,,India
1646,SHREEOSWAL SEEDS AND CHEMICALS LIMITED,,,India
1647,PACE DIGITEK LIMITED,,,India
1648,PACIFIC INDUSTRIES LIMITED,,,India
1649,PAGE INDUSTRIES LIMITED,,,India
1650,PAISALO DIGITAL LIMITED,,,India
1651,PAKKA LIMITED,,,India
1652,PALASH SECURITIES LIMITED,,,India
1653,PALRED TECHNOLOGIES LIMITED,,,India
1654,PANACEA BIOTEC LIMITED,,,India
1655,PANACHE DIGILIFE LIMITED,,,India
1656,PANAMA PETROCHEM LIMITED,,,India
1657,PANCHMAHAL STEEL LIMITED,,,India
1658,PANORAMA STUDIOS INTERNATIONAL LIMITED,,,India
1659,PANSARI DEVELOPERS LIMITED,,,India
1660,PAR DRUGS AND CHEMICALS LIMITED,,,India
1661,PARAMOUNT COMMUNICATIONS LIMITED,,,India
1662,PARADEEP PHOSPHATES LIMITED,,,India
1663,PARAG MILK FOODS LIMITED,,,India
1664,PARAS DEFENCE AND SPACE TECHNOLOGIES LIMITED,,,India
1665,PARAS PETROFILS LIMITED,,,India
1666,PARK MEDI WORLD LIMITED,,,India
1667,APEEJAY SURRENDRA PARK HOTELS LIMITED,,,India
1668,PARNAX LAB LIMITED,,,India
1669,PARSVNATH DEVELOPERS LIMITED,,,India
1670,PASHUPATI COTSPIN LIMITED,,,India
1671,PASUPATI ACRYLON LIMITED,,,India
1672,PATANJALI FOODS LIMITED,,,India
1673,PATEL ENGINEERING LIMITED,,,India
1674,PATEL RETAIL LIMITED,,,India
1675,PATEL INTEGRATED LOGISTICS LIMITED,,,India
1676,PAUSHAK LIMITED,,,India
1677,PAVNA INDUSTRIES LIMITED,,,India
1678,ONE 97 COMMUNICATIONS LIMITED,,,India
1679,PBM POLYTEX LIMITED,,,India
1680,PCBL CHEMICAL LIMITED,,,India
1681,PC JEWELLER LIMITED,,,India
1682,PUDUMJEE PAPER PRODUCTS LIMITED,,,India
1683,PDS LIMITED,,,India
1684,PEARL POLYMERS LIMITED,,,India
1685,PENNAR INDUSTRIES LIMITED,,,India
1686,PENINSULA LAND LIMITED,,,India
1687,PERMANENT MAGNETS LIMITED,,,India
1688,PERSISTENT SYSTEMS LIMITED,,,India
1689,PETRONET LNG LIMITED,,,India
1690,POWER FINANCE CORPORATION LIMITED,,,India
1691,PFIZER LIMITED,,,India
1692,PRIME FOCUS LIMITED,,,India
1693,PTC INDIA FINANCIAL SERVICES LIMITED,,,India
1694,PG ELECTROPLAST LIMITED,,,India
1695,PROCTER AND GAMBLE HYGIENE AND HEALTH CARE LIMITED,,,India
1696,PROCTER AND GAMBLE HEALTH LIMITED,,,India
1697,PEARL GLOBAL INDUSTRIES LIMITED,,,India
1698,THE PHOENIX MILLS LIMITED,,,India
1699,PHOENIX INTERNATIONAL LIMITED,,,India
1700,PICCADILY AGRO INDUSTRIES LIMITED,,,India
1701,PIDILITE INDUSTRIES LIMITED,,,India
1702,POWER AND INSTRUMENTATION (GUJARAT) LIMITED,,,India
1703,PI INDUSTRIES LIMITED,,,India
1704,PILANI INVESTMENT AND INDUSTRIES CORPORATION LIMITED,,,India
1705,PIL ITALICA LIFESTYLE LIMITED,,,India
1706,PINE LABS LIMITED,,,India
1707,PIONEER EMBROIDERIES LIMITED,,,India
1708,PIONEER INVESTCORP LIMITED,,,India
1709,PIRAMAL FINANCE LIMITED,,,India
1710,PITTI ENGINEERING LIMITED,,,India
1711,PIX TRANSMISSIONS LIMITED,,,India
1712,THE PERIA KARAMALAI TEA AND PRODUCE COMPANY LIMITED,,,India
1713,PLASTIBLENDS INDIA LIMITED,,,India
1714,PLATINUM INDUSTRIES LIMITED,,,India
1715,PLAZA WIRES LIMITED,,,India
1716,PAUL MERCHANTS LIMITED,,,India
1717,PUNJAB NATIONAL BANK,,,India
1718,PNB GILTS LIMITED,,,India
1719,PNB HOUSING FINANCE LIMITED,,,India
1720,PRITISH NANDY COMMUNICATIONS LIMITED,,,India
1721,PNC INFRATECH LIMITED,,,India
1722,P N GADGIL JEWELLERS LIMITED,,,India
1723,PNGS REVA DIAMOND JEWELLERY LIMITED,,,India
1724,PONDY OXIDES AND CHEMICALS LIMITED,,,India
1725,PODDAR PIGMENTS LIMITED,,,India
1726,POCL ENTERPRISES LIMITED,,,India
1727,POKARNA LIMITED,,,India
1728,PB FINTECH LIMITED,,,India
1729,POLYCAB INDIA LIMITED,,,India
1730,POLY MEDICURE LIMITED,,,India
1731,POLYPLEX CORPORATION LIMITED,,,India
1732,POLYSPIN EXPORTS LIMITED,,,India
1733,PONNI SUGARS (ERODE) LIMITED,,,India
1734,POONAWALLA FINCORP LIMITED,,,India
1735,POWER GRID CORPORATION OF INDIA LIMITED,,,India
1736,POWERICA LIMITED,,,India
1737,HITACHI ENERGY INDIA LIMITED,,,India
1738,POWER MECH PROJECTS LIMITED,,,India
1739,PPAP AUTOMOTIVE LIMITED,,,India
1740,PRAKASH PIPES LIMITED,,,India
1741,PIRAMAL PHARMA LIMITED,,,India
1742,PRABHA ENERGY LIMITED,,,India
1743,PRADEEP METALS LIMITED,,,India
1744,PRAJAY ENGINEERS SYNDICATE LIMITED,,,India
1745,PRAJ INDUSTRIES LIMITED,,,India
1746,PRAKASH INDUSTRIES LIMITED,,,India
1747,PRAKASH STEELAGE LIMITED,,,India
1748,PRAVEG LIMITED,,,India
1749,PRAXIS HOME RETAIL LIMITED,,,India
1750,PRECISION CAMSHAFTS LIMITED,,,India
1751,PRECOT LIMITED,,,India
1752,PRECISION WIRES INDIA LIMITED,,,India
1753,PREMCO GLOBAL LIMITED,,,India
1754,PREMIER EXPLOSIVES LIMITED,,,India
1755,PREMIER LIMITED,,,India
1756,PREMIER ENERGIES LIMITED,,,India
1757,PREMIER POLYFILM LIMITED,,,India
1758,PRESTIGE ESTATES PROJECTS LIMITED,,,India
1759,PRICOL LIMITED,,,India
1760,PRIME SECURITIES LIMITED,,,India
1761,PRIMO CHEMICALS LIMITED,,,India
1762,PRINCE PIPES AND FITTINGS LIMITED,,,India
1763,PRISMX GLOBAL VENTURES LIMITED,,,India
1764,PRITI INTERNATIONAL LIMITED,,,India
1765,PRITIKA AUTO INDUSTRIES LIMITED,,,India
1766,PRIVI SPECIALITY CHEMICALS LIMITED,,,India
1767,PROSTARM INFO SYSTEMS LIMITED,,,India
1768,PROTEAN EGOV TECHNOLOGIES LIMITED,,,India
1769,PROZONE REALTY LIMITED,,,India
1770,PRISM JOHNSON LIMITED,,,India
1771,PRUDENT CORPORATE ADVISORY SERVICES LIMITED,,,India
1772,PRUDENTIAL SUGAR CORPORATION LIMITED,,,India
1773,PUNJAB AND SIND BANK,,,India
1774,PSP PROJECTS LIMITED,,,India
1775,PTC INDIA LIMITED,,,India
1776,PTC INDUSTRIES LIMITED,,,India
1777,PTL ENTERPRISES LIMITED,,,India
1778,PUNJAB CHEMICALS AND CROP PROTECTION LIMITED,,,India
1779,PURAVANKARA LIMITED,,,India
1780,PVP VENTURES LIMITED,,,India
1781,PVR INOX LIMITED,,,India
1782,POPULAR VEHICLES AND SERVICES LIMITED,,,India
1783,PHYSICSWALLAH LIMITED,,,India
1784,PYRAMID TECHNOPLAST LIMITED,,,India
1785,QMS MEDICAL ALLIED SERVICES LIMITED,,,India
1786,QUALITY POWER ELECTRICAL EQUIPMENTS LIMITED,,,India
1787,QUADRANT FUTURE TEK LIMITED,,,India
1788,QUESS CORPORATION LIMITED,,,India
1789,QUICK HEAL TECHNOLOGIES LIMITED,,,India
1790,QUINT DIGITAL LIMITED,,,India
1791,RACE ECO CHAIN LIMITED,,,India
1792,RACL GEARTECH LIMITED,,,India
1793,RADAAN MEDIAWORKS INDIA LIMITED,,,India
1794,RADHIKA JEWELTECH LIMITED,,,India
1795,RADIANT CASH MANAGEMENT SERVICES LIMITED,,,India
1796,RADICO KHAITAN LIMITED,,,India
1797,MUSIC BROADCAST LIMITED,,,India
1798,RAILTEL CORPORATION OF INDIA LIMITED,,,India
1799,RAIN INDUSTRIES LIMITED,,,India
1800,RAINBOW CHILDRENS MEDICARE LIMITED,,,India
1801,RAJESH EXPORTS LIMITED,,,India
1802,RAJNANDINI METAL LIMITED,,,India
1803,RAJOO ENGINEERS LIMITED,,,India
1804,RAJAPALAYAM MILLS LIMITED,,,India
1805,RAJRATAN GLOBAL WIRE LIMITED,,,India
1806,RAJ RAYON INDUSTRIES LIMITED,,,India
1807,RAJSHREE SUGARS AND CHEMICALS LIMITED,,,India
1808,RAJ TELEVISION NETWORK LIMITED,,,India
1809,RALLIS INDIA LIMITED,,,India
1810,SHREE RAMA NEWSPRINT LIMITED,,,India
1811,RAMA PHOSPHATES LIMITED,,,India
1812,RAMA STEEL TUBES LIMITED,,,India
1813,ADVIT JEWELS LIMITED,,,India
1814,THE RAMCO CEMENTS LIMITED,,,India
1815,RAMCO INDUSTRIES LIMITED,,,India
1816,RAMCO SYSTEMS LIMITED,,,India
1817,RAMKY INFRASTRUCTURE LIMITED,,,India
1818,RAM RATNA WIRES LIMITED,,,India
1819,RANA SUGARS LIMITED,,,India
1820,RANE HOLDINGS LIMITED,,,India
1821,RATEGAIN TRAVEL TECHNOLOGIES LIMITED,,,India
1822,RATNAMANI METALS AND TUBES LIMITED,,,India
1823,RATNAVEER PRECISION ENGINEERING LIMITED,,,India
1824,RAYMOND LIMITED,,,India
1825,RAYMOND LIFESTYLE LIMITED,,,India
1826,RAYMOND REALTY LIMITED,,,India
1827,RESTAURANT BRANDS ASIA LIMITED,,,India
1828,RBL BANK LIMITED,,,India
1829,RBZ JEWELLERS LIMITED,,,India
1830,RASHTRIYA CHEMICALS AND FERTILIZERS LIMITED,,,India
1831,RELIANCE COMMUNICATIONS LIMITED,,,India
1832,REC LIMITED,,,India
1833,REDINGTON LIMITED,,,India
1834,REDTAPE LIMITED,,,India
1835,REFEX INDUSTRIES LIMITED,,,India
1836,REGAAL RESOURCES LIMITED,,,India
1837,REGENCY CERAMICS LIMITED,,,India
1838,RELAXO FOOTWEARS LIMITED,,,India
1839,RELIANCE CHEMOTEX INDUSTRIES LIMITED,,,India
1840,RELIABLE DATA SERVICES LIMITED,,,India
1841,RELIANCE INDUSTRIES LIMITED,,,India
1842,RELIGARE ENTERPRISES LIMITED,,,India
1843,RELIANCE INFRASTRUCTURE LIMITED,,,India
1844,RAVINDRA ENERGY LIMITED,,,India
1845,REMSONS INDUSTRIES LIMITED,,,India
1846,SHREE RENUKA SUGARS LIMITED,,,India
1847,REPCO HOME FINANCE LIMITED,,,India
1848,RUDRABHISHEK ENTERPRISES LIMITED,,,India
1849,REPRO INDIA LIMITED,,,India
1850,RESPONSIVE INDUSTRIES LIMITED,,,India
1851,JHS SVENDGAARD RETAIL VENTURES LIMITED,,,India
1852,RENAISSANCE GLOBAL LIMITED,,,India
1853,RHETAN TMT LIMITED,,,India
1854,RELIANCE HOME FINANCE LIMITED,,,India
1855,RHI MAGNESITA INDIA LIMITED,,,India
1856,ROBUST HOTELS LIMITED,,,India
1857,RICO AUTO INDUSTRIES LIMITED,,,India
1858,RELIANCE INDUSTRIAL INFRASTRUCTURE LIMITED,,,India
1859,RIR POWER ELECTRONICS LIMITED,,,India
1860,RISHABH INSTRUMENTS LIMITED,,,India
1861,RITCO LOGISTICS LIMITED,,,India
1862,RITES LIMITED,,,India
1863,RAVI KUMAR DISTILLERIES LIMITED,,,India
1864,RKEC PROJECTS LIMITED,,,India
1865,RAMKRISHNA FORGINGS LIMITED,,,India
1866,R K SWAMY LIMITED,,,India
1867,RMC SWITCHGEARS LIMITED,,,India
1868,R M DRIP AND SPRINKLERS SYSTEMS LIMITED,,,India
1869,RANE (MADRAS) LIMITED,,,India
1870,RANDB DENIMS LIMITED,,,India
1871,ROYAL ORCHID HOTELS LIMITED,,,India
1872,ROLEX RINGS LIMITED,,,India
1873,ROLLATAINERS LIMITED,,,India
1874,RAJ OIL MILLS LIMITED,,,India
1875,ROSSARI BIOTECH LIMITED,,,India
1876,ROSSELL INDIA LIMITED,,,India
1877,ROSSELL TECHSYS LIMITED,,,India
1878,ROTO PUMPS LIMITED,,,India
1879,ROUTE MOBILE LIMITED,,,India
1880,RAGHAV PRODUCTIVITY ENHANCERS LIMITED,,,India
1881,RPG LIFE SCIENCES LIMITED,,,India
1882,RELIANCE POWER LIMITED,,,India
1883,R.P.P. INFRA PROJECTS LIMITED,,,India
1884,RAJSHREE POLYPACK LIMITED,,,India
1885,RPSG VENTURES LIMITED,,,India
1886,RASHI PERIPHERALS LIMITED,,,India
1887,RDB REAL ESTATE CONSTRUCTIONS LIMITED,,,India
1888,RRIL LIMITED,,,India
1889,R R KABEL LIMITED,,,India
1890,RSD FINANCE LIMITED,,,India
1891,RAJPUTANA STAINLESS LIMITED,,,India
1892,R. S. SOFTWARE (INDIA) LIMITED,,,India
1893,RSWM LIMITED,,,India
1894,R SYSTEMS INTERNATIONAL LIMITED,,,India
1895,RATTANINDIA ENTERPRISES LIMITED,,,India
1896,RATTANINDIA POWER LIMITED,,,India
1897,RTS POWER CORPORATION LIMITED,,,India
1898,RUBFILA INTERNATIONAL LIMITED,,,India
1899,RUBICON RESEARCH LIMITED,,,India
1900,THE RUBY MILLS LIMITED,,,India
1901,RUCHI INFRASTRUCTURE LIMITED,,,India
1902,RUCHIRA PAPERS LIMITED,,,India
1903,RUDRA GLOBAL INFRA PRODUCTS LIMITED,,,India
1904,RUPA AND COMPANY LIMITED,,,India
1905,RUSHIL DECOR LIMITED,,,India
1906,KEYSTONE REALTORS LIMITED,,,India
1907,RAVINDER HEIGHTS LIMITED,,,India
1908,RAIL VIKAS NIGAM LIMITED,,,India
1909,REVATHI EQUIPMENT INDIA LIMITED,,,India
1910,SANDS POWER SWITCHGEARS LIMITED,,,India
1911,SAATVIK GREEN ENERGY LIMITED,,,India
1912,SAB INDUSTRIES LIMITED,,,India
1913,SADBHAV ENGINEERING LIMITED,,,India
1914,SADBHAV INFRASTRUCTURE PROJECT LIMITED,,,India
1915,SADHANA NITROCHEM LIMITED,,,India
1916,SAFARI INDUSTRIES (INDIA) LIMITED,,,India
1917,SAGARDEEP ALLOYS LIMITED,,,India
1918,SAGAR CEMENTS LIMITED,,,India
1919,SAGILITY LIMITED,,,India
1920,SHALIBHADRA FINANCE LIMITED,,,India
1921,SAHYADRI INDUSTRIES LIMITED,,,India
1922,SAI CAPITAL LIMITED,,,India
1923,STEEL AUTHORITY OF INDIA LIMITED,,,India
1924,SAI LIFE SCIENCES LIMITED,,,India
1925,SAI PARENTERALS LIMITED,,,India
1926,SAKAR HEALTHCARE LIMITED,,,India
1927,SAKTHI SUGARS LIMITED,,,India
1928,SAKSOFT LIMITED,,,India
1929,SAKUMA EXPORTS LIMITED,,,India
1930,SALASAR TECHNO ENGINEERING LIMITED,,,India
1931,SALONA COTSPIN LIMITED,,,India
1932,S.A.L. STEEL LIMITED,,,India
1933,SALZER ELECTRONICS LIMITED,,,India
1934,SAMBANDAM SPINNING MILLS LIMITED,,,India
1935,SAMBHAAV MEDIA LIMITED,,,India
1936,SAMBHV STEEL TUBES LIMITED,,,India
1937,SAMHI HOTELS LIMITED,,,India
1938,SAMMAAN CAPITAL LIMITED,,,India
1939,SAMPANN UTPADAN INDIA LIMITED,,,India
1940,SANATHAN TEXTILES LIMITED,,,India
1941,THE SANDESH LIMITED,,,India
1942,SANDHAR TECHNOLOGIES LIMITED,,,India
1943,SANDUR MANGANESE AND IRON ORES LIMITED,,,India
1944,SANGAM (INDIA) LIMITED,,,India
1945,SANGHVI MOVERS LIMITED,,,India
1946,SANGINITA CHEMICALS LIMITED,,,India
1947,SANOFI INDIA LIMITED,,,India
1948,SANOFI CONSUMER HEALTHCARE INDIA LIMITED,,,India
1949,SANSERA ENGINEERING LIMITED,,,India
1950,SANSTAR LIMITED,,,India
1951,SANWARIA CONSUMER LIMITED,,,India
1952,SAPPHIRE FOODS INDIA LIMITED,,,India
1953,SHREE AJIT PULP AND PAPER LIMITED,,,India
1954,SARDA ENERGY AND MINERALS LIMITED,,,India
1955,SAREGAMA INDIA LIMITED,,,India
1956,SARLA PERFORMANCE FIBERS LIMITED,,,India
1957,SARVESHWAR FOODS LIMITED,,,India
1958,SASKEN TECHNOLOGIES LIMITED,,,India
1959,SATIA INDUSTRIES LIMITED,,,India
1960,SATIN CREDITCARE NETWORK LIMITED,,,India
1961,SAURASHTRA CEMENT LIMITED,,,India
1962,SAYAJI HOTELS LIMITED,,,India
1963,SAYAJI INDUSTRIES LIMITED,,,India
1964,SBC EXPORTS LIMITED,,,India
1965,SHIVALIK BIMETAL CONTROLS LIMITED,,,India
1966,SBFC FINANCE LIMITED,,,India
1967,SURATWWALA BUSINESS GROUP LIMITED,,,India
1968,SBI CARDS AND PAYMENT SERVICES LIMITED,,,India
1969,SBI FUNDS MANAGEMENT LIMITED,,,India
1970,SBI LIFE INSURANCE COMPANY LIMITED,,,India
1971,STATE BANK OF INDIA,,,India
1972,SCAN STEELS LIMITED,,,India
1973,SCHAEFFLER INDIA LIMITED,,,India
1974,S CHAND AND COMPANY LIMITED,,,India
1975,SCHNEIDER ELECTRIC INFRASTRUCTURE LIMITED,,,India
1976,SHIPPING CORPORATION OF INDIA LIMITED,,,India
1977,SHIPPING CORPORATION OF INDIA LAND AND ASSETS LIMITED,,,India
1978,SCODA TUBES LIMITED,,,India
1979,SHEETAL COOL PRODUCTS LIMITED,,,India
1980,SOM DISTILLERIES AND BREWERIES LIMITED,,,India
1981,SEAMEC LIMITED,,,India
1982,SECMARK CONSULTANCY LIMITED,,,India
1983,SECUREKLOUD TECHNOLOGIES LIMITED,,,India
1984,SEDEMAC MECHATRONICS LIMITED,,,India
1985,SHANTI EDUCATIONAL INITIATIVES LIMITED,,,India
1986,SEJAL GLASS LIMITED,,,India
1987,SAINT GOBAIN SEKURIT INDIA LIMITED,,,India
1988,SEL MANUFACTURING COMPANY LIMITED,,,India
1989,SEMAC CONSTRUCTION LIMITED,,,India
1990,SENCO GOLD LIMITED,,,India
1991,SENORES PHARMACEUTICALS LIMITED,,,India
1992,SEPC LIMITED,,,India
1993,SERVOTECH RENEWABLE POWER SYSTEM LIMITED,,,India
1994,SESHASAYEE PAPER AND BOARDS LIMITED,,,India
1995,SETCO AUTOMOTIVE LIMITED,,,India
1996,STANDARD ENGINEERING TECHNOLOGY LIMITED,,,India
1997,SETUBANDHAN INFRASTRUCTURE LIMITED,,,India
1998,SEYA INDUSTRIES LIMITED,,,India
1999,SHEELA FOAM LIMITED,,,India
2000,SG FINSERVE LIMITED,,,India
2001,SYNERGY GREEN INDUSTRIES LIMITED,,,India
2002,STL GLOBAL LIMITED,,,India
2003,SGL RESOURCES LIMITED,,,India
2004,SG MART LIMITED,,,India
2005,SHREE GANESH REMEDIES LIMITED,,,India
2006,SHADOWFAX TECHNOLOGIES LIMITED,,,India
2007,SHAH METACORP LIMITED,,,India
2008,SHAH ALLOYS LIMITED,,,India
2009,SHAILY ENGINEERING PLASTICS LIMITED,,,India
2010,SHAKTI PUMPS (INDIA) LIMITED,,,India
2011,SHALBY LIMITED,,,India
2012,SHALIMAR PAINTS LIMITED,,,India
2013,SHANKARA BUILDING PRODUCTS LIMITED,,,India
2014,SHANKESH JEWELLERS LIMITED,,,India
2015,SHANTI OVERSEAS (INDIA) LIMITED,,,India
2016,SHANTHI GEARS LIMITED,,,India
2017,SHANTI GOLD INTERNATIONAL LIMITED,,,India
2018,SHARDA CROPCHEM LIMITED,,,India
2019,SHARDA MOTOR INDUSTRIES LIMITED,,,India
2020,SHARDUL SECURITIES LIMITED,,,India
2021,SHARE INDIA SECURITIES LIMITED,,,India
2022,SHRI BAJRANG ALLIANCE LIMITED,,,India
2023,SHEKHAWATI INDUSTRIES LIMITED,,,India
2024,SHEMAROO ENTERTAINMENT LIMITED,,,India
2025,SHERVANI INDUSTRIAL SYNDICATE LIMITED,,,India
2026,SHILCHAR TECHNOLOGIES LIMITED,,,India
2027,SHILP GRAVURES LIMITED,,,India
2028,SHILPA MEDICARE LIMITED,,,India
2029,SHARAT INDUSTRIES LIMITED,,,India
2030,SHIPROCKET LIMITED,,,India
2031,SHIVA GLOBAL AGRO INDUSTRIES LIMITED,,,India
2032,SHIVA CEMENT LIMITED,,,India
2033,SHIVALIK RASAYAN LIMITED,,,India
2034,SHIVAM AUTOTECH LIMITED,,,India
2035,SHIVA MILLS LIMITED,,,India
2036,SHIVA TEXYARN LIMITED,,,India
2037,SHIV AUM STEELS LIMITED,,,India
2038,S H KELKAR AND COMPANY LIMITED,,,India
2039,SHOPPERS STOP LIMITED,,,India
2040,SHRADDHA PRIME PROJECTS LIMITED,,,India
2041,SHRADHA REALTY LIMITED,,,India
2042,SHREE DIGVIJAY CEMENT CO.LIMITED,,,India
2043,SHREE CEMENT LIMITED,,,India
2044,SHREEJI SHIPPING GLOBAL LIMITED,,,India
2045,SHREE PUSHKAR CHEMICALS AND FERTILISERS LIMITED,,,India
2046,SHREE RAMA MULTI-TECH LIMITED,,,India
2047,SHRENIK LIMITED,,,India
2048,SHREYANS INDUSTRIES LIMITED,,,India
2049,SHRI KRISHNA DEVCON LIMITED,,,India
2050,SHRINGAR HOUSE OF MANGALSUTRA LIMITED,,,India
2051,SPR AUTO TECHNOLOGIES LIMITED,,,India
2052,SHRIRAM FINANCE LIMITED,,,India
2053,SHRIRAM PROPERTIES LIMITED,,,India
2054,SHRI JAGDAMBA POLYMERS LIMITED,,,India
2055,SHUKRA PHARMACEUTICALS LIMITED,,,India
2056,SHYAM CENTURY FERROUS LIMITED,,,India
2057,SHYAM METALICS AND ENERGY LIMITED,,,India
2058,SHYAM TELECOM LIMITED,,,India
2059,SICAGEN INDIA LIMITED,,,India
2060,SICAL LOGISTICS LIMITED,,,India
2061,SUPERIOR INDUSTRIAL ENTERPRISES LIMITED,,,India
2062,SIEMENS LIMITED,,,India
2063,SIGACHI INDUSTRIES LIMITED,,,India
2064,SIGNET INDUSTRIES LIMITED,,,India
2065,SIGMA SOLVE LIMITED,,,India
2066,SIGMA ADVANCED SYSTEMS LIMITED,,,India
2067,SIGNATUREGLOBAL (INDIA) LIMITED,,,India
2068,SIGNPOST INDIA LIMITED,,,India
2069,SIKA INTERPLANT SYSTEMS LIMITED,,,India
2070,SIKKO INDUSTRIES LIMITED,,,India
2071,STANDARD INDUSTRIES LIMITED,,,India
2072,SILGO RETAIL LIMITED,,,India
2073,SIL INVESTMENTS LIMITED,,,India
2074,SILLY MONKS ENTERTAINMENT LIMITED,,,India
2075,SILVER TOUCH TECHNOLOGIES LIMITED,,,India
2076,SIMBHAOLI SUGARS LIMITED,,,India
2077,SIMPLEX INFRASTRUCTURES LIMITED,,,India
2078,SIMPLEX REALTY LIMITED,,,India
2079,SINCLAIRS HOTELS LIMITED,,,India
2080,SINDHU TRADE LINKS LIMITED,,,India
2081,SINGER INDIA LIMITED,,,India
2082,SINTERCOM INDIA LIMITED,,,India
2083,SIRCA PAINTS INDIA LIMITED,,,India
2084,SIS LIMITED,,,India
2085,SITI NETWORKS LIMITED,,,India
2086,SIYARAM SILK MILLS LIMITED,,,India
2087,S.J.S. ENTERPRISES LIMITED,,,India
2088,SJVN LIMITED,,,India
2089,SKF INDIA LIMITED,,,India
2090,SKF INDIA (INDUSTRIAL) LIMITED,,,India
2091,SKIPPER LIMITED,,,India
2092,SKM EGG PRODUCTS EXPORT (INDIA) LIMITED,,,India
2093,SKY GOLD AND DIAMONDS LIMITED,,,India
2094,SMARTLINK HOLDINGS LIMITED,,,India
2095,SMARTWORKS COWORKING SPACES LIMITED,,,India
2096,SMC GLOBAL SECURITIES LIMITED,,,India
2097,SML MAHINDRA LIMITED,,,India
2098,SARTHAK METALS LIMITED,,,India
2099,SMS PHARMACEUTICALS LIMITED,,,India
2100,SNOWMAN LOGISTICS LIMITED,,,India
2101,SOBHA LIMITED,,,India
2102,SOFTTECH ENGINEERS LIMITED,,,India
2103,SOLARA ACTIVE PHARMA SCIENCES LIMITED,,,India
2104,SOLAR INDUSTRIES INDIA LIMITED,,,India
2105,SOLARWORLD ENERGY SOLUTIONS LIMITED,,,India
2106,SOLEX ENERGY LIMITED,,,India
2107,SOMANY CERAMICS LIMITED,,,India
2108,SOMA TEXTILES AND INDUSTRIES LIMITED,,,India
2109,SOMI CONVEYOR BELTINGS LIMITED,,,India
2110,SONA BLW PRECISION FORGINGS LIMITED,,,India
2111,SONAL MERCANTILE LIMITED,,,India
2112,SONAM LIMITED,,,India
2113,SONATA SOFTWARE LIMITED,,,India
2114,SAVITA OIL TECHNOLOGIES LIMITED,,,India
2115,THE SOUTH INDIAN BANK LIMITED,,,India
2116,SOUTH WEST PINNACLE EXPLORATION LIMITED,,,India
2117,S. P. APPARELS LIMITED,,,India
2118,SPANDANA SPHOORTY FINANCIAL LIMITED,,,India
2119,SUN PHARMA ADVANCED RESEARCH COMPANY LIMITED,,,India
2120,SPACENET ENTERPRISES INDIA LIMITED,,,India
2121,SPECIALITY RESTAURANTS LIMITED,,,India
2122,SPECTRUM ELECTRICAL INDUSTRIES LIMITED,,,India
2123,SPEL SEMICONDUCTOR LIMITED,,,India
2124,SPENCER'S RETAIL LIMITED,,,India
2125,SOUTHERN PETROCHEMICALS INDUSTRIES CORPORATION LIMITED,,,India
2126,SPL INDUSTRIES LIMITED,,,India
2127,SUPREME PETROCHEM LIMITED,,,India
2128,SPML INFRA LIMITED,,,India
2129,SPORTKING INDIA LIMITED,,,India
2130,SHANKAR LAL RAMPAL DYE-CHEM LIMITED,,,India
2131,SREELEATHERS LIMITED,,,India
2132,SRF LIMITED,,,India
2133,SRG HOUSING FINANCE LIMITED,,,India
2134,SREE RAYALASEEMA HI-STRENGTH HYPO LIMITED,,,India
2135,SRI KPR INDUSTRIES LIMITED,,,India
2136,SRM CONTRACTORS LIMITED,,,India
2137,SHREE RAM TWISTEX LIMITED,,,India
2138,SARASWATI SAREE DEPOT LIMITED,,,India
2139,STEEL STRIPS WHEELS LIMITED,,,India
2140,STALLION INDIA FLUOROCHEMICALS LIMITED,,,India
2141,STANLEY LIFESTYLES LIMITED,,,India
2142,STRIDES PHARMA SCIENCE LIMITED,,,India
2143,STAR CEMENT LIMITED,,,India
2144,STAR HEALTH AND ALLIED INSURANCE COMPANY LIMITED,,,India
2145,STAR PAPER MILLS LIMITED,,,India
2146,STARTECK FINANCE LIMITED,,,India
2147,THE STATE TRADING CORPORATION OF INDIA LIMITED,,,India
2148,STEELCAST LIMITED,,,India
2149,STEEL CITY SECURITIES LIMITED,,,India
2150,STEEL EXCHANGE INDIA LIMITED,,,India
2151,STEL HOLDINGS LIMITED,,,India
2152,STERLING TOOLS LIMITED,,,India
2153,STL NETWORKS LIMITED,,,India
2154,STEEL STRIPS INFRASTRUCTURES LIMITED,,,India
2155,STERLITE TECHNOLOGIES LIMITED,,,India
2156,STOVE KRAFT LIMITED,,,India
2157,STUDDS ACCESSORIES LIMITED,,,India
2158,SESHAASAI TECHNOLOGIES LIMITED,,,India
2159,STYLAM INDUSTRIES LIMITED,,,India
2160,BAAZAR STYLE RETAIL LIMITED,,,India
2161,STYRENIX PERFORMANCE MATERIALS LIMITED,,,India
2162,SUBEX LIMITED,,,India
2163,SUBROS LIMITED,,,India
2164,SUDARSHAN COLORANTS INDIA LIMITED,,,India
2165,SUDARSHAN CHEMICAL INDUSTRIES LIMITED,,,India
2166,SUDEEP PHARMA LIMITED,,,India
2167,SUKHJIT STARCH AND CHEMICALS LIMITED,,,India
2168,SULA VINEYARDS LIMITED,,,India
2169,SUMEDHA FISCAL SERVICES LIMITED,,,India
2170,SUMEET INDUSTRIES LIMITED,,,India
2171,SUMITOMO CHEMICAL INDIA LIMITED,,,India
2172,SUMIT WOODS LIMITED,,,India
2173,SUMMIT SECURITIES LIMITED,,,India
2174,SUNDARAM CLAYTON LIMITED,,,India
2175,SUNDARAM MULTI PAP LIMITED,,,India
2176,SUNDARAM FINANCE LIMITED,,,India
2177,SUNDARAM BRAKE LININGS LIMITED,,,India
2178,SUNDRAM FASTENERS LIMITED,,,India
2179,SUNDROP BRANDS LIMITED,,,India
2180,SUNFLAG IRON AND STEEL COMPANY LIMITED,,,India
2181,SUNIL HEALTHCARE LIMITED,,,India
2182,SUN PHARMACEUTICAL INDUSTRIES LIMITED,,,India
2183,SUNRAKSHAKK INDUSTRIES INDIA LIMITED,,,India
2184,SUNSHIELD CHEMICALS LIMITED,,,India
2185,SUNSHINE PICTURES LIMITED,,,India
2186,SUNTECK REALTY LIMITED,,,India
2187,SUN TV NETWORK LIMITED,,,India
2188,SUPERHOUSE LIMITED,,,India
2189,SUPER SPINNING MILLS LIMITED,,,India
2190,SUPRAJIT ENGINEERING LIMITED,,,India
2191,SUPREME HOLDINGS AND HOSPITALITY (INDIA) LIMITED,,,India
2192,SUPREME ENGINEERING LIMITED,,,India
2193,SUPREME INDUSTRIES LIMITED,,,India
2194,SUPREME INFRASTRUCTURE INDIA LIMITED,,,India
2195,SUPRIYA LIFESCIENCE LIMITED,,,India
2196,SUPER TANNERY LIMITED,,,India
2197,SURAJ ESTATE DEVELOPERS LIMITED,,,India
2198,SURAJ LIMITED,,,India
2199,SURAKSHA DIAGNOSTIC LIMITED,,,India
2200,SURANA SOLAR LIMITED,,,India
2201,SURANA TELECOM AND POWER LIMITED,,,India
2202,SURYALATA SPINNING MILLS LIMITED,,,India
2203,SURYALAKSHMI COTTON MILLS LIMITED,,,India
2204,SURYA ROSHNI LIMITED,,,India
2205,SURYODAY SMALL FINANCE BANK LIMITED,,,India
2206,SUTLEJ TEXTILES AND INDUSTRIES LIMITED,,,India
2207,SUVEN LIFE SCIENCES LIMITED,,,India
2208,SUVIDHAA INFOSERVE LIMITED,,,India
2209,SUYOG TELEMATICS LIMITED,,,India
2210,SUZLON ENERGY LIMITED,,,India
2211,S V GLOBAL MILL LIMITED,,,India
2212,SHREE VASU LOGISTICS LIMITED,,,India
2213,SVP GLOBAL TEXTILES LIMITED,,,India
2214,SWAN CORPORATION LIMITED,,,India
2215,SWAN DEFENCE AND HEAVY INDUSTRIES LIMITED,,,India
2216,SWARAJ SUITING LIMITED,,,India
2217,SWARAJ ENGINES LIMITED,,,India
2218,SWARNSARITA JEWELS INDIA LIMITED,,,India
2219,SWELECT ENERGY SYSTEMS LIMITED,,,India
2220,SWIGGY LIMITED,,,India
2221,SWISS MILITARY CONSUMER GOODS LIMITED,,,India
2222,STERLING AND WILSON RENEWABLE ENERGY LIMITED,,,India
2223,SYMPHONY LIMITED,,,India
2224,SYNCOM FORMULATIONS (INDIA) LIMITED,,,India
2225,SYNGENE INTERNATIONAL LIMITED,,,India
2226,SYRMA SGS TECHNOLOGY LIMITED,,,India
2227,SYSTEMATIX CORPORATE SERVICES LIMITED,,,India
2228,TAAL TECH LIMITED,,,India
2229,TAINWALA CHEMICAL AND PLASTIC (I) LIMITED,,,India
2230,TAJ GVK HOTELS AND RESORTS LIMITED,,,India
2231,TAKE LIMITED,,,India
2232,TALBROS AUTOMOTIVE COMPONENTS LIMITED,,,India
2233,TAMBOLI INDUSTRIES LIMITED,,,India
2234,TANEJA AEROSPACE AND AVIATION LIMITED,,,India
2235,TANLA PLATFORMS LIMITED,,,India
2236,TARA CHAND INFRALOGISTIC SOLUTIONS LIMITED,,,India
2237,TARAPUR TRANSFORMERS LIMITED,,,India
2238,TARC LIMITED,,,India
2239,TRANSFORMERS AND RECTIFIERS (INDIA) LIMITED,,,India
2240,TARMAT LIMITED,,,India
2241,TARSONS PRODUCTS LIMITED,,,India
2242,TASTY BITE EATABLES LIMITED,,,India
2243,TATA CAPITAL LIMITED,,,India
2244,TATA CHEMICALS LIMITED,,,India
2245,TATA COMMUNICATIONS LIMITED,,,India
2246,TATA CONSUMER PRODUCTS LIMITED,,,India
2247,TATA ELXSI LIMITED,,,India
2248,TATA INVESTMENT CORPORATION LIMITED,,,India
2249,TATA POWER COMPANY LIMITED,,,India
2250,TATA STEEL LIMITED,,,India
2251,TATA TECHNOLOGIES LIMITED,,,India
2252,TATVA CHINTAN PHARMA CHEM LIMITED,,,India
2253,TBO TEK LIMITED,,,India
2254,TRIBHOVANDAS BHIMJI ZAVERI LIMITED,,,India
2255,TCC CONCEPT LIMITED,,,India
2256,TRANSPORT CORPORATION OF INDIA LIMITED,,,India
2257,TCI EXPRESS LIMITED,,,India
2258,TCI FINANCE LIMITED,,,India
2259,TCPL PACKAGING LIMITED,,,India
2260,TATA CONSULTANCY SERVICES LIMITED,,,India
2261,TD POWER SYSTEMS LIMITED,,,India
2262,TEAM INDIA GUARANTY LIMITED,,,India
2263,TEAMLEASE SERVICES LIMITED,,,India
2264,TECH MAHINDRA LIMITED,,,India
2265,TECHNOCRAFT VENTURES LIMITED,,,India
2266,TECHNO ELECTRIC AND ENGINEERING COMPANY LIMITED,,,India
2267,TECHNVISION VENTURES LIMITED,,,India
2268,TECIL CHEMICALS AND HYDRO POWER LIMITED,,,India
2269,TEGA INDUSTRIES LIMITED,,,India
2270,TEJAS NETWORKS LIMITED,,,India
2271,TEMBO GLOBAL INDUSTRIES LIMITED,,,India
2272,TENNECO CLEAN AIR INDIA LIMITED,,,India
2273,TERAI TEA COMPANY LIMITED,,,India
2274,TERA SOFTWARE LIMITED,,,India
2275,TEXMACO INFRASTRUCTURE AND HOLDINGS LIMITED,,,India
2276,TEXMO PIPES AND PRODUCTS LIMITED,,,India
2277,TEXMACO RAIL AND ENGINEERING LIMITED,,,India
2278,TOURISM FINANCE CORPORATION OF INDIA LIMITED,,,India
2279,TRANSWARRANTY FINANCE LIMITED,,,India
2280,TGB BANQUETS AND HOTELS LIMITED,,,India
2281,TGV SRAAC LIMITED,,,India
2282,THACKER AND COMPANY LIMITED,,,India
2283,THAKKERS DEVELOPERS LIMITED,,,India
2284,THANGAMAYIL JEWELLERY LIMITED,,,India
2285,THE INVESTMENT TRUST OF INDIA LIMITED,,,India
2286,THEJO ENGINEERING LIMITED,,,India
2287,LEELA PALACES HOTELS AND RESORTS LIMITED,,,India
2288,THEMIS MEDICARE LIMITED,,,India
2289,THERMAX LIMITED,,,India
2290,THOMAS COOK (INDIA) LIMITED,,,India
2291,THOMAS SCOTT (INDIA) LIMITED,,,India
2292,THYROCARE TECHNOLOGIES LIMITED,,,India
2293,TILAKNAGAR INDUSTRIES LIMITED,,,India
2294,TWAMEV CONSTRUCTION AND INFRASTRUCTURE LIMITED,,,India
2295,TIGER LOGISTICS (INDIA) LIMITED,,,India
2296,TECHNOCRAFT INDUSTRIES (INDIA) LIMITED,,,India
2297,TUBE INVESTMENTS OF INDIA LIMITED,,,India
2298,TIJARIA POLYPIPES LIMITED,,,India
2299,TIL LIMITED,,,India
2300,TIME TECHNOPLAST LIMITED,,,India
2301,TIMEX GROUP INDIA LIMITED,,,India
2302,TIMKEN INDIA LIMITED,,,India
2303,TINNA RUBBER AND INFRASTRUCTURE LIMITED,,,India
2304,TIPS FILMS LIMITED,,,India
2305,TIPS MUSIC LIMITED,,,India
2306,THIRUMALAI CHEMICALS LIMITED,,,India
2307,TIRUPATI FORGE LIMITED,,,India
2308,TITAGARH RAIL SYSTEMS LIMITED,,,India
2309,TITAN COMPANY LIMITED,,,India
2310,TAMILNAD MERCANTILE BANK LIMITED,,,India
2311,TATA MOTORS LIMITED,,,India
2312,TATA MOTORS PASSENGER VEHICLES LIMITED,,,India
2313,TAMILNADU PETROPRODUCTS LIMITED,,,India
2314,TAMIL NADU NEWSPRINT AND PAPERS LIMITED,,,India
2315,TAMILNADU TELECOMMUNICATION LIMITED,,,India
2316,TOKYO PLAST INTERNATIONAL LIMITED,,,India
2317,TOLINS TYRES LIMITED,,,India
2318,TORRENT PHARMACEUTICALS LIMITED,,,India
2319,TORRENT POWER LIMITED,,,India
2320,TOTAL TRANSPORT SYSTEMS LIMITED,,,India
2321,TOUCHWOOD ENTERTAINMENT LIMITED,,,India
2322,TOYAM SPORTS LIMITED,,,India
2323,TEAMO PRODUCTIONS HQ LIMITED,,,India
2324,TPL PLASTECH LIMITED,,,India
2325,TRACXN TECHNOLOGIES LIMITED,,,India
2326,TRANSCORP INTERNATIONAL LIMITED,,,India
2327,TRANSPEK INDUSTRY LIMITED,,,India
2328,TRANSRAIL LIGHTING LIMITED,,,India
2329,TRANSWORLD SHIPPING LINES LIMITED,,,India
2330,TRAVEL FOOD SERVICES LIMITED,,,India
2331,TREE HOUSE EDUCATION AND ACCESSORIES LIMITED,,,India
2332,TREJHARA SOLUTIONS LIMITED,,,India
2333,TRANSINDIA REAL ESTATE LIMITED,,,India
2334,TRENT LIMITED,,,India
2335,TRF LIMITED,,,India
2336,TRIDENT LIMITED,,,India
2337,TRIGYN TECHNOLOGIES LIMITED,,,India
2338,TRITON VALVES LIMITED,,,India
2339,TRIVENI TURBINE LIMITED,,,India
2340,TRIVENI ENGINEERING AND INDUSTRIES LIMITED,,,India
2341,TRUCAP FINANCE LIMITED,,,India
2342,TRUALT BIOENERGY LIMITED,,,India
2343,TSF INVESTMENTS LIMITED,,,India
2344,TTK HEALTHCARE LIMITED,,,India
2345,TTK PRESTIGE LIMITED,,,India
2346,T T LIMITED,,,India
2347,TATA TELESERVICES (MAHARASHTRA) LIMITED,,,India
2348,TURTLEMINT FINTECH SOLUTIONS LIMITED,,,India
2349,TUTICORIN ALKALI CHEMICALS AND FERTILIZERS LIMITED,,,India
2350,TVS ELECTRONICS LIMITED,,,India
2351,TVS HOLDINGS LIMITED,,,India
2352,TVS MOTOR COMPANY LIMITED,,,India
2353,TVS SUPPLY CHAIN SOLUTIONS LIMITED,,,India
2354,TVS SRICHAKRA LIMITED,,,India
2355,TV TODAY NETWORK LIMITED,,,India
2356,TV VISION LIMITED,,,India
2357,UNITED BREWERIES LIMITED,,,India
2358,UCAL LIMITED,,,India
2359,UCO BANK,,,India
2360,UDAY JEWELLERY INDUSTRIES LIMITED,,,India
2361,UPDATER SERVICES LIMITED,,,India
2362,UJAAS ENERGY LIMITED,,,India
2363,UNITED FOODBRANDS LIMITED,,,India
2364,UFLEX LIMITED,,,India
2365,UFO MOVIEZ INDIA LIMITED,,,India
2366,THE UGAR SUGAR WORKS LIMITED,,,India
2367,UGRO CAPITAL LIMITED,,,India
2368,UJJIVAN SMALL FINANCE BANK LIMITED,,,India
2369,ULTRATECH CEMENT LIMITED,,,India
2370,ULTRAMARINE AND PIGMENTS LIMITED,,,India
2371,UMA EXPORTS LIMITED,,,India
2372,USHA MARTIN EDUCATION AND SOLUTIONS LIMITED,,,India
2373,UMIYA BUILDCON LIMITED,,,India
2374,UNICHEM LABORATORIES LIMITED,,,India
2375,UNITED DRILLING TOOLS LIMITED,,,India
2376,UNICOMMERCE ESOLUTIONS LIMITED,,,India
2377,UNIPHOS ENTERPRISES LIMITED,,,India
2378,UNIINFO TELECOM SERVICES LIMITED,,,India
2379,UNIMECH AEROSPACE AND MANUFACTURING LIMITED,,,India
2380,UNION BANK OF INDIA,,,India
2381,UNIPARTS INDIA LIMITED,,,India
2382,UNITED SPIRITS LIMITED,,,India
2383,UNITECH LIMITED,,,India
2384,UNITED POLYFAB GUJARAT LIMITED,,,India
2385,THE UNITED NILGIRI TEA ESTATES COMPANY LIMITED,,,India
2386,UNIVASTU INDIA LIMITED,,,India
2387,UNIVERSAL CABLES LIMITED,,,India
2388,UNIVERSUS PHOTO IMAGINGS LIMITED,,,India
2389,UNO MINDA LIMITED,,,India
2390,U P HOTELS LIMITED,,,India
2391,UPL LIMITED,,,India
2392,URAVI DEFENCE AND TECHNOLOGY LIMITED,,,India
2393,URBAN COMPANY LIMITED,,,India
2394,URJA GLOBAL LIMITED,,,India
2395,USHA MARTIN LIMITED,,,India
2396,UDAYSHIVAKUMAR INFRA LIMITED,,,India
2397,UTI ASSET MANAGEMENT COMPANY LIMITED,,,India
2398,UTKARSH SMALL FINANCE BANK LIMITED,,,India
2399,FUJIYAMA POWER SYSTEMS LIMITED,,,India
2400,UTTAM SUGAR MILLS LIMITED,,,India
2401,U. Y. FINCORP LIMITED,,,India
2402,V2 RETAIL LIMITED,,,India
2403,VADILAL INDUSTRIES LIMITED,,,India
2404,VADILAL ENTERPRISES LIMITED,,,India
2405,VAIBHAV GLOBAL LIMITED,,,India
2406,VAISHALI PHARMA LIMITED,,,India
2407,VAKRANGEE LIMITED,,,India
2408,VALIANT LABORATORIES LIMITED,,,India
2409,VALIANT ORGANICS LIMITED,,,India
2410,VEDANTA ALUMINIUM METAL LIMITED,,,India
2411,VARDHMAN ACRYLICS LIMITED,,,India
2412,VARDHMAN POLYTEX LIMITED,,,India
2413,VARROC ENGINEERING LIMITED,,,India
2414,VASCON ENGINEERS LIMITED,,,India
2415,SHRI VASUPRADA PLANTATIONS LIMITED,,,India
2416,VASWANI INDUSTRIES LIMITED,,,India
2417,VARUN BEVERAGES LIMITED,,,India
2418,VAXTEX COTFAB LIMITED,,,India
2419,VEDAVAAG SYSTEMS LIMITED,,,India
2420,VEDANTA LIMITED,,,India
2421,VEDANTA POWER LIMITED,,,India
2422,VEEDOL CORPORATION LIMITED,,,India
2423,VELJAN DENISON LIMITED,,,India
2424,VENKY'S (INDIA) LIMITED,,,India
2425,VENTIVE HOSPITALITY LIMITED,,,India
2426,VENUS PIPES AND TUBES LIMITED,,,India
2427,VENUS REMEDIES LIMITED,,,India
2428,VERANDA LEARNING SOLUTIONS LIMITED,,,India
2429,VERTOZ LIMITED,,,India
2430,VESUVIUS INDIA LIMITED,,,India
2431,VETO SWITCHGEARS AND CABLES LIMITED,,,India
2432,VIBRANT GLOBAL CAPITAL LIMITED,,,India
2433,VARVEE GLOBAL LIMITED,,,India
2434,V-GUARD INDUSTRIES LIMITED,,,India
2435,VARDHMAN HOLDINGS LIMITED,,,India
2436,VICEROY HOTELS LIMITED,,,India
2437,VIDHI SPECIALTY FOOD INGREDIENTS LIMITED,,,India
2438,VIDYA WIRES LIMITED,,,India
2439,VIJAYA DIAGNOSTIC CENTRE LIMITED,,,India
2440,VIJI FINANCE LIMITED,,,India
2441,VIJAY SOLVEX LIMITED,,,India
2442,VIKAS ECOTECH LIMITED,,,India
2443,VIKAS LIFECARE LIMITED,,,India
2444,VIKRAM SOLAR LIMITED,,,India
2445,VIKRAN ENGINEERING LIMITED,,,India
2446,VIMTA LABS LIMITED,,,India
2447,VINATI ORGANICS LIMITED,,,India
2448,VINTAGE COFFEE AND BEVERAGES LIMITED,,,India
2449,VINDHYA TELELINKS LIMITED,,,India
2450,VINEET LABORATORIES LIMITED,,,India
2451,VINNY OVERSEAS LIMITED,,,India
2452,VINYL CHEMICALS (INDIA) LIMITED,,,India
2453,VIP CLOTHING LIMITED,,,India
2454,VIP INDUSTRIES LIMITED,,,India
2455,VIPUL LIMITED,,,India
2456,VIRAT INDUSTRIES LIMITED,,,India
2457,VIRINCHI LIMITED,,,India
2458,VIRTUAL GLOBAL EDUCATION LIMITED,,,India
2459,VISA CHROME LIMITED,,,India
2460,VISAKA INDUSTRIES LIMITED,,,India
2461,VISHAL FABRICS LIMITED,,,India
2462,VISHNU CHEMICALS LIMITED,,,India
2463,VISHWARAJ SUGAR INDUSTRIES LIMITED,,,India
2464,VEDANTA IRON AND STEEL LIMITED,,,India
2465,VITAL CHEMTECH LIMITED,,,India
2466,VIVIANA POWER TECH LIMITED,,,India
2467,VISAGAR POLYTEX LIMITED,,,India
2468,VIVIMED LABS LIMITED,,,India
2469,VIVO BIO TECH LIMITED,,,India
2470,VIYASH SCIENTIFIC LIMITED,,,India
2471,VL E-GOVERNANCE AND IT SOLUTIONS LIMITED,,,India
2472,VLS FINANCE LIMITED,,,India
2473,V-MART RETAIL LIMITED,,,India
2474,VISHAL MEGA MART LIMITED,,,India
2475,VMS TMT LIMITED,,,India
2476,VIRTUOSO OPTOELECTRONICS LIMITED,,,India
2477,VEDANTA OIL AND GAS LIMITED,,,India
2478,VOITH PAPER FABRICS INDIA LIMITED,,,India
2479,VOLTAMP TRANSFORMERS LIMITED,,,India
2480,VOLTAS LIMITED,,,India
2481,VISHNU PRAKASH R PUNGLIA LIMITED,,,India
2482,VRAJ IRON AND STEEL LIMITED,,,India
2483,VRL LOGISTICS LIMITED,,,India
2484,VARDHMAN SPECIAL STEELS LIMITED,,,India
2485,VST INDUSTRIES LIMITED,,,India
2486,VIBHOR STEEL TUBES LIMITED,,,India
2487,V.S.T TILLERS TRACTORS LIMITED,,,India
2488,VARDHMAN TEXTILES LIMITED,,,India
2489,VTM LIMITED,,,India
2490,WAAREE ENERGIES LIMITED,,,India
2491,INDOSOLAR LIMITED,,,India
2492,WAAREE RENEWABLE TECHNOLOGIES LIMITED,,,India
2493,VA TECH WABAG LIMITED,,,India
2494,WAKEFIT INNOVATIONS LIMITED,,,India
2495,WALCHANDNAGAR INDUSTRIES LIMITED,,,India
2496,WANBURY LIMITED,,,India
2497,WARDWIZARD INNOVATIONS AND MOBILITY LIMITED,,,India
2498,WATERBASE LIMITED,,,India
2499,WESTERN CARRIERS (INDIA) LIMITED,,,India
2500,WEALTH FIRST PORTFOLIO MANAGERS LIMITED,,,India
2501,WEBSOL ENERGY SYSTEM LIMITED,,,India
2502,WEIZMANN LIMITED,,,India
2503,WONDER ELECTRICALS LIMITED,,,India
2504,WELSPUN CORPORATION LIMITED,,,India
2505,WELSPUN ENTERPRISES LIMITED,,,India
2506,WELSPUN INVESTMENTS AND COMMERCIALS LIMITED,,,India
2507,WELSPUN SPECIALTY SOLUTIONS LIMITED,,,India
2508,WELSPUN LIVING LIMITED,,,India
2509,WENDT (INDIA) LIMITED,,,India
2510,WESTLIFE FOODWORLD LIMITED,,,India
2511,WE WIN LIMITED,,,India
2512,WEWORK INDIA MANAGEMENT LIMITED,,,India
2513,WH BRADY AND COMPANY LIMITED,,,India
2514,WHEELS INDIA LIMITED,,,India
2515,WHIRLPOOL OF INDIA LIMITED,,,India
2516,WILLIAMSON MAGOR AND COMPANY LIMITED,,,India
2517,WINDLAS BIOTECH LIMITED,,,India
2518,WINDSOR MACHINES LIMITED,,,India
2519,THE WESTERN INDIA PLYWOODS LIMITED,,,India
2520,WIPRO LIMITED,,,India
2521,WOCKHARDT LIMITED,,,India
2522,WONDERLA HOLIDAYS LIMITED,,,India
2523,WORTH PERIPHERALS LIMITED,,,India
2524,WPIL LIMITED,,,India
2525,W S INDUSTRIES (I) LIMITED,,,India
2526,WEST COAST PAPER MILLS LIMITED,,,India
2527,XCHANGING SOLUTIONS LIMITED,,,India
2528,XELPMOC DESIGN AND TECH LIMITED,,,India
2529,XPRO INDIA LIMITED,,,India
2530,XTGLOBAL INFOTECH LIMITED,,,India
2531,XTRANET TECHNOLOGIES LIMITED,,,India
2532,YASHO INDUSTRIES LIMITED,,,India
2533,YATHARTH HOSPITAL AND TRAUMA CARE SERVICES LIMITED,,,India
2534,YATRA ONLINE LIMITED,,,India
2535,YES BANK LIMITED,,,India
2536,YOGI LIMITED,,,India
2537,YUKEN INDIA LIMITED,,,India
2538,ZAGGLE PREPAID OCEAN SERVICES LIMITED,,,India
2539,ZEE ENTERTAINMENT ENTERPRISES LIMITED,,,India
2540,ZEE LEARN LIMITED,,,India
2541,ZEE MEDIA CORPORATION LIMITED,,,India
2542,ZENITH EXPORTS LIMITED,,,India
2543,ZENITH STEEL PIPES AND INDUSTRIES LIMITED,,,India
2544,ZENSAR TECHNOLOGIES LIMITED,,,India
2545,ZEN TECHNOLOGIES LIMITED,,,India
2546,ZF COMMERCIAL VEHICLE CONTROL SYSTEMS INDIA LIMITED,,,India
2547,ZF STEERING GEAR (INDIA) LIMITED,,,India
2548,ZIM LABORATORIES LIMITED,,,India
2549,ZODIAC ENERGY LIMITED,,,India
2550,ZODIAC CLOTHING COMPANY LIMITED,,,India
2551,ZOTA HEALTH CARE LIMITED,,,India
2552,SARASWATI COMMERCIAL INDIA LIMITED,,,India
2553,ZUARI AGRO CHEMICALS LIMITED,,,India
2554,ZUARI INDUSTRIES LIMITED,,,India
2555,ZYDUS LIFESCIENCES LIMITED,,,India
2556,ZYDUS WELLNESS LIMITED,,,India
