security_id,trading_date,open_price,high_price,low_price,close_price,volume,normalization_error,_source_file,_extracted_date,_quality_issues,_confidence_score,_manual_review_required
1.0,2026-08-19,197.16,197.16,193.86,196.04,73392,,nse_symbols_consolidated.csv,2026-08-19,,1.0,False
2.0,2026-08-19,45.02,46.49,44.75,44.81,5815,,nse_symbols_consolidated.csv,2026-08-19,,1.0,False
3.0,2026-08-19,1163.6,1185.5,1157.5,1180.5,634522,,nse_symbols_consolidated.csv,2026-08-19,,1.0,False
4.0,2026-08-19,1135.0,1160.9,1124.8,1143.8,20123,,nse_symbols_consolidated.csv,2026-08-19,,1.0,False
5.0,2026-08-19,23.36,23.87,23.15,23.15,206080,,nse_symbols_consolidated.csv,2026-08-19,,1.0,False
6.0,2026-08-19,35100.0,35100.0,33355.0,33505.0,7449,,nse_symbols_consolidated.csv,2026-08-19,,1.0,False
7.0,2026-08-19,32.2,32.5,31.7,31.96,907,,nse_symbols_consolidated.csv,2026-08-19,,1.0,False
8.0,2026-08-19,391.0,416.95,386.55,405.6,416349,,nse_symbols_consolidated.csv,2026-08-19,,1.0,False
9.0,2026-08-19,765.0,793.85,755.55,788.85,359763,,nse_symbols_consolidated.csv,2026-08-19,,1.0,False
30.0,2026-08-19,224.8,225.0,215.0,218.07,40918,,nse_symbols_consolidated.csv,2026-08-19,,1.0,False
33.0,2026-08-19,12.55,14.21,12.26,13.45,75877258,,nse_symbols_consolidated.csv,2026-08-19,,1.0,False
36.0,2026-08-19,192.1,192.1,189.0,191.07,984,,nse_symbols_consolidated.csv,2026-08-19,,1.0,False
48.0,2026-08-19,50.25,51.0,48.42,49.66,289690,,nse_symbols_consolidated.csv,2026-08-19,,1.0,False
103.0,2026-08-19,1774.1,1780.0,1750.1,1754.2,1890,,nse_symbols_consolidated.csv,2026-08-19,,1.0,False
10.0,2026-08-19,14.26,14.97,14.06,14.47,217078,,nse_symbols_consolidated.csv,2026-08-19,,1.0,False
11.0,2026-08-19,93.6,95.0,92.6,94.18,23265,,nse_symbols_consolidated.csv,2026-08-19,,1.0,False
12.0,2026-08-19,487.4,487.5,469.1,474.4,983771,,nse_symbols_consolidated.csv,2026-08-19,,1.0,False
13.0,2026-08-19,9.13,9.2,8.06,8.45,719756,,nse_symbols_consolidated.csv,2026-08-19,,1.0,False
14.0,2026-08-19,82.24,83.48,81.42,82.59,14594,,nse_symbols_consolidated.csv,2026-08-19,,1.0,False
15.0,2026-08-19,36.9,36.9,34.01,34.19,29325,,nse_symbols_consolidated.csv,2026-08-19,,1.0,False
16.0,2026-08-19,145.5,145.5,137.6,140.32,18598,,nse_symbols_consolidated.csv,2026-08-19,,1.0,False
17.0,2026-08-19,51.38,52.2,48.82,49.08,169904,,nse_symbols_consolidated.csv,2026-08-19,,1.0,False
18.0,2026-08-19,415.8,417.0,407.2,408.45,133354,,nse_symbols_consolidated.csv,2026-08-19,,1.0,False
19.0,2026-08-19,532.7,535.35,520.25,527.05,1436341,,nse_symbols_consolidated.csv,2026-08-19,,1.0,False
20.0,2026-08-19,878.0,878.95,826.55,834.15,377267,,nse_symbols_consolidated.csv,2026-08-19,,1.0,False
21.0,2026-08-19,590.0,623.0,564.7,589.1,28439,,nse_symbols_consolidated.csv,2026-08-19,,1.0,False
22.0,2026-08-19,151.51,161.0,151.51,155.81,67775,,nse_symbols_consolidated.csv,2026-08-19,,1.0,False
23.0,2026-08-19,73.99,74.29,73.0,73.14,534460,,nse_symbols_consolidated.csv,2026-08-19,,1.0,False
24.0,2026-08-19,1387.1,1407.9,1365.6,1372.8,75310,,nse_symbols_consolidated.csv,2026-08-19,,1.0,False
25.0,2026-08-19,17.39,17.39,17.39,17.39,1488,,nse_symbols_consolidated.csv,2026-08-19,,1.0,False
26.0,2026-08-19,28.9,30.0,28.79,28.79,10552,,nse_symbols_consolidated.csv,2026-08-19,,1.0,False
80.0,2026-08-19,207.49,207.49,201.11,201.43,10286,,nse_symbols_consolidated.csv,2026-08-19,,1.0,False
27.0,2026-08-19,7525.0,7543.0,7391.5,7430.0,187000,,nse_symbols_consolidated.csv,2026-08-19,,1.0,False
28.0,2026-08-19,26580.0,26605.0,26300.0,26405.0,7485,,nse_symbols_consolidated.csv,2026-08-19,,1.0,False
35.0,2026-08-19,50.73,50.73,50.73,50.73,1000,,nse_symbols_consolidated.csv,2026-08-19,,1.0,False
39.0,2026-08-19,1310.3,1310.3,1286.0,1288.7,129546,,nse_symbols_consolidated.csv,2026-08-19,,1.0,False
40.0,2026-08-19,1131.0,1136.0,1127.1,1134.6,3446,,nse_symbols_consolidated.csv,2026-08-19,,1.0,False
41.0,2026-08-19,4.72,4.72,4.58,4.6,70325,,nse_symbols_consolidated.csv,2026-08-19,,1.0,False
43.0,2026-08-19,18.7,18.8,17.6,17.91,612,,nse_symbols_consolidated.csv,2026-08-19,,1.0,False
47.0,2026-08-19,371.5,386.95,367.55,380.4,2120971,,nse_symbols_consolidated.csv,2026-08-19,,1.0,False
42.0,2026-08-19,1190.7,1196.0,1160.0,1181.2,624925,,nse_symbols_consolidated.csv,2026-08-19,,1.0,False
49.0,2026-08-19,3399.1,3399.1,3219.0,3228.9,279967,,nse_symbols_consolidated.csv,2026-08-19,,1.0,False
50.0,2026-08-19,1604.8,1604.8,1536.5,1540.7,3477602,,nse_symbols_consolidated.csv,2026-08-19,,1.0,False
51.0,2026-08-19,3012.7,3019.0,2967.3,2990.3,938700,,nse_symbols_consolidated.csv,2026-08-19,,1.0,False
52.0,2026-08-19,1312.9,1312.9,1281.1,1293.0,1333768,,nse_symbols_consolidated.csv,2026-08-19,,1.0,False
53.0,2026-08-19,1684.0,1684.0,1667.0,1681.9,1217074,,nse_symbols_consolidated.csv,2026-08-19,,1.0,False
54.0,2026-08-19,205.9,205.9,202.69,204.02,10553545,,nse_symbols_consolidated.csv,2026-08-19,,1.0,False
229.0,2026-08-19,652.9,687.9,652.9,664.25,8506454,,nse_symbols_consolidated.csv,2026-08-19,,1.0,False
55.0,2026-08-19,86.9,87.0,86.9,87.0,59,,nse_symbols_consolidated.csv,2026-08-19,,1.0,False
56.0,2026-08-19,269.6,269.75,262.3,263.3,50262,,nse_symbols_consolidated.csv,2026-08-19,,1.0,False
38.0,2026-08-19,1009.4,1015.3,1000.1,1003.4,58093,,nse_symbols_consolidated.csv,2026-08-19,,1.0,False
29.0,2026-08-19,402.4,402.4,393.9,396.0,4164096,,nse_symbols_consolidated.csv,2026-08-19,,1.0,False
32.0,2026-08-19,55.0,55.17,54.1,54.47,2601608,,nse_symbols_consolidated.csv,2026-08-19,,1.0,False
34.0,2026-08-19,88.7,88.96,86.71,86.89,950590,,nse_symbols_consolidated.csv,2026-08-19,,1.0,False
356.0,2026-08-19,128.6,132.73,127.0,127.43,26134,,nse_symbols_consolidated.csv,2026-08-19,,1.0,False
37.0,2026-08-19,1377.6,1400.0,1377.6,1395.1,60733,,nse_symbols_consolidated.csv,2026-08-19,,1.0,False
511.0,2026-08-19,3361.1,3393.0,3251.0,3303.5,275085,,nse_symbols_consolidated.csv,2026-08-19,,1.0,False
252.0,2026-08-19,609.95,616.8,597.35,605.5,95703,,nse_symbols_consolidated.csv,2026-08-19,,1.0,False
58.0,2026-08-19,1573.3,1650.0,1543.0,1634.6,112826,,nse_symbols_consolidated.csv,2026-08-19,,1.0,False
59.0,2026-08-19,10.1,10.24,9.8,9.85,19995,,nse_symbols_consolidated.csv,2026-08-19,,1.0,False
61.0,2026-08-19,2141.9,2146.0,2086.6,2096.2,26243,,nse_symbols_consolidated.csv,2026-08-19,,1.0,False
62.0,2026-08-19,116.99,120.6,116.11,116.62,114727,,nse_symbols_consolidated.csv,2026-08-19,,1.0,False
65.0,2026-08-19,303.0,307.65,302.0,305.2,188598,,nse_symbols_consolidated.csv,2026-08-19,,1.0,False
63.0,2026-08-19,50.06,50.4,49.1,49.46,30694,,nse_symbols_consolidated.csv,2026-08-19,,1.0,False
64.0,2026-08-19,135.0,135.59,131.07,133.95,64326,,nse_symbols_consolidated.csv,2026-08-19,,1.0,False
66.0,2026-08-19,1.25,1.25,1.21,1.22,95397,,nse_symbols_consolidated.csv,2026-08-19,,1.0,False
1812.0,2026-08-19,182.0,182.0,176.0,177.39,112565,,nse_symbols_consolidated.csv,2026-08-19,,1.0,False
67.0,2026-08-19,1372.1,1396.0,1338.6,1364.0,801926,,nse_symbols_consolidated.csv,2026-08-19,,1.0,False
68.0,2026-08-19,277.8,277.8,268.1,270.15,357042,,nse_symbols_consolidated.csv,2026-08-19,,1.0,False
70.0,2026-08-19,262.0,269.0,255.14,262.45,5350029,,nse_symbols_consolidated.csv,2026-08-19,,1.0,False
71.0,2026-08-19,131.0,131.99,128.17,130.14,314178,,nse_symbols_consolidated.csv,2026-08-19,,1.0,False
72.0,2026-08-19,488.5,490.55,470.2,474.15,1054421,,nse_symbols_consolidated.csv,2026-08-19,,1.0,False
73.0,2026-08-19,83.43,87.2,80.68,84.36,89766,,nse_symbols_consolidated.csv,2026-08-19,,1.0,False
75.0,2026-08-19,1633.7,1648.4,1620.3,1640.1,128284,,nse_symbols_consolidated.csv,2026-08-19,,1.0,False
76.0,2026-08-19,278.0,282.7,277.5,277.95,360109,,nse_symbols_consolidated.csv,2026-08-19,,1.0,False
77.0,2026-08-19,1713.5,1718.9,1676.3,1693.8,100667,,nse_symbols_consolidated.csv,2026-08-19,,1.0,False
78.0,2026-08-19,160.05,172.36,160.05,170.0,29759,,nse_symbols_consolidated.csv,2026-08-19,,1.0,False
81.0,2026-08-19,500.0,500.3,488.0,491.6,14758,,nse_symbols_consolidated.csv,2026-08-19,,1.0,False
83.0,2026-08-19,711.5,719.45,705.0,706.2,44696,,nse_symbols_consolidated.csv,2026-08-19,,1.0,False
84.0,2026-08-19,295.2,298.85,292.2,294.25,798376,,nse_symbols_consolidated.csv,2026-08-19,,1.0,False
86.0,2026-08-19,100.0,103.99,100.0,100.38,4202,,nse_symbols_consolidated.csv,2026-08-19,,1.0,False
87.0,2026-08-19,26.9,26.9,25.2,25.56,16335,,nse_symbols_consolidated.csv,2026-08-19,,1.0,False
88.0,2026-08-19,2.07,2.07,2.02,2.05,142288,,nse_symbols_consolidated.csv,2026-08-19,,1.0,False
90.0,2026-08-19,37.4,43.71,36.16,40.82,230285,,nse_symbols_consolidated.csv,2026-08-19,,1.0,False
92.0,2026-08-19,707.0,718.0,696.0,698.55,112329,,nse_symbols_consolidated.csv,2026-08-19,,1.0,False
94.0,2026-08-19,4412.5,4447.6,4368.0,4384.9,34136,,nse_symbols_consolidated.csv,2026-08-19,,1.0,False
838.0,2026-08-19,47.5,48.8,46.0,48.12,19986,,nse_symbols_consolidated.csv,2026-08-19,,1.0,False
96.0,2026-08-19,14.78,15.22,14.78,14.95,26993,,nse_symbols_consolidated.csv,2026-08-19,,1.0,False
97.0,2026-08-19,91.7,91.7,87.2,88.5,1413,,nse_symbols_consolidated.csv,2026-08-19,,1.0,False
98.0,2026-08-19,3706.4,3782.7,3668.0,3697.9,84540,,nse_symbols_consolidated.csv,2026-08-19,,1.0,False
99.0,2026-08-19,558.4,570.0,545.5,566.9,65346,,nse_symbols_consolidated.csv,2026-08-19,,1.0,False
100.0,2026-08-19,116.55,121.09,114.5,116.41,454495,,nse_symbols_consolidated.csv,2026-08-19,,1.0,False
101.0,2026-08-19,3.84,3.84,3.75,3.78,127968,,nse_symbols_consolidated.csv,2026-08-19,,1.0,False
102.0,2026-08-19,25.09,25.78,25.01,25.02,26946,,nse_symbols_consolidated.csv,2026-08-19,,1.0,False
104.0,2026-08-19,8.65,9.47,8.6,8.87,90945,,nse_symbols_consolidated.csv,2026-08-19,,1.0,False
105.0,2026-08-19,4.32,4.34,4.12,4.24,103380,,nse_symbols_consolidated.csv,2026-08-19,,1.0,False
79.0,2026-08-19,9.36,9.67,9.27,9.36,388532,,nse_symbols_consolidated.csv,2026-08-19,,1.0,False
108.0,2026-08-19,7.68,7.68,7.68,7.68,631418,,nse_symbols_consolidated.csv,2026-08-19,,1.0,False
106.0,2026-08-19,0.41,0.42,0.4,0.41,672485,,nse_symbols_consolidated.csv,2026-08-19,,1.0,False
107.0,2026-08-19,301.2,304.0,298.0,299.94,3571,,nse_symbols_consolidated.csv,2026-08-19,,1.0,False
109.0,2026-08-19,746.0,773.35,746.0,753.3,541992,,nse_symbols_consolidated.csv,2026-08-19,,1.0,False
110.0,2026-08-19,8.13,8.31,8.11,8.18,62941,,nse_symbols_consolidated.csv,2026-08-19,,1.0,False
111.0,2026-08-19,837.8,849.0,824.75,839.55,14295,,nse_symbols_consolidated.csv,2026-08-19,,1.0,False
112.0,2026-08-19,89.15,89.87,87.8,88.43,236169,,nse_symbols_consolidated.csv,2026-08-19,,1.0,False
165.0,2026-08-19,823.15,824.4,806.25,817.5,98543,,nse_symbols_consolidated.csv,2026-08-19,,1.0,False
113.0,2026-08-19,2986.0,3100.0,2985.0,3034.9,38,,nse_symbols_consolidated.csv,2026-08-19,,1.0,False
114.0,2026-08-19,66.27,67.47,65.45,65.7,999104,,nse_symbols_consolidated.csv,2026-08-19,,1.0,False
115.0,2026-08-19,760.0,762.7,745.05,752.65,36472,,nse_symbols_consolidated.csv,2026-08-19,,1.0,False
116.0,2026-08-19,1398.7,1416.6,1356.3,1369.0,54800,,nse_symbols_consolidated.csv,2026-08-19,,1.0,False
117.0,2026-08-19,67.22,68.5,66.21,68.23,839,,nse_symbols_consolidated.csv,2026-08-19,,1.0,False
118.0,2026-08-19,5475.0,5489.5,5370.0,5382.5,213076,,nse_symbols_consolidated.csv,2026-08-19,,1.0,False
119.0,2026-08-19,1895.0,1990.0,1878.0,1956.1,174877,,nse_symbols_consolidated.csv,2026-08-19,,1.0,False
122.0,2026-08-19,211.5,217.7,209.82,210.53,63087,,nse_symbols_consolidated.csv,2026-08-19,,1.0,False
85.0,2026-08-19,13.25,13.5,13.05,13.12,2613507,,nse_symbols_consolidated.csv,2026-08-19,,1.0,False
120.0,2026-08-19,9.94,10.23,9.9,10.1,11067728,,nse_symbols_consolidated.csv,2026-08-19,,1.0,False
231.0,2026-08-19,23.51,24.16,23.32,23.48,224922,,nse_symbols_consolidated.csv,2026-08-19,,1.0,False
121.0,2026-08-19,810.4,813.55,806.1,812.45,3165,,nse_symbols_consolidated.csv,2026-08-19,,1.0,False
31.0,2026-08-19,614.9,614.9,595.0,598.05,198476,,nse_symbols_consolidated.csv,2026-08-19,,1.0,False
60.0,2026-08-19,111.01,111.01,109.12,109.39,58919,,nse_symbols_consolidated.csv,2026-08-19,,1.0,False
123.0,2026-08-19,14.06,15.0,13.5,13.72,150446,,nse_symbols_consolidated.csv,2026-08-19,,1.0,False
124.0,2026-08-19,11.41,11.52,11.35,11.38,2619244,,nse_symbols_consolidated.csv,2026-08-19,,1.0,False
125.0,2026-08-19,62.56,63.0,60.05,61.08,9967,,nse_symbols_consolidated.csv,2026-08-19,,1.0,False
126.0,2026-08-19,356.0,367.98,335.0,345.41,87241,,nse_symbols_consolidated.csv,2026-08-19,,1.0,False
127.0,2026-08-19,60.77,61.9,58.51,58.88,175751,,nse_symbols_consolidated.csv,2026-08-19,,1.0,False
128.0,2026-08-19,455.0,455.0,442.0,446.6,6116,,nse_symbols_consolidated.csv,2026-08-19,,1.0,False
129.0,2026-08-19,576.0,579.9,548.05,555.6,785085,,nse_symbols_consolidated.csv,2026-08-19,,1.0,False
130.0,2026-08-19,740.45,766.0,736.05,740.15,3658,,nse_symbols_consolidated.csv,2026-08-19,,1.0,False
131.0,2026-08-19,171.99,179.4,167.8,177.63,218312,,nse_symbols_consolidated.csv,2026-08-19,,1.0,False
179.0,2026-08-19,934.75,942.9,925.8,928.55,302381,,nse_symbols_consolidated.csv,2026-08-19,,1.0,False
132.0,2026-08-19,160.0,160.0,150.35,155.16,1537,,nse_symbols_consolidated.csv,2026-08-19,,1.0,False
133.0,2026-08-19,47.9,47.94,45.15,46.32,149485,,nse_symbols_consolidated.csv,2026-08-19,,1.0,False
134.0,2026-08-19,7348.0,7364.5,7205.0,7250.0,231498,,nse_symbols_consolidated.csv,2026-08-19,,1.0,False
135.0,2026-08-19,24.29,25.0,23.85,24.83,16120,,nse_symbols_consolidated.csv,2026-08-19,,1.0,False
136.0,2026-08-19,1610.7,1663.0,1595.1,1648.1,14961,,nse_symbols_consolidated.csv,2026-08-19,,1.0,False
137.0,2026-08-19,412.4,412.4,405.5,407.5,2103066,,nse_symbols_consolidated.csv,2026-08-19,,1.0,False
138.0,2026-08-19,53.35,55.5,52.12,52.69,24594,,nse_symbols_consolidated.csv,2026-08-19,,1.0,False
140.0,2026-08-19,186.61,188.33,180.0,181.66,4179,,nse_symbols_consolidated.csv,2026-08-19,,1.0,False
74.0,2026-08-19,182.0,183.45,176.42,179.3,407703,,nse_symbols_consolidated.csv,2026-08-19,,1.0,False
139.0,2026-08-19,37.82,39.25,37.82,38.66,31570,,nse_symbols_consolidated.csv,2026-08-19,,1.0,False
141.0,2026-08-19,488.25,500.0,488.0,498.8,36135,,nse_symbols_consolidated.csv,2026-08-19,,1.0,False
192.0,2026-08-19,514.5,514.5,492.6,497.45,203569,,nse_symbols_consolidated.csv,2026-08-19,,1.0,False
142.0,2026-08-19,2194.8,2199.8,2145.1,2189.2,193397,,nse_symbols_consolidated.csv,2026-08-19,,1.0,False
143.0,2026-08-19,627.0,640.5,621.0,631.55,4252327,,nse_symbols_consolidated.csv,2026-08-19,,1.0,False
46.0,2026-08-19,46.95,46.95,45.57,46.08,6599,,nse_symbols_consolidated.csv,2026-08-19,,1.0,False
144.0,2026-08-19,62.01,62.02,60.66,61.07,103844,,nse_symbols_consolidated.csv,2026-08-19,,1.0,False
145.0,2026-08-19,100.46,103.9,99.0,99.53,1268483,,nse_symbols_consolidated.csv,2026-08-19,,1.0,False
146.0,2026-08-19,26.5,26.5,25.72,26.0,28910,,nse_symbols_consolidated.csv,2026-08-19,,1.0,False
147.0,2026-08-19,291.75,294.4,288.85,289.5,2506672,,nse_symbols_consolidated.csv,2026-08-19,,1.0,False
148.0,2026-08-19,42.5,44.65,41.6,44.15,18492,,nse_symbols_consolidated.csv,2026-08-19,,1.0,False
161.0,2026-08-19,106.23,107.7,103.0,103.07,2277,,nse_symbols_consolidated.csv,2026-08-19,,1.0,False
149.0,2026-08-19,1.51,1.58,1.51,1.53,67008,,nse_symbols_consolidated.csv,2026-08-19,,1.0,False
89.0,2026-08-19,14.6,14.7,14.38,14.53,2031806,,nse_symbols_consolidated.csv,2026-08-19,,1.0,False
150.0,2026-08-19,9.92,10.2,9.9,9.98,17714,,nse_symbols_consolidated.csv,2026-08-19,,1.0,False
151.0,2026-08-19,163.8,163.8,153.0,153.35,72814,,nse_symbols_consolidated.csv,2026-08-19,,1.0,False
152.0,2026-08-19,3.4,3.4,3.33,3.33,82617,,nse_symbols_consolidated.csv,2026-08-19,,1.0,False
155.0,2026-08-19,0.73,0.75,0.73,0.73,140336,,nse_symbols_consolidated.csv,2026-08-19,,1.0,False
154.0,2026-08-19,863.0,863.0,793.75,798.35,209723,,nse_symbols_consolidated.csv,2026-08-19,,1.0,False
156.0,2026-08-19,897.0,897.0,879.2,881.9,304472,,nse_symbols_consolidated.csv,2026-08-19,,1.0,False
257.0,2026-08-19,378.25,386.0,375.55,381.6,77806,,nse_symbols_consolidated.csv,2026-08-19,,1.0,False
157.0,2026-08-19,76.86,76.86,75.4,75.86,25866,,nse_symbols_consolidated.csv,2026-08-19,,1.0,False
159.0,2026-08-19,1220.0,1243.0,1213.5,1225.4,435478,,nse_symbols_consolidated.csv,2026-08-19,,1.0,False
160.0,2026-08-19,17320.0,17525.0,16461.0,16615.0,168975,,nse_symbols_consolidated.csv,2026-08-19,,1.0,False
162.0,2026-08-19,637.55,637.55,617.0,620.25,146009,,nse_symbols_consolidated.csv,2026-08-19,,1.0,False
163.0,2026-08-19,400.0,423.8,395.1,400.05,1014301,,nse_symbols_consolidated.csv,2026-08-19,,1.0,False
164.0,2026-08-19,2115.0,2121.8,2097.2,2121.8,292451,,nse_symbols_consolidated.csv,2026-08-19,,1.0,False
167.0,2026-08-19,8817.0,8862.5,8695.5,8750.0,298438,,nse_symbols_consolidated.csv,2026-08-19,,1.0,False
166.0,2026-08-19,388.0,393.6,385.0,386.7,3287403,,nse_symbols_consolidated.csv,2026-08-19,,1.0,False
168.0,2026-08-19,551.35,589.0,546.0,576.45,1125051,,nse_symbols_consolidated.csv,2026-08-19,,1.0,False
170.0,2026-08-19,1193.9,1198.9,1182.3,1184.7,276,,nse_symbols_consolidated.csv,2026-08-19,,1.0,False
169.0,2026-08-19,434.5,435.05,426.5,427.35,1931870,,nse_symbols_consolidated.csv,2026-08-19,,1.0,False
172.0,2026-08-19,93.2,95.0,92.11,92.85,49219,,nse_symbols_consolidated.csv,2026-08-19,,1.0,False
173.0,2026-08-19,257.35,257.65,251.1,253.05,400106,,nse_symbols_consolidated.csv,2026-08-19,,1.0,False
174.0,2026-08-19,23.0,24.0,22.99,23.92,2259682,,nse_symbols_consolidated.csv,2026-08-19,,1.0,False
45.0,2026-08-19,515.3,515.9,505.0,506.0,84538,,nse_symbols_consolidated.csv,2026-08-19,,1.0,False
57.0,2026-08-19,69.9,73.39,68.4,71.98,544,,nse_symbols_consolidated.csv,2026-08-19,,1.0,False
175.0,2026-08-19,96.25,99.0,96.0,96.18,19673,,nse_symbols_consolidated.csv,2026-08-19,,1.0,False
176.0,2026-08-19,13.65,13.97,13.65,13.82,9178,,nse_symbols_consolidated.csv,2026-08-19,,1.0,False
177.0,2026-08-19,233.75,233.75,222.07,230.99,526,,nse_symbols_consolidated.csv,2026-08-19,,1.0,False
178.0,2026-08-19,64.19,64.6,62.52,63.38,8831911,,nse_symbols_consolidated.csv,2026-08-19,,1.0,False
181.0,2026-08-19,81.35,83.9,81.35,83.62,1083845,,nse_symbols_consolidated.csv,2026-08-19,,1.0,False
182.0,2026-08-19,446.7,449.65,430.5,438.4,46727,,nse_symbols_consolidated.csv,2026-08-19,,1.0,False
184.0,2026-08-19,73.98,79.0,73.09,77.68,541197,,nse_symbols_consolidated.csv,2026-08-19,,1.0,False
183.0,2026-08-19,1021.1,1059.6,977.0,1029.5,2750,,nse_symbols_consolidated.csv,2026-08-19,,1.0,False
185.0,2026-08-19,250.9,253.3,247.4,248.4,1597,,nse_symbols_consolidated.csv,2026-08-19,,1.0,False
186.0,2026-08-19,136.0,136.97,134.06,136.0,380169,,nse_symbols_consolidated.csv,2026-08-19,,1.0,False
187.0,2026-08-19,130.8,132.15,127.0,127.65,536055,,nse_symbols_consolidated.csv,2026-08-19,,1.0,False
188.0,2026-08-19,1930.3,1965.0,1913.1,1931.6,23796,,nse_symbols_consolidated.csv,2026-08-19,,1.0,False
189.0,2026-08-19,24.66,25.1,24.08,24.9,4241,,nse_symbols_consolidated.csv,2026-08-19,,1.0,False
190.0,2026-08-19,693.75,727.0,693.75,714.15,52790,,nse_symbols_consolidated.csv,2026-08-19,,1.0,False
191.0,2026-08-19,0.92,0.94,0.91,0.91,123430,,nse_symbols_consolidated.csv,2026-08-19,,1.0,False
194.0,2026-08-19,43.23,43.23,41.26,43.19,799,,nse_symbols_consolidated.csv,2026-08-19,,1.0,False
69.0,2026-08-19,15.5,15.55,14.11,14.89,11919,,nse_symbols_consolidated.csv,2026-08-19,,1.0,False
193.0,2026-08-19,311.9,318.0,309.05,313.95,184191,,nse_symbols_consolidated.csv,2026-08-19,,1.0,False
195.0,2026-08-19,180.0,184.9,171.2,174.39,1583,,nse_symbols_consolidated.csv,2026-08-19,,1.0,False
197.0,2026-08-19,438.0,438.0,427.85,429.3,75845,,nse_symbols_consolidated.csv,2026-08-19,,1.0,False
196.0,2026-08-19,528.35,530.75,511.8,516.5,1491724,,nse_symbols_consolidated.csv,2026-08-19,,1.0,False
198.0,2026-08-19,668.15,673.95,660.6,662.6,49923,,nse_symbols_consolidated.csv,2026-08-19,,1.0,False
199.0,2026-08-19,590.0,590.0,583.95,587.0,20,,nse_symbols_consolidated.csv,2026-08-19,,1.0,False
200.0,2026-08-19,974.0,974.0,948.1,957.05,239354,,nse_symbols_consolidated.csv,2026-08-19,,1.0,False
201.0,2026-08-19,345.2,361.7,337.0,357.3,17852,,nse_symbols_consolidated.csv,2026-08-19,,1.0,False
204.0,2026-08-19,595.0,598.1,587.1,589.65,225687,,nse_symbols_consolidated.csv,2026-08-19,,1.0,False
205.0,2026-08-19,365.75,371.0,361.4,368.25,29101,,nse_symbols_consolidated.csv,2026-08-19,,1.0,False
206.0,2026-08-19,438.0,439.0,425.1,428.7,23901,,nse_symbols_consolidated.csv,2026-08-19,,1.0,False
207.0,2026-08-19,17.06,18.2,17.06,17.49,72449,,nse_symbols_consolidated.csv,2026-08-19,,1.0,False
210.0,2026-08-19,175.0,176.1,173.1,173.1,10072866,,nse_symbols_consolidated.csv,2026-08-19,,1.0,False
208.0,2026-08-19,111.7,112.68,111.3,111.6,287864,,nse_symbols_consolidated.csv,2026-08-19,,1.0,False
209.0,2026-08-19,13.6,13.61,13.0,13.39,19711,,nse_symbols_consolidated.csv,2026-08-19,,1.0,False
211.0,2026-08-19,466.0,483.85,461.0,478.75,1461296,,nse_symbols_consolidated.csv,2026-08-19,,1.0,False
214.0,2026-08-19,46.1,48.27,44.51,46.04,11179143,,nse_symbols_consolidated.csv,2026-08-19,,1.0,False
91.0,2026-08-19,139.54,143.4,139.5,139.73,1510,,nse_symbols_consolidated.csv,2026-08-19,,1.0,False
212.0,2026-08-19,303.6,303.6,291.9,297.8,10257,,nse_symbols_consolidated.csv,2026-08-19,,1.0,False
93.0,2026-08-19,536.0,536.1,526.0,536.1,148,,nse_symbols_consolidated.csv,2026-08-19,,1.0,False
213.0,2026-08-19,2625.0,2634.9,2601.0,2630.8,742443,,nse_symbols_consolidated.csv,2026-08-19,,1.0,False
220.0,2026-08-19,619.0,619.0,574.4,583.05,194,,nse_symbols_consolidated.csv,2026-08-19,,1.0,False
215.0,2026-08-19,9.0,9.7,8.8,9.03,11910,,nse_symbols_consolidated.csv,2026-08-19,,1.0,False
216.0,2026-08-19,642.2,651.5,640.55,646.35,243997,,nse_symbols_consolidated.csv,2026-08-19,,1.0,False
218.0,2026-08-19,236.01,236.15,234.95,235.41,191,,nse_symbols_consolidated.csv,2026-08-19,,1.0,False
203.0,2026-08-19,721.9,732.9,710.0,718.15,31384,,nse_symbols_consolidated.csv,2026-08-19,,1.0,False
221.0,2026-08-19,585.5,623.8,585.5,603.8,156684,,nse_symbols_consolidated.csv,2026-08-19,,1.0,False
222.0,2026-08-19,779.9,835.0,766.1,800.2,73948298,,nse_symbols_consolidated.csv,2026-08-19,,1.0,False
224.0,2026-08-19,1777.1,1798.4,1690.1,1701.1,416834,,nse_symbols_consolidated.csv,2026-08-19,,1.0,False
223.0,2026-08-19,1535.7,1577.0,1516.2,1544.9,385557,,nse_symbols_consolidated.csv,2026-08-19,,1.0,False
225.0,2026-08-19,7680.0,7738.5,7481.0,7500.5,53650,,nse_symbols_consolidated.csv,2026-08-19,,1.0,False
226.0,2026-08-19,3.41,3.41,3.18,3.18,26871,,nse_symbols_consolidated.csv,2026-08-19,,1.0,False
227.0,2026-08-19,33.99,34.28,32.93,33.18,16506363,,nse_symbols_consolidated.csv,2026-08-19,,1.0,False
228.0,2026-08-19,61.0,61.0,58.6,59.36,7496,,nse_symbols_consolidated.csv,2026-08-19,,1.0,False
230.0,2026-08-19,1468.1,1473.3,1431.0,1438.2,1688332,,nse_symbols_consolidated.csv,2026-08-19,,1.0,False
233.0,2026-08-19,1809.2,1809.2,1705.1,1716.5,193933,,nse_symbols_consolidated.csv,2026-08-19,,1.0,False
232.0,2026-08-19,39.9,40.05,38.5,38.95,37685,,nse_symbols_consolidated.csv,2026-08-19,,1.0,False
234.0,2026-08-19,96.6,98.44,96.5,97.0,1722,,nse_symbols_consolidated.csv,2026-08-19,,1.0,False
236.0,2026-08-19,495.75,495.75,488.2,489.1,60495,,nse_symbols_consolidated.csv,2026-08-19,,1.0,False
235.0,2026-08-19,6639.5,6668.0,6522.0,6596.0,32042,,nse_symbols_consolidated.csv,2026-08-19,,1.0,False
237.0,2026-08-19,1071.0,1080.9,1063.7,1075.0,1035506,,nse_symbols_consolidated.csv,2026-08-19,,1.0,False
238.0,2026-08-19,712.9,719.55,681.0,684.45,227818,,nse_symbols_consolidated.csv,2026-08-19,,1.0,False
239.0,2026-08-19,1645.0,1645.0,1611.7,1624.5,752484,,nse_symbols_consolidated.csv,2026-08-19,,1.0,False
240.0,2026-08-19,228.5,231.69,225.02,229.73,86298,,nse_symbols_consolidated.csv,2026-08-19,,1.0,False
241.0,2026-08-19,4.72,4.8,4.55,4.66,17364,,nse_symbols_consolidated.csv,2026-08-19,,1.0,False
242.0,2026-08-19,146.4,148.9,142.1,146.4,2108,,nse_symbols_consolidated.csv,2026-08-19,,1.0,False
243.0,2026-08-19,111.5,133.9,111.5,121.3,12941,,nse_symbols_consolidated.csv,2026-08-19,,1.0,False
95.0,2026-08-19,553.25,571.2,542.6,550.5,1020291,,nse_symbols_consolidated.csv,2026-08-19,,1.0,False
245.0,2026-08-19,84.27,88.0,84.27,85.04,382853,,nse_symbols_consolidated.csv,2026-08-19,,1.0,False
44.0,2026-08-19,1780.2,1814.9,1780.0,1793.0,257,,nse_symbols_consolidated.csv,2026-08-19,,1.0,False
244.0,2026-08-19,1794.7,1794.7,1755.2,1759.7,4594,,nse_symbols_consolidated.csv,2026-08-19,,1.0,False
202.0,2026-08-19,499.55,508.7,494.4,496.25,12475,,nse_symbols_consolidated.csv,2026-08-19,,1.0,False
246.0,2026-08-19,711.3,764.0,696.15,743.9,856332,,nse_symbols_consolidated.csv,2026-08-19,,1.0,False
247.0,2026-08-19,2199.9,2269.4,2070.0,2245.6,931710,,nse_symbols_consolidated.csv,2026-08-19,,1.0,False
248.0,2026-08-19,0.92,0.93,0.9,0.9,2676392,,nse_symbols_consolidated.csv,2026-08-19,,1.0,False
249.0,2026-08-19,163.8,165.1,162.01,163.86,1118755,,nse_symbols_consolidated.csv,2026-08-19,,1.0,False
250.0,2026-08-19,862.0,878.4,852.0,860.6,208261,,nse_symbols_consolidated.csv,2026-08-19,,1.0,False
609.0,2026-08-19,3988.8,4024.7,3965.0,3965.0,214608,,nse_symbols_consolidated.csv,2026-08-19,,1.0,False
430.0,2026-08-19,15.08,15.28,14.84,14.89,9027765,,nse_symbols_consolidated.csv,2026-08-19,,1.0,False
251.0,2026-08-19,193.54,200.0,192.15,196.23,5626,,nse_symbols_consolidated.csv,2026-08-19,,1.0,False
217.0,2026-08-19,7.04,7.16,6.95,7.03,134094,,nse_symbols_consolidated.csv,2026-08-19,,1.0,False
253.0,2026-08-19,13.57,13.65,12.97,13.03,244813,,nse_symbols_consolidated.csv,2026-08-19,,1.0,False
254.0,2026-08-19,8.63,9.83,8.42,9.54,1245153,,nse_symbols_consolidated.csv,2026-08-19,,1.0,False
255.0,2026-08-19,88.15,90.0,85.3,86.59,528304,,nse_symbols_consolidated.csv,2026-08-19,,1.0,False
256.0,2026-08-19,265.0,269.2,264.85,266.45,140063,,nse_symbols_consolidated.csv,2026-08-19,,1.0,False
258.0,2026-08-19,189.7,191.27,186.96,188.72,1235686,,nse_symbols_consolidated.csv,2026-08-19,,1.0,False
259.0,2026-08-19,1243.1,1245.0,1224.0,1235.0,3061937,,nse_symbols_consolidated.csv,2026-08-19,,1.0,False
260.0,2026-08-19,1619.0,1619.0,1561.6,1592.8,166468,,nse_symbols_consolidated.csv,2026-08-19,,1.0,False
261.0,2026-08-19,7.38,7.38,7.27,7.27,172399,,nse_symbols_consolidated.csv,2026-08-19,,1.0,False
262.0,2026-08-19,411.0,417.05,401.25,406.6,3012,,nse_symbols_consolidated.csv,2026-08-19,,1.0,False
263.0,2026-08-19,173.77,174.0,168.54,170.34,240578,,nse_symbols_consolidated.csv,2026-08-19,,1.0,False
264.0,2026-08-19,267.45,275.9,263.35,265.2,41511,,nse_symbols_consolidated.csv,2026-08-19,,1.0,False
265.0,2026-08-19,2870.9,2901.1,2802.2,2828.4,377114,,nse_symbols_consolidated.csv,2026-08-19,,1.0,False
266.0,2026-08-19,91.01,93.7,90.9,91.74,24680,,nse_symbols_consolidated.csv,2026-08-19,,1.0,False
379.0,2026-08-19,401.0,415.7,401.0,414.4,8,,nse_symbols_consolidated.csv,2026-08-19,,1.0,False
310.0,2026-08-19,260.0,260.0,243.01,246.04,88133,,nse_symbols_consolidated.csv,2026-08-19,,1.0,False
268.0,2026-08-19,4.48,4.48,4.4,4.43,46337,,nse_symbols_consolidated.csv,2026-08-19,,1.0,False
366.0,2026-08-19,52.54,53.1,51.9,52.04,143206,,nse_symbols_consolidated.csv,2026-08-19,,1.0,False
2158.0,2026-08-19,414.0,422.75,410.0,422.75,3147338,,nse_symbols_consolidated.csv,2026-08-19,,1.0,False
267.0,2026-08-19,242.55,242.55,242.55,242.55,4244,,nse_symbols_consolidated.csv,2026-08-19,,1.0,False
269.0,2026-08-19,9.87,9.87,9.62,9.69,39622,,nse_symbols_consolidated.csv,2026-08-19,,1.0,False
270.0,2026-08-19,11607.0,11722.0,11534.0,11645.0,222810,,nse_symbols_consolidated.csv,2026-08-19,,1.0,False
271.0,2026-08-19,485.4,506.7,477.05,500.7,964461,,nse_symbols_consolidated.csv,2026-08-19,,1.0,False
272.0,2026-08-19,355.55,358.4,350.2,353.55,125708,,nse_symbols_consolidated.csv,2026-08-19,,1.0,False
281.0,2026-08-19,1093.9,1093.9,1076.4,1080.2,2877930,,nse_symbols_consolidated.csv,2026-08-19,,1.0,False
273.0,2026-08-19,2002.1,2013.0,1985.0,2012.0,920207,,nse_symbols_consolidated.csv,2026-08-19,,1.0,False
274.0,2026-08-19,323.9,323.9,317.0,319.25,63963,,nse_symbols_consolidated.csv,2026-08-19,,1.0,False
276.0,2026-08-19,18.6,21.28,18.54,20.38,176515155,,nse_symbols_consolidated.csv,2026-08-19,,1.0,False
277.0,2026-08-19,11264.0,11383.0,11234.0,11380.0,25169,,nse_symbols_consolidated.csv,2026-08-19,,1.0,False
275.0,2026-08-19,84.0,85.16,83.85,85.01,2898978,,nse_symbols_consolidated.csv,2026-08-19,,1.0,False
279.0,2026-08-19,366.6,369.0,353.05,355.95,7853,,nse_symbols_consolidated.csv,2026-08-19,,1.0,False
280.0,2026-08-19,183.22,185.0,180.0,180.22,74158,,nse_symbols_consolidated.csv,2026-08-19,,1.0,False
289.0,2026-08-19,85.0,86.06,84.3,84.82,4444,,nse_symbols_consolidated.csv,2026-08-19,,1.0,False
284.0,2026-08-19,2117.0,2130.0,2057.0,2092.7,114417,,nse_symbols_consolidated.csv,2026-08-19,,1.0,False
283.0,2026-08-19,92.79,93.89,90.55,91.46,121922,,nse_symbols_consolidated.csv,2026-08-19,,1.0,False
285.0,2026-08-19,24.25,24.3,23.32,23.79,30405,,nse_symbols_consolidated.csv,2026-08-19,,1.0,False
287.0,2026-08-19,2380.0,2389.5,2347.2,2366.4,96953,,nse_symbols_consolidated.csv,2026-08-19,,1.0,False
286.0,2026-08-19,18.0,18.0,17.16,17.23,24821,,nse_symbols_consolidated.csv,2026-08-19,,1.0,False
288.0,2026-08-19,174.0,175.19,173.0,173.61,76239,,nse_symbols_consolidated.csv,2026-08-19,,1.0,False
364.0,2026-08-19,71.3,71.69,70.91,71.14,56460,,nse_symbols_consolidated.csv,2026-08-19,,1.0,False
290.0,2026-08-19,651.55,667.7,648.0,650.8,1617563,,nse_symbols_consolidated.csv,2026-08-19,,1.0,False
291.0,2026-08-19,542.1,547.0,533.4,537.5,935580,,nse_symbols_consolidated.csv,2026-08-19,,1.0,False
292.0,2026-08-19,113.4,114.0,112.13,112.41,501,,nse_symbols_consolidated.csv,2026-08-19,,1.0,False
294.0,2026-08-19,631.0,631.0,621.0,622.75,55044,,nse_symbols_consolidated.csv,2026-08-19,,1.0,False
295.0,2026-08-19,170.51,170.89,167.64,169.2,4976272,,nse_symbols_consolidated.csv,2026-08-19,,1.0,False
296.0,2026-08-19,29.54,29.54,28.5,29.06,14556,,nse_symbols_consolidated.csv,2026-08-19,,1.0,False
298.0,2026-08-19,244.07,245.55,243.15,245.0,6256020,,nse_symbols_consolidated.csv,2026-08-19,,1.0,False
299.0,2026-08-19,142.1,143.2,141.15,141.7,5252432,,nse_symbols_consolidated.csv,2026-08-19,,1.0,False
1346.0,2026-08-19,80.72,80.73,79.6,79.82,6506548,,nse_symbols_consolidated.csv,2026-08-19,,1.0,False
297.0,2026-08-19,82.55,84.6,77.16,78.4,3841,,nse_symbols_consolidated.csv,2026-08-19,,1.0,False
303.0,2026-08-19,25.12,25.25,24.65,24.76,22920,,nse_symbols_consolidated.csv,2026-08-19,,1.0,False
293.0,2026-08-19,3573.0,3721.0,3485.9,3617.4,4672,,nse_symbols_consolidated.csv,2026-08-19,,1.0,False
300.0,2026-08-19,323.65,324.5,320.0,322.85,44770,,nse_symbols_consolidated.csv,2026-08-19,,1.0,False
301.0,2026-08-19,115.32,117.38,115.0,115.45,5205,,nse_symbols_consolidated.csv,2026-08-19,,1.0,False
409.0,2026-08-19,40.8,40.94,40.22,40.41,7283,,nse_symbols_consolidated.csv,2026-08-19,,1.0,False
302.0,2026-08-19,3990.0,3990.0,3911.4,3930.0,15085,,nse_symbols_consolidated.csv,2026-08-19,,1.0,False
304.0,2026-08-19,730.0,730.0,710.15,721.3,770121,,nse_symbols_consolidated.csv,2026-08-19,,1.0,False
305.0,2026-08-19,88.72,89.0,85.0,85.53,18057,,nse_symbols_consolidated.csv,2026-08-19,,1.0,False
306.0,2026-08-19,4108.8,4125.1,4055.0,4069.9,10990,,nse_symbols_consolidated.csv,2026-08-19,,1.0,False
312.0,2026-08-19,36.27,36.59,35.78,35.82,465828,,nse_symbols_consolidated.csv,2026-08-19,,1.0,False
314.0,2026-08-19,70.79,70.85,69.36,69.52,3871,,nse_symbols_consolidated.csv,2026-08-19,,1.0,False
316.0,2026-08-19,25.59,27.0,24.6,25.05,25021,,nse_symbols_consolidated.csv,2026-08-19,,1.0,False
318.0,2026-08-19,112.0,118.0,112.0,112.05,1158,,nse_symbols_consolidated.csv,2026-08-19,,1.0,False
319.0,2026-08-19,415.0,434.0,415.0,427.3,429,,nse_symbols_consolidated.csv,2026-08-19,,1.0,False
363.0,2026-08-19,465.0,537.0,458.7,502.2,37618013,,nse_symbols_consolidated.csv,2026-08-19,,1.0,False
321.0,2026-08-19,224.15,227.67,221.0,223.98,12452,,nse_symbols_consolidated.csv,2026-08-19,,1.0,False
322.0,2026-08-19,237.02,237.59,232.2,233.01,3366246,,nse_symbols_consolidated.csv,2026-08-19,,1.0,False
361.0,2026-08-19,171.42,171.42,167.0,168.45,16048,,nse_symbols_consolidated.csv,2026-08-19,,1.0,False
323.0,2026-08-19,1975.2,1984.0,1924.0,1966.9,421551,,nse_symbols_consolidated.csv,2026-08-19,,1.0,False
324.0,2026-08-19,10050.0,10500.0,10000.0,10189.0,160,,nse_symbols_consolidated.csv,2026-08-19,,1.0,False
325.0,2026-08-19,6250.0,6250.0,6153.0,6201.5,109,,nse_symbols_consolidated.csv,2026-08-19,,1.0,False
327.0,2026-08-19,538.0,544.5,531.0,535.9,344433,,nse_symbols_consolidated.csv,2026-08-19,,1.0,False
328.0,2026-08-19,18.5,18.65,18.13,18.31,673796,,nse_symbols_consolidated.csv,2026-08-19,,1.0,False
329.0,2026-08-19,2356.0,2451.0,2345.0,2399.2,24209,,nse_symbols_consolidated.csv,2026-08-19,,1.0,False
330.0,2026-08-19,463.25,464.15,437.5,447.15,34196,,nse_symbols_consolidated.csv,2026-08-19,,1.0,False
331.0,2026-08-19,533.25,534.95,527.0,530.65,29182,,nse_symbols_consolidated.csv,2026-08-19,,1.0,False
332.0,2026-08-19,244.15,250.0,241.0,246.55,17679,,nse_symbols_consolidated.csv,2026-08-19,,1.0,False
334.0,2026-08-19,203.8,206.35,203.1,204.4,14153,,nse_symbols_consolidated.csv,2026-08-19,,1.0,False
333.0,2026-08-19,286.7,292.0,281.65,287.4,54351,,nse_symbols_consolidated.csv,2026-08-19,,1.0,False
335.0,2026-08-19,409.0,409.0,381.0,382.4,274120,,nse_symbols_consolidated.csv,2026-08-19,,1.0,False
336.0,2026-08-19,3.09,3.09,3.01,3.04,146191,,nse_symbols_consolidated.csv,2026-08-19,,1.0,False
326.0,2026-08-19,122.16,122.8,118.45,119.05,641179,,nse_symbols_consolidated.csv,2026-08-19,,1.0,False
307.0,2026-08-19,2349.9,2349.9,2301.1,2304.4,15997,,nse_symbols_consolidated.csv,2026-08-19,,1.0,False
337.0,2026-08-19,33.1,33.36,32.9,32.94,4147797,,nse_symbols_consolidated.csv,2026-08-19,,1.0,False
315.0,2026-08-19,1393.0,1401.7,1347.4,1349.0,1670098,,nse_symbols_consolidated.csv,2026-08-19,,1.0,False
320.0,2026-08-19,412.0,412.75,406.4,409.2,10660149,,nse_symbols_consolidated.csv,2026-08-19,,1.0,False
338.0,2026-08-19,2090.0,2095.0,2048.6,2069.0,1263394,,nse_symbols_consolidated.csv,2026-08-19,,1.0,False
339.0,2026-08-19,102.0,103.45,100.7,101.96,5483,,nse_symbols_consolidated.csv,2026-08-19,,1.0,False
392.0,2026-08-19,1299.8,1325.0,1216.3,1274.3,190,,nse_symbols_consolidated.csv,2026-08-19,,1.0,False
390.0,2026-08-19,310.3,311.85,304.7,307.0,4757433,,nse_symbols_consolidated.csv,2026-08-19,,1.0,False
340.0,2026-08-19,1284.1,1297.9,1266.0,1278.4,8522,,nse_symbols_consolidated.csv,2026-08-19,,1.0,False
398.0,2026-08-19,17.3,17.57,17.3,17.45,17197,,nse_symbols_consolidated.csv,2026-08-19,,1.0,False
341.0,2026-08-19,240.91,240.91,224.99,227.19,441229,,nse_symbols_consolidated.csv,2026-08-19,,1.0,False
342.0,2026-08-19,189.26,191.28,186.0,186.33,80119,,nse_symbols_consolidated.csv,2026-08-19,,1.0,False
343.0,2026-08-19,1924.8,1941.8,1922.0,1922.0,6252338,,nse_symbols_consolidated.csv,2026-08-19,,1.0,False
344.0,2026-08-19,1600.9,1615.0,1581.1,1596.3,51641,,nse_symbols_consolidated.csv,2026-08-19,,1.0,False
349.0,2026-08-19,848.85,855.0,829.65,842.6,8355,,nse_symbols_consolidated.csv,2026-08-19,,1.0,False
345.0,2026-08-19,425.0,425.15,414.3,419.8,5840962,,nse_symbols_consolidated.csv,2026-08-19,,1.0,False
405.0,2026-08-19,44.0,44.0,42.36,43.12,6016,,nse_symbols_consolidated.csv,2026-08-19,,1.0,False
347.0,2026-08-19,44.05,44.72,43.2,43.39,58659,,nse_symbols_consolidated.csv,2026-08-19,,1.0,False
348.0,2026-08-19,606.15,613.65,606.15,609.15,28502,,nse_symbols_consolidated.csv,2026-08-19,,1.0,False
350.0,2026-08-19,4.2,4.25,4.06,4.1,3778,,nse_symbols_consolidated.csv,2026-08-19,,1.0,False
346.0,2026-08-19,103.04,111.51,91.25,91.66,1005935,,nse_symbols_consolidated.csv,2026-08-19,,1.0,False
864.0,2026-08-19,193.7,198.18,193.5,194.14,27442709,,nse_symbols_consolidated.csv,2026-08-19,,1.0,False
351.0,2026-08-19,621.0,643.9,616.05,624.55,402,,nse_symbols_consolidated.csv,2026-08-19,,1.0,False
352.0,2026-08-19,416.55,417.75,411.0,412.75,1683297,,nse_symbols_consolidated.csv,2026-08-19,,1.0,False
353.0,2026-08-19,31.5,31.96,30.5,30.91,6400,,nse_symbols_consolidated.csv,2026-08-19,,1.0,False
354.0,2026-08-19,295.5,298.4,280.55,284.77,110505,,nse_symbols_consolidated.csv,2026-08-19,,1.0,False
355.0,2026-08-19,890.3,897.35,877.0,884.9,94608,,nse_symbols_consolidated.csv,2026-08-19,,1.0,False
358.0,2026-08-19,36.79,37.2,35.65,36.63,30143,,nse_symbols_consolidated.csv,2026-08-19,,1.0,False
357.0,2026-08-19,1582.3,1625.0,1553.6,1560.5,6465,,nse_symbols_consolidated.csv,2026-08-19,,1.0,False
403.0,2026-08-19,307.4,311.8,305.05,305.9,657008,,nse_symbols_consolidated.csv,2026-08-19,,1.0,False
308.0,2026-08-19,781.25,793.95,761.1,767.75,256114,,nse_symbols_consolidated.csv,2026-08-19,,1.0,False
360.0,2026-08-19,107.0,112.0,105.52,110.88,27930,,nse_symbols_consolidated.csv,2026-08-19,,1.0,False
359.0,2026-08-19,595.0,628.95,585.4,616.35,3425004,,nse_symbols_consolidated.csv,2026-08-19,,1.0,False
362.0,2026-08-19,16.24,16.4,16.02,16.16,238169,,nse_symbols_consolidated.csv,2026-08-19,,1.0,False
365.0,2026-08-19,565.0,573.8,554.1,573.8,1030454,,nse_symbols_consolidated.csv,2026-08-19,,1.0,False
368.0,2026-08-19,309.0,317.75,308.55,314.1,189004,,nse_symbols_consolidated.csv,2026-08-19,,1.0,False
367.0,2026-08-19,269.07,272.57,265.36,271.37,1243199,,nse_symbols_consolidated.csv,2026-08-19,,1.0,False
369.0,2026-08-19,1.9,1.9,1.9,1.9,7570,,nse_symbols_consolidated.csv,2026-08-19,,1.0,False
370.0,2026-08-19,22.86,22.98,22.1,22.36,1565205,,nse_symbols_consolidated.csv,2026-08-19,,1.0,False
371.0,2026-08-19,23.19,24.34,22.54,24.3,3403,,nse_symbols_consolidated.csv,2026-08-19,,1.0,False
372.0,2026-08-19,5110.5,5122.5,5050.0,5067.0,5868,,nse_symbols_consolidated.csv,2026-08-19,,1.0,False
373.0,2026-08-19,607.95,611.25,590.9,592.3,449751,,nse_symbols_consolidated.csv,2026-08-19,,1.0,False
374.0,2026-08-19,1498.8,1501.1,1478.0,1493.2,292749,,nse_symbols_consolidated.csv,2026-08-19,,1.0,False
375.0,2026-08-19,825.0,837.5,810.0,816.2,660504,,nse_symbols_consolidated.csv,2026-08-19,,1.0,False
376.0,2026-08-19,111.25,120.76,110.0,119.86,872674,,nse_symbols_consolidated.csv,2026-08-19,,1.0,False
377.0,2026-08-19,57.02,60.0,56.7,57.18,133072,,nse_symbols_consolidated.csv,2026-08-19,,1.0,False
378.0,2026-08-19,231.7,240.0,221.65,238.75,2568,,nse_symbols_consolidated.csv,2026-08-19,,1.0,False
380.0,2026-08-19,68.94,72.0,68.25,71.75,286961,,nse_symbols_consolidated.csv,2026-08-19,,1.0,False
404.0,2026-08-19,8.9,9.07,8.5,8.72,1743868,,nse_symbols_consolidated.csv,2026-08-19,,1.0,False
381.0,2026-08-19,14.99,16.0,14.15,14.74,14346,,nse_symbols_consolidated.csv,2026-08-19,,1.0,False
309.0,2026-08-19,1473.2,1476.7,1442.0,1445.0,42832,,nse_symbols_consolidated.csv,2026-08-19,,1.0,False
382.0,2026-08-19,114.5,115.1,111.0,111.57,518025,,nse_symbols_consolidated.csv,2026-08-19,,1.0,False
401.0,2026-08-19,87.95,91.98,87.77,88.72,10820,,nse_symbols_consolidated.csv,2026-08-19,,1.0,False
383.0,2026-08-19,44.4,44.4,40.4,41.54,7169,,nse_symbols_consolidated.csv,2026-08-19,,1.0,False
384.0,2026-08-19,317.25,317.25,306.5,309.15,26897,,nse_symbols_consolidated.csv,2026-08-19,,1.0,False
385.0,2026-08-19,250.45,252.95,245.58,248.11,82607,,nse_symbols_consolidated.csv,2026-08-19,,1.0,False
386.0,2026-08-19,561.55,565.3,546.6,549.7,336191,,nse_symbols_consolidated.csv,2026-08-19,,1.0,False
387.0,2026-08-19,130.9,131.01,127.92,128.96,49197,,nse_symbols_consolidated.csv,2026-08-19,,1.0,False
388.0,2026-08-19,1732.1,1770.0,1699.3,1762.6,59313,,nse_symbols_consolidated.csv,2026-08-19,,1.0,False
389.0,2026-08-19,48730.0,49130.0,48315.0,48460.0,52957,,nse_symbols_consolidated.csv,2026-08-19,,1.0,False
391.0,2026-08-19,50.8,50.8,49.9,50.33,22080,,nse_symbols_consolidated.csv,2026-08-19,,1.0,False
393.0,2026-08-19,184.0,184.0,168.5,170.5,11764,,nse_symbols_consolidated.csv,2026-08-19,,1.0,False
737.0,2026-08-19,205.6,206.35,194.34,196.5,3007970,,nse_symbols_consolidated.csv,2026-08-19,,1.0,False
313.0,2026-08-19,155.8,161.99,155.8,159.7,8177,,nse_symbols_consolidated.csv,2026-08-19,,1.0,False
394.0,2026-08-19,589.05,594.05,582.15,587.7,228030,,nse_symbols_consolidated.csv,2026-08-19,,1.0,False
395.0,2026-08-19,60.9,61.37,60.26,60.65,58762,,nse_symbols_consolidated.csv,2026-08-19,,1.0,False
396.0,2026-08-19,253.86,259.0,221.0,242.35,744,,nse_symbols_consolidated.csv,2026-08-19,,1.0,False
311.0,2026-08-19,9.31,9.38,9.14,9.15,4590438,,nse_symbols_consolidated.csv,2026-08-19,,1.0,False
397.0,2026-08-19,5495.0,5550.0,5453.0,5453.0,251106,,nse_symbols_consolidated.csv,2026-08-19,,1.0,False
399.0,2026-08-19,60.0,61.0,58.75,59.08,16196,,nse_symbols_consolidated.csv,2026-08-19,,1.0,False
400.0,2026-08-19,3317.0,3395.0,3291.7,3352.0,4767443,,nse_symbols_consolidated.csv,2026-08-19,,1.0,False
402.0,2026-08-19,122.01,123.5,120.5,121.23,2317,,nse_symbols_consolidated.csv,2026-08-19,,1.0,False
408.0,2026-08-19,652.15,659.4,650.1,654.5,7521,,nse_symbols_consolidated.csv,2026-08-19,,1.0,False
407.0,2026-08-19,15.72,15.72,15.72,15.72,4369,,nse_symbols_consolidated.csv,2026-08-19,,1.0,False
454.0,2026-08-19,151.24,151.24,136.62,140.73,508,,nse_symbols_consolidated.csv,2026-08-19,,1.0,False
1381.0,2026-08-19,1012.4,1012.6,999.1,1007.6,77036,,nse_symbols_consolidated.csv,2026-08-19,,1.0,False
478.0,2026-08-19,529.0,534.6,511.0,514.5,673167,,nse_symbols_consolidated.csv,2026-08-19,,1.0,False
411.0,2026-08-19,28.45,28.47,28.05,28.47,253243,,nse_symbols_consolidated.csv,2026-08-19,,1.0,False
526.0,2026-08-19,44.94,44.94,43.0,44.94,115442,,nse_symbols_consolidated.csv,2026-08-19,,1.0,False
412.0,2026-08-19,110.4,110.4,105.0,106.15,1192215,,nse_symbols_consolidated.csv,2026-08-19,,1.0,False
413.0,2026-08-19,216.63,225.0,215.8,222.54,955590,,nse_symbols_consolidated.csv,2026-08-19,,1.0,False
416.0,2026-08-19,818.85,824.15,815.0,817.65,136451,,nse_symbols_consolidated.csv,2026-08-19,,1.0,False
415.0,2026-08-19,129.1,129.4,128.1,129.08,7255746,,nse_symbols_consolidated.csv,2026-08-19,,1.0,False
417.0,2026-08-19,149.26,153.51,148.19,151.63,511276,,nse_symbols_consolidated.csv,2026-08-19,,1.0,False
513.0,2026-08-19,254.0,254.4,249.65,250.75,374322,,nse_symbols_consolidated.csv,2026-08-19,,1.0,False
418.0,2026-08-19,229.45,234.87,228.11,232.12,1152604,,nse_symbols_consolidated.csv,2026-08-19,,1.0,False
419.0,2026-08-19,209.11,209.25,204.3,205.53,201920,,nse_symbols_consolidated.csv,2026-08-19,,1.0,False
420.0,2026-08-19,513.45,523.6,508.05,510.15,181534,,nse_symbols_consolidated.csv,2026-08-19,,1.0,False
469.0,2026-08-19,20.7,21.22,20.35,20.4,33946,,nse_symbols_consolidated.csv,2026-08-19,,1.0,False
421.0,2026-08-19,285.15,292.05,285.0,287.6,22189,,nse_symbols_consolidated.csv,2026-08-19,,1.0,False
423.0,2026-08-19,21.79,21.79,20.34,20.49,39314,,nse_symbols_consolidated.csv,2026-08-19,,1.0,False
422.0,2026-08-19,2530.0,2589.0,2516.3,2571.0,77302,,nse_symbols_consolidated.csv,2026-08-19,,1.0,False
452.0,2026-08-19,225.0,231.2,224.38,226.23,2959311,,nse_symbols_consolidated.csv,2026-08-19,,1.0,False
510.0,2026-08-19,68.0,69.74,66.69,68.06,153649,,nse_symbols_consolidated.csv,2026-08-19,,1.0,False
424.0,2026-08-19,1125.9,1129.8,1084.4,1087.2,162917,,nse_symbols_consolidated.csv,2026-08-19,,1.0,False
425.0,2026-08-19,1738.4,1738.4,1703.0,1706.7,58016,,nse_symbols_consolidated.csv,2026-08-19,,1.0,False
509.0,2026-08-19,207.95,208.72,202.74,205.47,7049,,nse_symbols_consolidated.csv,2026-08-19,,1.0,False
426.0,2026-08-19,514.0,522.5,506.5,518.85,105556,,nse_symbols_consolidated.csv,2026-08-19,,1.0,False
427.0,2026-08-19,2800.0,2822.4,2770.0,2783.5,154924,,nse_symbols_consolidated.csv,2026-08-19,,1.0,False
428.0,2026-08-19,1183.3,1187.0,1164.2,1181.9,48175,,nse_symbols_consolidated.csv,2026-08-19,,1.0,False
429.0,2026-08-19,187.2,190.9,186.85,188.75,5360631,,nse_symbols_consolidated.csv,2026-08-19,,1.0,False
433.0,2026-08-19,1140.4,1140.4,1119.0,1124.6,104901,,nse_symbols_consolidated.csv,2026-08-19,,1.0,False
435.0,2026-08-19,3601.0,3607.2,3524.8,3534.8,63735,,nse_symbols_consolidated.csv,2026-08-19,,1.0,False
436.0,2026-08-19,312.2,316.55,306.8,313.65,748158,,nse_symbols_consolidated.csv,2026-08-19,,1.0,False
437.0,2026-08-19,784.0,788.2,760.0,763.7,35769,,nse_symbols_consolidated.csv,2026-08-19,,1.0,False
438.0,2026-08-19,6.85,7.1,6.7,6.86,54065,,nse_symbols_consolidated.csv,2026-08-19,,1.0,False
439.0,2026-08-19,362.6,365.75,357.0,358.8,249962,,nse_symbols_consolidated.csv,2026-08-19,,1.0,False
440.0,2026-08-19,1324.0,1334.0,1257.8,1265.7,344424,,nse_symbols_consolidated.csv,2026-08-19,,1.0,False
443.0,2026-08-19,31.0,31.07,30.9,30.91,2621532,,nse_symbols_consolidated.csv,2026-08-19,,1.0,False
434.0,2026-08-19,1340.6,1345.0,1325.0,1329.0,560859,,nse_symbols_consolidated.csv,2026-08-19,,1.0,False
479.0,2026-08-19,232.4,241.5,224.96,238.14,3273203,,nse_symbols_consolidated.csv,2026-08-19,,1.0,False
444.0,2026-08-19,24.33,24.33,23.75,23.9,178770,,nse_symbols_consolidated.csv,2026-08-19,,1.0,False
445.0,2026-08-19,3469.0,3522.4,3342.0,3368.9,85384,,nse_symbols_consolidated.csv,2026-08-19,,1.0,False
441.0,2026-08-19,579.95,580.0,566.55,569.9,22805,,nse_symbols_consolidated.csv,2026-08-19,,1.0,False
442.0,2026-08-19,22.0,22.5,21.6,22.08,765319,,nse_symbols_consolidated.csv,2026-08-19,,1.0,False
446.0,2026-08-19,756.3,759.95,740.2,747.0,47383,,nse_symbols_consolidated.csv,2026-08-19,,1.0,False
447.0,2026-08-19,5792.5,5838.5,5650.0,5691.5,5531,,nse_symbols_consolidated.csv,2026-08-19,,1.0,False
448.0,2026-08-19,2.58,2.7,2.52,2.7,52791,,nse_symbols_consolidated.csv,2026-08-19,,1.0,False
449.0,2026-08-19,162.0,162.26,158.5,159.66,2882634,,nse_symbols_consolidated.csv,2026-08-19,,1.0,False
453.0,2026-08-19,885.85,886.0,860.2,863.05,4061889,,nse_symbols_consolidated.csv,2026-08-19,,1.0,False
455.0,2026-08-19,835.0,855.0,821.15,848.05,98895,,nse_symbols_consolidated.csv,2026-08-19,,1.0,False
477.0,2026-08-19,279.05,283.05,276.9,279.2,34476,,nse_symbols_consolidated.csv,2026-08-19,,1.0,False
456.0,2026-08-19,433.3,437.7,432.2,434.85,362458,,nse_symbols_consolidated.csv,2026-08-19,,1.0,False
458.0,2026-08-19,270.3,274.0,261.1,269.78,11521,,nse_symbols_consolidated.csv,2026-08-19,,1.0,False
457.0,2026-08-19,173.69,173.69,163.0,166.0,6165,,nse_symbols_consolidated.csv,2026-08-19,,1.0,False
459.0,2026-08-19,191.4,191.4,186.11,187.8,10218,,nse_symbols_consolidated.csv,2026-08-19,,1.0,False
460.0,2026-08-19,85.0,88.7,84.82,85.25,5926,,nse_symbols_consolidated.csv,2026-08-19,,1.0,False
461.0,2026-08-19,362.0,382.4,362.0,372.55,6380,,nse_symbols_consolidated.csv,2026-08-19,,1.0,False
462.0,2026-08-19,179.0,181.49,178.05,179.68,91535,,nse_symbols_consolidated.csv,2026-08-19,,1.0,False
463.0,2026-08-19,1429.0,1489.7,1421.2,1440.3,5720727,,nse_symbols_consolidated.csv,2026-08-19,,1.0,False
464.0,2026-08-19,1167.5,1175.9,1139.0,1141.1,1548,,nse_symbols_consolidated.csv,2026-08-19,,1.0,False
465.0,2026-08-19,803.5,814.6,795.35,800.45,485815,,nse_symbols_consolidated.csv,2026-08-19,,1.0,False
467.0,2026-08-19,1563.3,1579.9,1548.4,1557.3,94359,,nse_symbols_consolidated.csv,2026-08-19,,1.0,False
466.0,2026-08-19,1866.1,1873.5,1853.1,1873.5,555561,,nse_symbols_consolidated.csv,2026-08-19,,1.0,False
468.0,2026-08-19,409.7,410.55,405.7,406.65,147101,,nse_symbols_consolidated.csv,2026-08-19,,1.0,False
470.0,2026-08-19,87.9,89.69,85.01,87.33,24094,,nse_symbols_consolidated.csv,2026-08-19,,1.0,False
471.0,2026-08-19,14.6,14.65,13.8,14.07,20741,,nse_symbols_consolidated.csv,2026-08-19,,1.0,False
472.0,2026-08-19,1429.0,1435.1,1415.4,1422.0,433654,,nse_symbols_consolidated.csv,2026-08-19,,1.0,False
527.0,2026-08-19,222.19,225.85,219.58,221.03,5707017,,nse_symbols_consolidated.csv,2026-08-19,,1.0,False
476.0,2026-08-19,61.57,61.57,59.0,60.33,19282,,nse_symbols_consolidated.csv,2026-08-19,,1.0,False
473.0,2026-08-19,49.97,50.0,49.01,49.02,7439,,nse_symbols_consolidated.csv,2026-08-19,,1.0,False
475.0,2026-08-19,1255.7,1269.5,1221.1,1243.8,108325,,nse_symbols_consolidated.csv,2026-08-19,,1.0,False
474.0,2026-08-19,828.1,830.75,815.0,819.3,146477,,nse_symbols_consolidated.csv,2026-08-19,,1.0,False
480.0,2026-08-19,211.35,214.0,205.25,213.08,1064703,,nse_symbols_consolidated.csv,2026-08-19,,1.0,False
481.0,2026-08-19,248.0,249.0,240.5,246.0,1477319,,nse_symbols_consolidated.csv,2026-08-19,,1.0,False
483.0,2026-08-19,406.95,407.6,397.3,400.0,6030203,,nse_symbols_consolidated.csv,2026-08-19,,1.0,False
484.0,2026-08-19,42.0,42.58,41.41,42.04,71172,,nse_symbols_consolidated.csv,2026-08-19,,1.0,False
485.0,2026-08-19,1499.0,1506.5,1473.2,1485.0,680465,,nse_symbols_consolidated.csv,2026-08-19,,1.0,False
487.0,2026-08-19,29.98,29.98,29.16,29.35,167208,,nse_symbols_consolidated.csv,2026-08-19,,1.0,False
488.0,2026-08-19,1790.0,1818.0,1785.4,1813.1,2592917,,nse_symbols_consolidated.csv,2026-08-19,,1.0,False
489.0,2026-08-19,457.4,458.2,444.05,446.85,282289,,nse_symbols_consolidated.csv,2026-08-19,,1.0,False
490.0,2026-08-19,1905.0,1913.6,1863.9,1879.6,571246,,nse_symbols_consolidated.csv,2026-08-19,,1.0,False
491.0,2026-08-19,6.41,7.1,6.2,6.57,238400,,nse_symbols_consolidated.csv,2026-08-19,,1.0,False
495.0,2026-08-19,281.95,284.98,277.22,280.55,148275,,nse_symbols_consolidated.csv,2026-08-19,,1.0,False
492.0,2026-08-19,354.0,355.0,342.1,344.05,1648,,nse_symbols_consolidated.csv,2026-08-19,,1.0,False
493.0,2026-08-19,1.07,1.07,1.02,1.04,29171,,nse_symbols_consolidated.csv,2026-08-19,,1.0,False
494.0,2026-08-19,13.36,13.95,12.85,13.87,49475,,nse_symbols_consolidated.csv,2026-08-19,,1.0,False
414.0,2026-08-19,762.0,763.85,752.0,754.3,1126243,,nse_symbols_consolidated.csv,2026-08-19,,1.0,False
497.0,2026-08-19,1570.0,1603.8,1548.0,1587.5,194664,,nse_symbols_consolidated.csv,2026-08-19,,1.0,False
450.0,2026-08-19,273.8,283.4,270.1,275.7,295025,,nse_symbols_consolidated.csv,2026-08-19,,1.0,False
451.0,2026-08-19,31.63,31.63,30.05,30.5,10228,,nse_symbols_consolidated.csv,2026-08-19,,1.0,False
498.0,2026-08-19,70.19,73.89,69.92,72.49,3849623,,nse_symbols_consolidated.csv,2026-08-19,,1.0,False
431.0,2026-08-19,15.5,15.8,15.01,15.16,193963,,nse_symbols_consolidated.csv,2026-08-19,,1.0,False
499.0,2026-08-19,277.95,283.8,272.0,282.45,1911,,nse_symbols_consolidated.csv,2026-08-19,,1.0,False
496.0,2026-08-19,518.55,519.65,511.55,514.35,724297,,nse_symbols_consolidated.csv,2026-08-19,,1.0,False
500.0,2026-08-19,581.0,581.05,567.0,570.1,8718,,nse_symbols_consolidated.csv,2026-08-19,,1.0,False
501.0,2026-08-19,35.4,36.45,33.56,33.82,244062,,nse_symbols_consolidated.csv,2026-08-19,,1.0,False
503.0,2026-08-19,230.0,235.98,224.0,235.98,51209,,nse_symbols_consolidated.csv,2026-08-19,,1.0,False
504.0,2026-08-19,2060.2,2062.7,2025.7,2038.1,49013,,nse_symbols_consolidated.csv,2026-08-19,,1.0,False
505.0,2026-08-19,2119.1,2160.5,2107.1,2121.4,62064,,nse_symbols_consolidated.csv,2026-08-19,,1.0,False
506.0,2026-08-19,969.7,969.75,923.75,930.7,62705,,nse_symbols_consolidated.csv,2026-08-19,,1.0,False
432.0,2026-08-19,12.49,12.61,12.07,12.34,10981,,nse_symbols_consolidated.csv,2026-08-19,,1.0,False
507.0,2026-08-19,7.05,7.18,6.71,6.99,184190,,nse_symbols_consolidated.csv,2026-08-19,,1.0,False
508.0,2026-08-19,124.52,127.76,121.1,123.46,13045,,nse_symbols_consolidated.csv,2026-08-19,,1.0,False
512.0,2026-08-19,10910.0,10930.0,10612.5,10779.0,34911,,nse_symbols_consolidated.csv,2026-08-19,,1.0,False
514.0,2026-08-19,347.9,347.9,337.0,347.9,228,,nse_symbols_consolidated.csv,2026-08-19,,1.0,False
515.0,2026-08-19,6.45,6.45,5.77,6.15,15625,,nse_symbols_consolidated.csv,2026-08-19,,1.0,False
482.0,2026-08-19,1255.35,1264.15,1210.95,1226.35,41265,,nse_symbols_consolidated.csv,2026-08-19,,1.0,False
516.0,2026-08-19,1520.0,1532.5,1504.0,1519.4,53715,,nse_symbols_consolidated.csv,2026-08-19,,1.0,False
1487.0,2026-08-19,78.3,79.25,77.15,77.46,62917,,nse_symbols_consolidated.csv,2026-08-19,,1.0,False
522.0,2026-08-19,2.18,2.58,2.14,2.58,3004809,,nse_symbols_consolidated.csv,2026-08-19,,1.0,False
517.0,2026-08-19,351.0,370.0,345.25,363.85,11696,,nse_symbols_consolidated.csv,2026-08-19,,1.0,False
518.0,2026-08-19,4444.9,4549.5,4444.0,4499.4,51182,,nse_symbols_consolidated.csv,2026-08-19,,1.0,False
519.0,2026-08-19,175.0,181.32,170.29,171.62,383204,,nse_symbols_consolidated.csv,2026-08-19,,1.0,False
520.0,2026-08-19,245.0,247.1,242.05,245.5,2206730,,nse_symbols_consolidated.csv,2026-08-19,,1.0,False
521.0,2026-08-19,109.45,109.99,102.5,103.68,14439,,nse_symbols_consolidated.csv,2026-08-19,,1.0,False
523.0,2026-08-19,317.45,317.6,314.2,314.6,111560,,nse_symbols_consolidated.csv,2026-08-19,,1.0,False
524.0,2026-08-19,222.07,225.0,221.44,223.47,15777,,nse_symbols_consolidated.csv,2026-08-19,,1.0,False
525.0,2026-08-19,102.0,102.0,96.11,99.25,516095,,nse_symbols_consolidated.csv,2026-08-19,,1.0,False
528.0,2026-08-19,79.5,80.97,77.8,78.06,42519,,nse_symbols_consolidated.csv,2026-08-19,,1.0,False
529.0,2026-08-19,5301.5,5347.0,5206.5,5220.0,321107,,nse_symbols_consolidated.csv,2026-08-19,,1.0,False
530.0,2026-08-19,285.45,290.9,277.21,284.56,33857821,,nse_symbols_consolidated.csv,2026-08-19,,1.0,False
531.0,2026-08-19,72.0,72.0,71.4,72.0,24,,nse_symbols_consolidated.csv,2026-08-19,,1.0,False
532.0,2026-08-19,16.23,16.8,16.05,16.7,8550,,nse_symbols_consolidated.csv,2026-08-19,,1.0,False
533.0,2026-08-19,131.51,136.98,131.51,135.54,15108,,nse_symbols_consolidated.csv,2026-08-19,,1.0,False
535.0,2026-08-19,736.2,740.95,711.15,715.6,348134,,nse_symbols_consolidated.csv,2026-08-19,,1.0,False
534.0,2026-08-19,860.0,903.0,860.0,894.5,2033629,,nse_symbols_consolidated.csv,2026-08-19,,1.0,False
620.0,2026-08-19,160.0,163.97,159.0,160.07,3758,,nse_symbols_consolidated.csv,2026-08-19,,1.0,False
608.0,2026-08-19,419.9,457.95,417.0,445.75,2580208,,nse_symbols_consolidated.csv,2026-08-19,,1.0,False
618.0,2026-08-19,1459.9,1495.1,1435.2,1467.9,26869,,nse_symbols_consolidated.csv,2026-08-19,,1.0,False
546.0,2026-08-19,209.85,212.5,206.51,207.42,69922,,nse_symbols_consolidated.csv,2026-08-19,,1.0,False
536.0,2026-08-19,403.5,403.5,398.0,399.75,927611,,nse_symbols_consolidated.csv,2026-08-19,,1.0,False
537.0,2026-08-19,330.0,332.9,315.0,322.0,1802,,nse_symbols_consolidated.csv,2026-08-19,,1.0,False
538.0,2026-08-19,1837.1,1875.0,1825.0,1875.0,276847,,nse_symbols_consolidated.csv,2026-08-19,,1.0,False
539.0,2026-08-19,452.7,478.75,450.0,475.55,844725,,nse_symbols_consolidated.csv,2026-08-19,,1.0,False
540.0,2026-08-19,146.8,147.5,144.2,144.85,182790,,nse_symbols_consolidated.csv,2026-08-19,,1.0,False
541.0,2026-08-19,27.6,27.6,27.6,27.6,1,,nse_symbols_consolidated.csv,2026-08-19,,1.0,False
542.0,2026-08-19,2.95,3.0,2.81,2.87,26583,,nse_symbols_consolidated.csv,2026-08-19,,1.0,False
544.0,2026-08-19,4755.0,4797.9,4690.0,4774.2,840297,,nse_symbols_consolidated.csv,2026-08-19,,1.0,False
543.0,2026-08-19,837.25,838.3,814.0,817.1,66019,,nse_symbols_consolidated.csv,2026-08-19,,1.0,False
545.0,2026-08-19,3.18,3.44,2.95,2.99,53680313,,nse_symbols_consolidated.csv,2026-08-19,,1.0,False
551.0,2026-08-19,33.92,33.92,31.6,32.48,736,,nse_symbols_consolidated.csv,2026-08-19,,1.0,False
554.0,2026-08-19,371.1,378.0,365.45,366.85,31767,,nse_symbols_consolidated.csv,2026-08-19,,1.0,False
553.0,2026-08-19,182.0,184.39,180.0,181.81,743355,,nse_symbols_consolidated.csv,2026-08-19,,1.0,False
556.0,2026-08-19,5.67,5.75,5.4,5.5,5992,,nse_symbols_consolidated.csv,2026-08-19,,1.0,False
555.0,2026-08-19,81.5,83.9,80.0,81.1,10825,,nse_symbols_consolidated.csv,2026-08-19,,1.0,False
557.0,2026-08-19,178.29,180.0,173.65,175.89,45740,,nse_symbols_consolidated.csv,2026-08-19,,1.0,False
626.0,2026-08-19,26.53,26.53,26.53,26.53,114701,,nse_symbols_consolidated.csv,2026-08-19,,1.0,False
560.0,2026-08-19,46.85,50.14,46.66,49.89,736392,,nse_symbols_consolidated.csv,2026-08-19,,1.0,False
559.0,2026-08-19,70.0,75.11,68.02,74.58,144562,,nse_symbols_consolidated.csv,2026-08-19,,1.0,False
558.0,2026-08-19,1035.0,1063.2,1022.0,1049.4,205387,,nse_symbols_consolidated.csv,2026-08-19,,1.0,False
561.0,2026-08-19,43.84,43.84,42.5,43.26,1391061,,nse_symbols_consolidated.csv,2026-08-19,,1.0,False
562.0,2026-08-19,180.01,180.16,173.55,174.67,390796,,nse_symbols_consolidated.csv,2026-08-19,,1.0,False
563.0,2026-08-19,272.75,284.6,269.45,280.2,215760,,nse_symbols_consolidated.csv,2026-08-19,,1.0,False
576.0,2026-08-19,846.25,855.4,829.0,835.65,1838,,nse_symbols_consolidated.csv,2026-08-19,,1.0,False
564.0,2026-08-19,549.8,554.95,535.0,549.9,41413,,nse_symbols_consolidated.csv,2026-08-19,,1.0,False
565.0,2026-08-19,244.9,244.95,232.1,233.21,1792043,,nse_symbols_consolidated.csv,2026-08-19,,1.0,False
566.0,2026-08-19,657.25,667.0,637.25,644.6,90935,,nse_symbols_consolidated.csv,2026-08-19,,1.0,False
570.0,2026-08-19,717.95,720.0,656.7,667.35,622935,,nse_symbols_consolidated.csv,2026-08-19,,1.0,False
567.0,2026-08-19,36.95,38.3,35.62,37.9,31899,,nse_symbols_consolidated.csv,2026-08-19,,1.0,False
547.0,2026-08-19,6.89,6.89,6.6,6.74,63611,,nse_symbols_consolidated.csv,2026-08-19,,1.0,False
568.0,2026-08-19,1472.1,1483.0,1453.0,1476.2,138269,,nse_symbols_consolidated.csv,2026-08-19,,1.0,False
569.0,2026-08-19,1769.2,1809.3,1759.0,1768.3,477429,,nse_symbols_consolidated.csv,2026-08-19,,1.0,False
571.0,2026-08-19,449.95,451.8,446.4,450.0,1321278,,nse_symbols_consolidated.csv,2026-08-19,,1.0,False
572.0,2026-08-19,6.65,6.85,6.5,6.63,129267,,nse_symbols_consolidated.csv,2026-08-19,,1.0,False
573.0,2026-08-19,60.53,60.67,59.4,59.68,410587,,nse_symbols_consolidated.csv,2026-08-19,,1.0,False
574.0,2026-08-19,59.3,59.3,57.03,57.28,808,,nse_symbols_consolidated.csv,2026-08-19,,1.0,False
575.0,2026-08-19,27.5,27.68,27.3,27.38,197363,,nse_symbols_consolidated.csv,2026-08-19,,1.0,False
577.0,2026-08-19,286.85,301.7,286.1,289.0,408689,,nse_symbols_consolidated.csv,2026-08-19,,1.0,False
579.0,2026-08-19,32.6,34.25,32.6,33.96,54113,,nse_symbols_consolidated.csv,2026-08-19,,1.0,False
578.0,2026-08-19,25.7,25.88,24.35,24.97,31585,,nse_symbols_consolidated.csv,2026-08-19,,1.0,False
580.0,2026-08-19,141.1,143.7,140.96,142.9,1339201,,nse_symbols_consolidated.csv,2026-08-19,,1.0,False
582.0,2026-08-19,566.9,593.0,558.05,587.0,62401,,nse_symbols_consolidated.csv,2026-08-19,,1.0,False
549.0,2026-08-19,123.0,131.4,123.0,129.26,814499,,nse_symbols_consolidated.csv,2026-08-19,,1.0,False
583.0,2026-08-19,170.05,181.87,170.05,176.18,2578499,,nse_symbols_consolidated.csv,2026-08-19,,1.0,False
584.0,2026-08-19,32.02,32.43,31.89,32.22,468948,,nse_symbols_consolidated.csv,2026-08-19,,1.0,False
585.0,2026-08-19,1002.4,1006.0,990.1,994.1,13414,,nse_symbols_consolidated.csv,2026-08-19,,1.0,False
586.0,2026-08-19,0.17,0.17,0.15,0.15,5202798,,nse_symbols_consolidated.csv,2026-08-19,,1.0,False
587.0,2026-08-19,270.45,274.25,268.0,269.2,23518,,nse_symbols_consolidated.csv,2026-08-19,,1.0,False
588.0,2026-08-19,4.58,4.75,4.23,4.37,73072,,nse_symbols_consolidated.csv,2026-08-19,,1.0,False
589.0,2026-08-19,1297.7,1436.3,1272.0,1404.05,16993686,,nse_symbols_consolidated.csv,2026-08-19,,1.0,False
590.0,2026-08-19,26.0,26.13,24.03,25.62,6363,,nse_symbols_consolidated.csv,2026-08-19,,1.0,False
591.0,2026-08-19,968.4,1026.0,948.5,955.45,2399,,nse_symbols_consolidated.csv,2026-08-19,,1.0,False
629.0,2026-08-19,135.99,139.9,134.51,134.88,9605,,nse_symbols_consolidated.csv,2026-08-19,,1.0,False
631.0,2026-08-19,266.05,269.9,263.2,263.83,16148,,nse_symbols_consolidated.csv,2026-08-19,,1.0,False
593.0,2026-08-19,240.0,241.0,233.02,238.98,3749,,nse_symbols_consolidated.csv,2026-08-19,,1.0,False
592.0,2026-08-19,372.0,374.0,355.0,359.4,806819,,nse_symbols_consolidated.csv,2026-08-19,,1.0,False
595.0,2026-08-19,585.0,593.0,572.9,576.9,4405,,nse_symbols_consolidated.csv,2026-08-19,,1.0,False
596.0,2026-08-19,413.0,416.9,405.0,406.2,97082,,nse_symbols_consolidated.csv,2026-08-19,,1.0,False
581.0,2026-08-19,24.34,24.48,23.76,23.8,10459,,nse_symbols_consolidated.csv,2026-08-19,,1.0,False
597.0,2026-08-19,17.42,17.85,17.1,17.21,9550,,nse_symbols_consolidated.csv,2026-08-19,,1.0,False
598.0,2026-08-19,16.77,17.09,16.62,17.02,30751,,nse_symbols_consolidated.csv,2026-08-19,,1.0,False
599.0,2026-08-19,97.3,97.8,94.19,94.69,224185,,nse_symbols_consolidated.csv,2026-08-19,,1.0,False
600.0,2026-08-19,51.0,52.85,50.4,51.3,17248,,nse_symbols_consolidated.csv,2026-08-19,,1.0,False
611.0,2026-08-19,2.6,2.6,2.45,2.49,55810,,nse_symbols_consolidated.csv,2026-08-19,,1.0,False
548.0,2026-08-19,421.3,421.5,414.0,416.2,72295,,nse_symbols_consolidated.csv,2026-08-19,,1.0,False
601.0,2026-08-19,11830.0,11949.0,11694.0,11803.0,394,,nse_symbols_consolidated.csv,2026-08-19,,1.0,False
602.0,2026-08-19,2.82,2.82,2.76,2.78,549320,,nse_symbols_consolidated.csv,2026-08-19,,1.0,False
552.0,2026-08-19,169.4,173.5,167.31,172.4,379715,,nse_symbols_consolidated.csv,2026-08-19,,1.0,False
603.0,2026-08-19,1266.95,1279.4,1245.2,1267.4,194072,,nse_symbols_consolidated.csv,2026-08-19,,1.0,False
604.0,2026-08-19,8600.0,8600.0,8508.0,8560.0,179152,,nse_symbols_consolidated.csv,2026-08-19,,1.0,False
605.0,2026-08-19,14149.0,14550.0,14026.0,14462.0,468989,,nse_symbols_consolidated.csv,2026-08-19,,1.0,False
606.0,2026-08-19,109.5,109.5,102.1,104.92,137976,,nse_symbols_consolidated.csv,2026-08-19,,1.0,False
607.0,2026-08-19,666.0,674.65,658.3,669.9,2895273,,nse_symbols_consolidated.csv,2026-08-19,,1.0,False
610.0,2026-08-19,289.9,293.6,279.25,291.1,52647,,nse_symbols_consolidated.csv,2026-08-19,,1.0,False
612.0,2026-08-19,1094.8,1112.7,1093.0,1102.0,31265,,nse_symbols_consolidated.csv,2026-08-19,,1.0,False
613.0,2026-08-19,71.14,75.75,70.65,75.13,763181,,nse_symbols_consolidated.csv,2026-08-19,,1.0,False
614.0,2026-08-19,268.8,272.7,266.25,268.0,57593,,nse_symbols_consolidated.csv,2026-08-19,,1.0,False
615.0,2026-08-19,619.4,645.0,608.1,619.25,142063,,nse_symbols_consolidated.csv,2026-08-19,,1.0,False
616.0,2026-08-19,2215.0,2217.9,2190.0,2193.1,26995,,nse_symbols_consolidated.csv,2026-08-19,,1.0,False
617.0,2026-08-19,89.18,90.5,88.0,88.6,15478,,nse_symbols_consolidated.csv,2026-08-19,,1.0,False
619.0,2026-08-19,7.0,7.25,7.0,7.14,84973,,nse_symbols_consolidated.csv,2026-08-19,,1.0,False
82.0,2026-08-19,502.0,504.45,498.0,501.85,282306,,nse_symbols_consolidated.csv,2026-08-19,,1.0,False
621.0,2026-08-19,5322.0,5409.5,5226.0,5327.5,1590,,nse_symbols_consolidated.csv,2026-08-19,,1.0,False
1275.0,2026-08-19,1894.0,1903.7,1877.3,1887.2,156564,,nse_symbols_consolidated.csv,2026-08-19,,1.0,False
625.0,2026-08-19,1171.9,1187.2,1168.0,1170.0,1150424,,nse_symbols_consolidated.csv,2026-08-19,,1.0,False
622.0,2026-08-19,13.15,13.15,12.75,12.83,21128,,nse_symbols_consolidated.csv,2026-08-19,,1.0,False
623.0,2026-08-19,66.65,67.8,64.57,65.35,80482,,nse_symbols_consolidated.csv,2026-08-19,,1.0,False
624.0,2026-08-19,1159.9,1198.0,1150.1,1189.2,261766,,nse_symbols_consolidated.csv,2026-08-19,,1.0,False
627.0,2026-08-19,15.38,15.38,15.38,15.38,321,,nse_symbols_consolidated.csv,2026-08-19,,1.0,False
1191.0,2026-08-19,2.05,2.05,1.9,1.91,50562,,nse_symbols_consolidated.csv,2026-08-19,,1.0,False
630.0,2026-08-19,3.5,3.58,3.25,3.4,916245,,nse_symbols_consolidated.csv,2026-08-19,,1.0,False
632.0,2026-08-19,44.86,50.05,44.56,48.28,9613344,,nse_symbols_consolidated.csv,2026-08-19,,1.0,False
628.0,2026-08-19,1184.0,1184.0,1100.0,1116.3,37049,,nse_symbols_consolidated.csv,2026-08-19,,1.0,False
634.0,2026-08-19,12000.0,12213.0,11601.0,11735.0,25587,,nse_symbols_consolidated.csv,2026-08-19,,1.0,False
633.0,2026-08-19,453.0,454.35,444.0,445.95,200418,,nse_symbols_consolidated.csv,2026-08-19,,1.0,False
635.0,2026-08-19,228.0,229.1,224.4,226.45,17936,,nse_symbols_consolidated.csv,2026-08-19,,1.0,False
636.0,2026-08-19,636.8,655.0,631.35,631.35,860290,,nse_symbols_consolidated.csv,2026-08-19,,1.0,False
639.0,2026-08-19,2.38,2.45,2.23,2.38,29043,,nse_symbols_consolidated.csv,2026-08-19,,1.0,False
638.0,2026-08-19,61.95,61.95,61.0,61.9,3003,,nse_symbols_consolidated.csv,2026-08-19,,1.0,False
637.0,2026-08-19,6.2,6.22,6.08,6.11,9820894,,nse_symbols_consolidated.csv,2026-08-19,,1.0,False
641.0,2026-08-19,17.8,17.91,17.7,17.91,35195,,nse_symbols_consolidated.csv,2026-08-19,,1.0,False
642.0,2026-08-19,1806.0,1855.2,1791.0,1832.9,122581,,nse_symbols_consolidated.csv,2026-08-19,,1.0,False
643.0,2026-08-19,470.0,478.0,454.0,458.75,9480,,nse_symbols_consolidated.csv,2026-08-19,,1.0,False
644.0,2026-08-19,113.79,114.95,111.5,112.45,55970,,nse_symbols_consolidated.csv,2026-08-19,,1.0,False
645.0,2026-08-19,121.38,124.15,120.27,122.27,2668421,,nse_symbols_consolidated.csv,2026-08-19,,1.0,False
646.0,2026-08-19,190.5,193.87,183.3,184.89,410780,,nse_symbols_consolidated.csv,2026-08-19,,1.0,False
647.0,2026-08-19,8016.5,8060.0,7947.5,7990.5,344004,,nse_symbols_consolidated.csv,2026-08-19,,1.0,False
648.0,2026-08-19,780.95,800.0,775.0,787.05,733626,,nse_symbols_consolidated.csv,2026-08-19,,1.0,False
651.0,2026-08-19,294.0,296.9,292.45,294.4,10096,,nse_symbols_consolidated.csv,2026-08-19,,1.0,False
652.0,2026-08-19,296.55,298.4,294.3,297.65,181605,,nse_symbols_consolidated.csv,2026-08-19,,1.0,False
653.0,2026-08-19,2164.9,2197.9,2128.4,2170.8,51552,,nse_symbols_consolidated.csv,2026-08-19,,1.0,False
655.0,2026-08-19,79.58,82.5,78.35,79.82,18144,,nse_symbols_consolidated.csv,2026-08-19,,1.0,False
656.0,2026-08-19,11744.5,11800.0,11560.0,11600.5,1965,,nse_symbols_consolidated.csv,2026-08-19,,1.0,False
657.0,2026-08-19,110000.0,110000.0,108150.0,108465.0,17,,nse_symbols_consolidated.csv,2026-08-19,,1.0,False
658.0,2026-08-19,817.0,845.35,795.0,828.45,7102,,nse_symbols_consolidated.csv,2026-08-19,,1.0,False
659.0,2026-08-19,435.0,435.3,427.0,428.85,188815,,nse_symbols_consolidated.csv,2026-08-19,,1.0,False
673.0,2026-08-19,191.29,194.35,189.16,191.24,1184214,,nse_symbols_consolidated.csv,2026-08-19,,1.0,False
660.0,2026-08-19,71.2,72.0,70.55,71.76,770393,,nse_symbols_consolidated.csv,2026-08-19,,1.0,False
661.0,2026-08-19,1029.6,1059.0,1016.1,1033.9,15980,,nse_symbols_consolidated.csv,2026-08-19,,1.0,False
662.0,2026-08-19,620.0,641.0,608.1,637.8,1705661,,nse_symbols_consolidated.csv,2026-08-19,,1.0,False
663.0,2026-08-19,57.1,58.5,56.1,57.05,26347,,nse_symbols_consolidated.csv,2026-08-19,,1.0,False
664.0,2026-08-19,101.97,101.97,99.01,99.65,198875,,nse_symbols_consolidated.csv,2026-08-19,,1.0,False
665.0,2026-08-19,17.13,17.24,16.81,16.85,591137,,nse_symbols_consolidated.csv,2026-08-19,,1.0,False
666.0,2026-08-19,325.7,332.6,317.7,328.5,509281,,nse_symbols_consolidated.csv,2026-08-19,,1.0,False
667.0,2026-08-19,175.15,176.92,175.0,175.1,35363,,nse_symbols_consolidated.csv,2026-08-19,,1.0,False
668.0,2026-08-19,399.35,407.0,396.5,400.6,557886,,nse_symbols_consolidated.csv,2026-08-19,,1.0,False
669.0,2026-08-19,116.94,116.96,111.5,113.73,26781,,nse_symbols_consolidated.csv,2026-08-19,,1.0,False
670.0,2026-08-19,73.35,74.6,70.05,71.06,17120,,nse_symbols_consolidated.csv,2026-08-19,,1.0,False
671.0,2026-08-19,62.5,62.81,61.01,62.29,2529169,,nse_symbols_consolidated.csv,2026-08-19,,1.0,False
672.0,2026-08-19,1875.0,1908.9,1866.3,1891.0,124266,,nse_symbols_consolidated.csv,2026-08-19,,1.0,False
674.0,2026-08-19,237.0,244.4,234.61,240.19,17306,,nse_symbols_consolidated.csv,2026-08-19,,1.0,False
675.0,2026-08-19,82.0,82.85,80.5,81.97,4906,,nse_symbols_consolidated.csv,2026-08-19,,1.0,False
676.0,2026-08-19,315.15,321.55,314.35,316.95,1462761,,nse_symbols_consolidated.csv,2026-08-19,,1.0,False
677.0,2026-08-19,1137.0,1195.0,1133.0,1173.3,4106,,nse_symbols_consolidated.csv,2026-08-19,,1.0,False
678.0,2026-08-19,2.25,2.29,2.11,2.23,17449264,,nse_symbols_consolidated.csv,2026-08-19,,1.0,False
679.0,2026-08-19,388.8,411.0,382.2,394.95,3336792,,nse_symbols_consolidated.csv,2026-08-19,,1.0,False
680.0,2026-08-19,560.4,564.5,532.05,545.2,398524,,nse_symbols_consolidated.csv,2026-08-19,,1.0,False
681.0,2026-08-19,3034.8,3034.8,2979.0,2988.6,138855,,nse_symbols_consolidated.csv,2026-08-19,,1.0,False
682.0,2026-08-19,16.69,16.94,16.3,16.45,22508,,nse_symbols_consolidated.csv,2026-08-19,,1.0,False
683.0,2026-08-19,244.78,246.9,235.35,236.9,1464796,,nse_symbols_consolidated.csv,2026-08-19,,1.0,False
685.0,2026-08-19,409.5,420.0,402.0,415.65,2690,,nse_symbols_consolidated.csv,2026-08-19,,1.0,False
687.0,2026-08-19,1420.0,1420.0,1380.6,1386.8,77945,,nse_symbols_consolidated.csv,2026-08-19,,1.0,False
684.0,2026-08-19,100.86,102.98,100.86,101.49,15956,,nse_symbols_consolidated.csv,2026-08-19,,1.0,False
649.0,2026-08-19,198.16,201.9,196.0,196.12,447738,,nse_symbols_consolidated.csv,2026-08-19,,1.0,False
688.0,2026-08-19,209.57,211.61,205.28,206.14,274290,,nse_symbols_consolidated.csv,2026-08-19,,1.0,False
689.0,2026-08-19,225.0,225.15,219.15,223.05,491134,,nse_symbols_consolidated.csv,2026-08-19,,1.0,False
690.0,2026-08-19,1084.8,1097.7,1054.6,1082.2,118759,,nse_symbols_consolidated.csv,2026-08-19,,1.0,False
691.0,2026-08-19,246.25,255.7,244.5,250.8,5477431,,nse_symbols_consolidated.csv,2026-08-19,,1.0,False
692.0,2026-08-19,22.35,23.4,22.35,23.39,910,,nse_symbols_consolidated.csv,2026-08-19,,1.0,False
693.0,2026-08-19,75.2,75.96,74.32,74.69,1617730,,nse_symbols_consolidated.csv,2026-08-19,,1.0,False
694.0,2026-08-19,1345.0,1354.2,1336.3,1348.3,77295,,nse_symbols_consolidated.csv,2026-08-19,,1.0,False
695.0,2026-08-19,6185.0,6190.0,6041.0,6057.5,5295,,nse_symbols_consolidated.csv,2026-08-19,,1.0,False
696.0,2026-08-19,40.5,42.2,39.5,41.92,1513468,,nse_symbols_consolidated.csv,2026-08-19,,1.0,False
697.0,2026-08-19,3062.1,3081.0,3042.2,3054.9,52749,,nse_symbols_consolidated.csv,2026-08-19,,1.0,False
698.0,2026-08-19,16.2,16.2,15.71,15.81,234420,,nse_symbols_consolidated.csv,2026-08-19,,1.0,False
700.0,2026-08-19,97.5,98.69,95.7,96.08,67707,,nse_symbols_consolidated.csv,2026-08-19,,1.0,False
701.0,2026-08-19,316.15,322.85,315.85,320.0,28100651,,nse_symbols_consolidated.csv,2026-08-19,,1.0,False
702.0,2026-08-19,2888.8,2919.9,2864.8,2899.9,42165,,nse_symbols_consolidated.csv,2026-08-19,,1.0,False
703.0,2026-08-19,432.0,432.0,418.5,419.85,216570,,nse_symbols_consolidated.csv,2026-08-19,,1.0,False
650.0,2026-08-19,252.2,259.9,251.1,256.3,3807,,nse_symbols_consolidated.csv,2026-08-19,,1.0,False
704.0,2026-08-19,156.89,160.8,156.0,157.35,7378,,nse_symbols_consolidated.csv,2026-08-19,,1.0,False
705.0,2026-08-19,274.3,278.9,261.3,268.15,314788,,nse_symbols_consolidated.csv,2026-08-19,,1.0,False
706.0,2026-08-19,14.0,14.0,14.0,14.0,305,,nse_symbols_consolidated.csv,2026-08-19,,1.0,False
707.0,2026-08-19,360.0,360.0,348.9,357.15,88629,,nse_symbols_consolidated.csv,2026-08-19,,1.0,False
708.0,2026-08-19,442.0,442.0,422.5,427.7,7995,,nse_symbols_consolidated.csv,2026-08-19,,1.0,False
654.0,2026-08-19,108.98,114.09,107.7,111.93,380740,,nse_symbols_consolidated.csv,2026-08-19,,1.0,False
709.0,2026-08-19,991.05,1148.55,990.9,1133.25,1055831,,nse_symbols_consolidated.csv,2026-08-19,,1.0,False
710.0,2026-08-19,72.89,74.75,70.5,71.09,518974,,nse_symbols_consolidated.csv,2026-08-19,,1.0,False
711.0,2026-08-19,159.9,160.85,154.65,155.71,1372053,,nse_symbols_consolidated.csv,2026-08-19,,1.0,False
712.0,2026-08-19,465.25,470.65,456.55,459.5,2001169,,nse_symbols_consolidated.csv,2026-08-19,,1.0,False
713.0,2026-08-19,898.0,902.85,878.1,887.05,68419,,nse_symbols_consolidated.csv,2026-08-19,,1.0,False
714.0,2026-08-19,6.18,6.24,6.01,6.1,104039,,nse_symbols_consolidated.csv,2026-08-19,,1.0,False
715.0,2026-08-19,146.08,147.38,143.41,145.48,54795,,nse_symbols_consolidated.csv,2026-08-19,,1.0,False
716.0,2026-08-19,790.0,812.9,781.2,787.15,112895,,nse_symbols_consolidated.csv,2026-08-19,,1.0,False
717.0,2026-08-19,670.0,670.0,660.25,660.25,4398,,nse_symbols_consolidated.csv,2026-08-19,,1.0,False
718.0,2026-08-19,499.0,499.0,479.45,488.95,19512,,nse_symbols_consolidated.csv,2026-08-19,,1.0,False
720.0,2026-08-19,1.49,1.51,1.46,1.47,1220218,,nse_symbols_consolidated.csv,2026-08-19,,1.0,False
721.0,2026-08-19,349.1,352.75,339.1,344.7,149521,,nse_symbols_consolidated.csv,2026-08-19,,1.0,False
724.0,2026-08-19,151.0,151.5,149.3,149.8,559951,,nse_symbols_consolidated.csv,2026-08-19,,1.0,False
722.0,2026-08-19,41.21,41.6,39.0,39.9,139465,,nse_symbols_consolidated.csv,2026-08-19,,1.0,False
723.0,2026-08-19,357.8,360.0,355.15,358.8,2198228,,nse_symbols_consolidated.csv,2026-08-19,,1.0,False
744.0,2026-08-19,460.75,475.0,460.55,471.65,26786,,nse_symbols_consolidated.csv,2026-08-19,,1.0,False
727.0,2026-08-19,456.3,460.05,446.05,456.1,68970,,nse_symbols_consolidated.csv,2026-08-19,,1.0,False
728.0,2026-08-19,26.48,28.0,26.05,26.43,64974,,nse_symbols_consolidated.csv,2026-08-19,,1.0,False
729.0,2026-08-19,2220.0,2262.0,2205.2,2241.0,71605,,nse_symbols_consolidated.csv,2026-08-19,,1.0,False
731.0,2026-08-19,0.18,0.19,0.17,0.18,72890893,,nse_symbols_consolidated.csv,2026-08-19,,1.0,False
730.0,2026-08-19,86.5,86.6,82.51,83.15,1502803,,nse_symbols_consolidated.csv,2026-08-19,,1.0,False
733.0,2026-08-19,5093.1,5151.0,5061.3,5130.1,36441,,nse_symbols_consolidated.csv,2026-08-19,,1.0,False
719.0,2026-08-19,44.19,46.2,43.0,44.98,23876877,,nse_symbols_consolidated.csv,2026-08-19,,1.0,False
734.0,2026-08-19,77.0,78.29,70.57,71.36,318389,,nse_symbols_consolidated.csv,2026-08-19,,1.0,False
735.0,2026-08-19,150.6,150.95,146.0,147.03,201019,,nse_symbols_consolidated.csv,2026-08-19,,1.0,False
732.0,2026-08-19,1329.1,1329.1,1265.95,1313.7,787232,,nse_symbols_consolidated.csv,2026-08-19,,1.0,False
736.0,2026-08-19,158.34,159.25,157.21,158.26,351056,,nse_symbols_consolidated.csv,2026-08-19,,1.0,False
754.0,2026-08-19,265.95,274.65,263.1,273.05,2921585,,nse_symbols_consolidated.csv,2026-08-19,,1.0,False
738.0,2026-08-19,38.39,39.95,37.36,38.96,788637,,nse_symbols_consolidated.csv,2026-08-19,,1.0,False
739.0,2026-08-19,531.05,534.7,516.1,521.25,253901,,nse_symbols_consolidated.csv,2026-08-19,,1.0,False
740.0,2026-08-19,250.8,253.95,247.1,248.95,44342,,nse_symbols_consolidated.csv,2026-08-19,,1.0,False
741.0,2026-08-19,2.84,2.89,2.75,2.81,136338,,nse_symbols_consolidated.csv,2026-08-19,,1.0,False
746.0,2026-08-19,71.0,71.0,67.1,67.63,21602,,nse_symbols_consolidated.csv,2026-08-19,,1.0,False
747.0,2026-08-19,55.12,55.12,53.55,53.86,21705,,nse_symbols_consolidated.csv,2026-08-19,,1.0,False
748.0,2026-08-19,18250.0,18299.0,17718.0,17837.0,66917,,nse_symbols_consolidated.csv,2026-08-19,,1.0,False
749.0,2026-08-19,925.0,927.0,907.3,911.3,2496457,,nse_symbols_consolidated.csv,2026-08-19,,1.0,False
750.0,2026-08-19,5511.0,5599.0,5440.0,5467.0,2276,,nse_symbols_consolidated.csv,2026-08-19,,1.0,False
751.0,2026-08-19,821.0,837.8,813.95,834.2,528310,,nse_symbols_consolidated.csv,2026-08-19,,1.0,False
752.0,2026-08-19,1412.6,1449.9,1404.6,1428.0,11940,,nse_symbols_consolidated.csv,2026-08-19,,1.0,False
753.0,2026-08-19,1297.0,1322.4,1273.1,1281.4,20430,,nse_symbols_consolidated.csv,2026-08-19,,1.0,False
1595.0,2026-08-19,320.6,329.9,320.3,327.35,5601280,,nse_symbols_consolidated.csv,2026-08-19,,1.0,False
2396.0,2026-08-19,472.0,490.0,469.9,483.95,620413,,nse_symbols_consolidated.csv,2026-08-19,,1.0,False
755.0,2026-08-19,193.89,196.0,189.21,192.08,614493,,nse_symbols_consolidated.csv,2026-08-19,,1.0,False
742.0,2026-08-19,1.21,1.21,1.11,1.15,68842,,nse_symbols_consolidated.csv,2026-08-19,,1.0,False
725.0,2026-08-19,0.41,0.41,0.39,0.41,172746,,nse_symbols_consolidated.csv,2026-08-19,,1.0,False
726.0,2026-08-19,2.47,2.47,2.3,2.32,3590,,nse_symbols_consolidated.csv,2026-08-19,,1.0,False
745.0,2026-08-19,8.52,8.99,8.31,8.51,22315,,nse_symbols_consolidated.csv,2026-08-19,,1.0,False
815.0,2026-08-19,880.3,884.6,871.0,873.5,23678,,nse_symbols_consolidated.csv,2026-08-19,,1.0,False
861.0,2026-08-19,866.75,892.8,860.1,883.3,25062,,nse_symbols_consolidated.csv,2026-08-19,,1.0,False
872.0,2026-08-19,29.05,29.99,29.0,29.0,2990,,nse_symbols_consolidated.csv,2026-08-19,,1.0,False
756.0,2026-08-19,1469.0,1474.9,1433.2,1438.6,116822,,nse_symbols_consolidated.csv,2026-08-19,,1.0,False
772.0,2026-08-19,0.84,0.84,0.83,0.83,25702408,,nse_symbols_consolidated.csv,2026-08-19,,1.0,False
773.0,2026-08-19,0.51,0.53,0.5,0.51,621596,,nse_symbols_consolidated.csv,2026-08-19,,1.0,False
758.0,2026-08-19,172.6,174.02,170.7,172.5,8840419,,nse_symbols_consolidated.csv,2026-08-19,,1.0,False
759.0,2026-08-19,1065.0,1068.1,1011.6,1017.6,33590,,nse_symbols_consolidated.csv,2026-08-19,,1.0,False
760.0,2026-08-19,2455.0,2528.4,2336.2,2361.3,100832,,nse_symbols_consolidated.csv,2026-08-19,,1.0,False
761.0,2026-08-19,582.0,582.35,571.95,575.7,27956,,nse_symbols_consolidated.csv,2026-08-19,,1.0,False
762.0,2026-08-19,256.2,256.2,248.0,250.15,959345,,nse_symbols_consolidated.csv,2026-08-19,,1.0,False
763.0,2026-08-19,887.3,894.9,885.0,886.6,5869,,nse_symbols_consolidated.csv,2026-08-19,,1.0,False
765.0,2026-08-19,115.0,116.35,112.01,112.44,83935,,nse_symbols_consolidated.csv,2026-08-19,,1.0,False
766.0,2026-08-19,165.99,165.99,163.17,164.02,67750,,nse_symbols_consolidated.csv,2026-08-19,,1.0,False
767.0,2026-08-19,847.0,858.45,825.0,825.9,28757,,nse_symbols_consolidated.csv,2026-08-19,,1.0,False
764.0,2026-08-19,1095.0,1111.8,1061.2,1065.9,66366,,nse_symbols_consolidated.csv,2026-08-19,,1.0,False
768.0,2026-08-19,2.26,2.26,2.26,2.26,566710,,nse_symbols_consolidated.csv,2026-08-19,,1.0,False
769.0,2026-08-19,117.0,122.0,117.0,118.98,4398,,nse_symbols_consolidated.csv,2026-08-19,,1.0,False
866.0,2026-08-19,2689.0,2706.0,2630.0,2638.3,479078,,nse_symbols_consolidated.csv,2026-08-19,,1.0,False
771.0,2026-08-19,183.7,185.99,180.45,180.78,299058,,nse_symbols_consolidated.csv,2026-08-19,,1.0,False
867.0,2026-08-19,7030.0,7127.0,6990.0,7080.5,31731,,nse_symbols_consolidated.csv,2026-08-19,,1.0,False
770.0,2026-08-19,778.85,787.95,753.35,759.85,39772,,nse_symbols_consolidated.csv,2026-08-19,,1.0,False
774.0,2026-08-19,54.5,54.79,53.6,54.43,1111474,,nse_symbols_consolidated.csv,2026-08-19,,1.0,False
775.0,2026-08-19,116.0,116.0,116.0,116.0,18704,,nse_symbols_consolidated.csv,2026-08-19,,1.0,False
776.0,2026-08-19,1.94,1.97,1.88,1.93,136393,,nse_symbols_consolidated.csv,2026-08-19,,1.0,False
777.0,2026-08-19,21.89,22.15,20.86,21.59,600444,,nse_symbols_consolidated.csv,2026-08-19,,1.0,False
886.0,2026-08-19,710.0,718.7,682.1,685.0,251856,,nse_symbols_consolidated.csv,2026-08-19,,1.0,False
888.0,2026-08-19,4152.6,4160.7,4041.3,4100.0,1124808,,nse_symbols_consolidated.csv,2026-08-19,,1.0,False
779.0,2026-08-19,365.05,372.0,353.7,370.85,4775,,nse_symbols_consolidated.csv,2026-08-19,,1.0,False
780.0,2026-08-19,23.1,23.39,22.51,22.62,144712,,nse_symbols_consolidated.csv,2026-08-19,,1.0,False
781.0,2026-08-19,170.57,179.89,168.01,175.55,136060,,nse_symbols_consolidated.csv,2026-08-19,,1.0,False
794.0,2026-08-19,359.9,363.1,358.4,359.6,569396,,nse_symbols_consolidated.csv,2026-08-19,,1.0,False
782.0,2026-08-19,38.72,39.0,38.21,38.39,240332,,nse_symbols_consolidated.csv,2026-08-19,,1.0,False
783.0,2026-08-19,183.8,188.8,180.35,182.45,553574,,nse_symbols_consolidated.csv,2026-08-19,,1.0,False
784.0,2026-08-19,18.9,19.23,18.65,19.17,161327,,nse_symbols_consolidated.csv,2026-08-19,,1.0,False
785.0,2026-08-19,11.69,11.7,11.26,11.43,36557,,nse_symbols_consolidated.csv,2026-08-19,,1.0,False
786.0,2026-08-19,312.0,313.65,308.25,309.3,939067,,nse_symbols_consolidated.csv,2026-08-19,,1.0,False
787.0,2026-08-19,80.69,81.03,79.8,80.01,177787,,nse_symbols_consolidated.csv,2026-08-19,,1.0,False
789.0,2026-08-19,52.0,58.05,51.23,56.76,770053,,nse_symbols_consolidated.csv,2026-08-19,,1.0,False
790.0,2026-08-19,439.85,454.0,437.1,438.7,334558,,nse_symbols_consolidated.csv,2026-08-19,,1.0,False
791.0,2026-08-19,128.9,128.9,123.65,126.4,635762,,nse_symbols_consolidated.csv,2026-08-19,,1.0,False
792.0,2026-08-19,139.05,139.08,136.6,137.25,58316,,nse_symbols_consolidated.csv,2026-08-19,,1.0,False
795.0,2026-08-19,91.54,91.54,88.8,89.05,1777,,nse_symbols_consolidated.csv,2026-08-19,,1.0,False
796.0,2026-08-19,7530.0,7530.0,7475.5,7505.0,13982,,nse_symbols_consolidated.csv,2026-08-19,,1.0,False
797.0,2026-08-19,45.02,45.75,44.06,44.42,24481,,nse_symbols_consolidated.csv,2026-08-19,,1.0,False
800.0,2026-08-19,123.8,124.48,121.16,122.13,291629,,nse_symbols_consolidated.csv,2026-08-19,,1.0,False
799.0,2026-08-19,63.5,64.5,60.5,60.9,762,,nse_symbols_consolidated.csv,2026-08-19,,1.0,False
802.0,2026-08-19,1628.9,1628.9,1601.0,1604.0,89,,nse_symbols_consolidated.csv,2026-08-19,,1.0,False
803.0,2026-08-19,2852.9,2881.4,2827.5,2841.3,254909,,nse_symbols_consolidated.csv,2026-08-19,,1.0,False
804.0,2026-08-19,2877.3,3054.9,2851.0,3032.4,1374693,,nse_symbols_consolidated.csv,2026-08-19,,1.0,False
805.0,2026-08-19,2301.0,2313.9,2222.5,2246.5,833583,,nse_symbols_consolidated.csv,2026-08-19,,1.0,False
807.0,2026-08-19,106.55,109.3,106.4,107.58,34554,,nse_symbols_consolidated.csv,2026-08-19,,1.0,False
1410.0,2026-08-19,1442.9,1445.0,1412.0,1417.2,80452,,nse_symbols_consolidated.csv,2026-08-19,,1.0,False
869.0,2026-08-19,36.93,36.93,35.39,36.61,188513,,nse_symbols_consolidated.csv,2026-08-19,,1.0,False
809.0,2026-08-19,147.2,152.28,147.2,149.02,5577,,nse_symbols_consolidated.csv,2026-08-19,,1.0,False
808.0,2026-08-19,11.55,11.6,11.06,11.45,9385,,nse_symbols_consolidated.csv,2026-08-19,,1.0,False
811.0,2026-08-19,44.62,45.85,44.6,44.97,54568,,nse_symbols_consolidated.csv,2026-08-19,,1.0,False
810.0,2026-08-19,1.98,2.01,1.96,1.99,204314,,nse_symbols_consolidated.csv,2026-08-19,,1.0,False
793.0,2026-08-19,23.9,24.39,23.46,23.99,113297,,nse_symbols_consolidated.csv,2026-08-19,,1.0,False
812.0,2026-08-19,903.0,919.8,900.4,905.2,118314,,nse_symbols_consolidated.csv,2026-08-19,,1.0,False
813.0,2026-08-19,595.2,606.75,595.0,596.0,1914,,nse_symbols_consolidated.csv,2026-08-19,,1.0,False
814.0,2026-08-19,65.75,66.79,65.2,65.39,34114,,nse_symbols_consolidated.csv,2026-08-19,,1.0,False
817.0,2026-08-19,1032.0,1042.0,1010.25,1019.85,100103,,nse_symbols_consolidated.csv,2026-08-19,,1.0,False
818.0,2026-08-19,102.0,103.45,101.3,102.5,13282311,,nse_symbols_consolidated.csv,2026-08-19,,1.0,False
819.0,2026-08-19,96.0,99.8,95.1,98.67,2022909,,nse_symbols_consolidated.csv,2026-08-19,,1.0,False
820.0,2026-08-19,582.9,584.25,566.8,577.15,386282,,nse_symbols_consolidated.csv,2026-08-19,,1.0,False
640.0,2026-08-19,570.7,594.0,569.0,588.4,405714,,nse_symbols_consolidated.csv,2026-08-19,,1.0,False
828.0,2026-08-19,255.95,255.95,251.05,252.05,187084,,nse_symbols_consolidated.csv,2026-08-19,,1.0,False
825.0,2026-08-19,347.95,348.05,332.0,333.6,116641,,nse_symbols_consolidated.csv,2026-08-19,,1.0,False
823.0,2026-08-19,352.8,357.45,352.8,355.65,5667,,nse_symbols_consolidated.csv,2026-08-19,,1.0,False
824.0,2026-08-19,402.4,404.95,396.1,398.55,35729,,nse_symbols_consolidated.csv,2026-08-19,,1.0,False
826.0,2026-08-19,251.5,251.5,242.0,247.15,121946,,nse_symbols_consolidated.csv,2026-08-19,,1.0,False
843.0,2026-08-19,254.0,254.44,245.54,246.1,1219967,,nse_symbols_consolidated.csv,2026-08-19,,1.0,False
827.0,2026-08-19,2106.0,2167.7,2093.7,2117.6,415947,,nse_symbols_consolidated.csv,2026-08-19,,1.0,False
829.0,2026-08-19,587.0,591.75,571.4,573.35,211149,,nse_symbols_consolidated.csv,2026-08-19,,1.0,False
830.0,2026-08-19,938.1,939.4,928.0,930.0,1206186,,nse_symbols_consolidated.csv,2026-08-19,,1.0,False
831.0,2026-08-19,1224.6,1229.8,1205.8,1218.0,48002,,nse_symbols_consolidated.csv,2026-08-19,,1.0,False
832.0,2026-08-19,1997.4,2009.8,1970.0,2007.3,424483,,nse_symbols_consolidated.csv,2026-08-19,,1.0,False
833.0,2026-08-19,813.5,813.55,796.0,797.2,184078,,nse_symbols_consolidated.csv,2026-08-19,,1.0,False
835.0,2026-08-19,236.94,245.49,235.0,243.02,844481,,nse_symbols_consolidated.csv,2026-08-19,,1.0,False
834.0,2026-08-19,38.93,40.8,38.71,40.12,221741,,nse_symbols_consolidated.csv,2026-08-19,,1.0,False
836.0,2026-08-19,24.45,25.7,24.45,24.56,1308,,nse_symbols_consolidated.csv,2026-08-19,,1.0,False
837.0,2026-08-19,364.3,366.85,357.6,363.7,636295,,nse_symbols_consolidated.csv,2026-08-19,,1.0,False
839.0,2026-08-19,1340.0,1370.4,1316.8,1363.3,319719,,nse_symbols_consolidated.csv,2026-08-19,,1.0,False
840.0,2026-08-19,763.5,767.0,752.05,761.4,3881,,nse_symbols_consolidated.csv,2026-08-19,,1.0,False
841.0,2026-08-19,271.8,294.0,269.7,288.45,1097692,,nse_symbols_consolidated.csv,2026-08-19,,1.0,False
842.0,2026-08-19,6.3,6.44,6.3,6.35,26436,,nse_symbols_consolidated.csv,2026-08-19,,1.0,False
883.0,2026-08-19,63.69,65.42,63.69,64.61,474381,,nse_symbols_consolidated.csv,2026-08-19,,1.0,False
845.0,2026-08-19,153.0,155.89,152.12,154.06,114732,,nse_symbols_consolidated.csv,2026-08-19,,1.0,False
846.0,2026-08-19,115.12,115.12,112.0,113.03,101628,,nse_symbols_consolidated.csv,2026-08-19,,1.0,False
847.0,2026-08-19,2.89,2.94,2.71,2.86,6246832,,nse_symbols_consolidated.csv,2026-08-19,,1.0,False
848.0,2026-08-19,40.99,40.99,37.58,37.81,5138,,nse_symbols_consolidated.csv,2026-08-19,,1.0,False
849.0,2026-08-19,853.45,860.4,827.6,841.15,287607,,nse_symbols_consolidated.csv,2026-08-19,,1.0,False
850.0,2026-08-19,739.9,744.5,715.0,717.55,642444,,nse_symbols_consolidated.csv,2026-08-19,,1.0,False
851.0,2026-08-19,3278.7,3278.7,3223.0,3270.0,978120,,nse_symbols_consolidated.csv,2026-08-19,,1.0,False
852.0,2026-08-19,66.2,67.83,66.0,66.59,192381,,nse_symbols_consolidated.csv,2026-08-19,,1.0,False
853.0,2026-08-19,28.72,28.72,28.72,28.72,57,,nse_symbols_consolidated.csv,2026-08-19,,1.0,False
854.0,2026-08-19,1809.5,1814.1,1783.1,1793.1,73944,,nse_symbols_consolidated.csv,2026-08-19,,1.0,False
855.0,2026-08-19,198.58,198.59,194.12,195.03,697212,,nse_symbols_consolidated.csv,2026-08-19,,1.0,False
856.0,2026-08-19,257.0,258.7,252.15,254.7,105319,,nse_symbols_consolidated.csv,2026-08-19,,1.0,False
857.0,2026-08-19,167.3,169.36,159.25,160.66,320047,,nse_symbols_consolidated.csv,2026-08-19,,1.0,False
858.0,2026-08-19,286.2,291.85,282.2,283.9,104927,,nse_symbols_consolidated.csv,2026-08-19,,1.0,False
778.0,2026-08-19,513.8,529.7,510.35,521.7,574014,,nse_symbols_consolidated.csv,2026-08-19,,1.0,False
860.0,2026-08-19,2100.0,2110.4,2041.0,2052.5,25108,,nse_symbols_consolidated.csv,2026-08-19,,1.0,False
862.0,2026-08-19,87.6,90.0,87.5,88.79,1088405,,nse_symbols_consolidated.csv,2026-08-19,,1.0,False
865.0,2026-08-19,1992.7,2037.3,1982.1,1985.4,876,,nse_symbols_consolidated.csv,2026-08-19,,1.0,False
870.0,2026-08-19,590.9,600.0,585.4,594.1,190879,,nse_symbols_consolidated.csv,2026-08-19,,1.0,False
871.0,2026-08-19,12.76,13.36,12.06,12.5,45404,,nse_symbols_consolidated.csv,2026-08-19,,1.0,False
874.0,2026-08-19,1.22,1.24,1.2,1.21,38106348,,nse_symbols_consolidated.csv,2026-08-19,,1.0,False
873.0,2026-08-19,7.57,7.64,6.71,7.25,320856,,nse_symbols_consolidated.csv,2026-08-19,,1.0,False
875.0,2026-08-19,53.5,54.39,52.7,53.78,121141,,nse_symbols_consolidated.csv,2026-08-19,,1.0,False
876.0,2026-08-19,424.0,426.0,416.65,421.75,63874,,nse_symbols_consolidated.csv,2026-08-19,,1.0,False
798.0,2026-08-19,171.99,173.19,171.12,171.96,194670,,nse_symbols_consolidated.csv,2026-08-19,,1.0,False
821.0,2026-08-19,608.95,613.9,598.7,602.3,484634,,nse_symbols_consolidated.csv,2026-08-19,,1.0,False
868.0,2026-08-19,160.5,164.25,159.55,161.98,1602786,,nse_symbols_consolidated.csv,2026-08-19,,1.0,False
878.0,2026-08-19,345.15,371.0,339.0,365.05,22184,,nse_symbols_consolidated.csv,2026-08-19,,1.0,False
877.0,2026-08-19,678.55,682.95,655.5,664.45,49357,,nse_symbols_consolidated.csv,2026-08-19,,1.0,False
757.0,2026-08-19,177.76,177.76,173.0,173.83,701529,,nse_symbols_consolidated.csv,2026-08-19,,1.0,False
879.0,2026-08-19,275.0,277.65,265.15,266.1,2269169,,nse_symbols_consolidated.csv,2026-08-19,,1.0,False
743.0,2026-08-19,4710.0,4749.0,4650.0,4689.1,165198,,nse_symbols_consolidated.csv,2026-08-19,,1.0,False
801.0,2026-08-19,153.46,161.22,152.0,157.25,1459210,,nse_symbols_consolidated.csv,2026-08-19,,1.0,False
806.0,2026-08-19,5.9,5.9,5.56,5.82,6738,,nse_symbols_consolidated.csv,2026-08-19,,1.0,False
816.0,2026-08-19,571.05,573.35,555.8,557.75,910963,,nse_symbols_consolidated.csv,2026-08-19,,1.0,False
822.0,2026-08-19,104.7,107.99,104.0,105.4,45032,,nse_symbols_consolidated.csv,2026-08-19,,1.0,False
844.0,2026-08-19,160.91,166.15,160.51,165.13,3619269,,nse_symbols_consolidated.csv,2026-08-19,,1.0,False
880.0,2026-08-19,42.45,42.45,40.26,40.66,2024,,nse_symbols_consolidated.csv,2026-08-19,,1.0,False
881.0,2026-08-19,374.25,385.65,369.35,372.3,189017,,nse_symbols_consolidated.csv,2026-08-19,,1.0,False
882.0,2026-08-19,1170.9,1170.9,1148.0,1153.7,35759,,nse_symbols_consolidated.csv,2026-08-19,,1.0,False
884.0,2026-08-19,188.62,189.25,180.9,182.18,493720,,nse_symbols_consolidated.csv,2026-08-19,,1.0,False
885.0,2026-08-19,2.33,2.36,2.3,2.32,457063,,nse_symbols_consolidated.csv,2026-08-19,,1.0,False
887.0,2026-08-19,6.92,7.07,6.92,7.01,25518,,nse_symbols_consolidated.csv,2026-08-19,,1.0,False
889.0,2026-08-19,160.47,160.47,148.72,151.9,48275,,nse_symbols_consolidated.csv,2026-08-19,,1.0,False
907.0,2026-08-19,75.0,76.9,74.8,74.8,1487,,nse_symbols_consolidated.csv,2026-08-19,,1.0,False
934.0,2026-08-19,520.05,562.45,511.35,518.55,4792216,,nse_symbols_consolidated.csv,2026-08-19,,1.0,False
891.0,2026-08-19,290.66,300.0,282.71,290.77,30491,,nse_symbols_consolidated.csv,2026-08-19,,1.0,False
892.0,2026-08-19,126.98,130.9,125.0,129.67,50020,,nse_symbols_consolidated.csv,2026-08-19,,1.0,False
893.0,2026-08-19,1484.0,1484.0,1450.4,1456.4,98,,nse_symbols_consolidated.csv,2026-08-19,,1.0,False
894.0,2026-08-19,8.29,8.29,7.62,7.93,12274,,nse_symbols_consolidated.csv,2026-08-19,,1.0,False
935.0,2026-08-19,44.5,47.79,44.0,44.0,2455,,nse_symbols_consolidated.csv,2026-08-19,,1.0,False
895.0,2026-08-19,415.0,419.75,405.15,410.4,2389705,,nse_symbols_consolidated.csv,2026-08-19,,1.0,False
896.0,2026-08-19,2280.0,2340.0,2220.2,2307.9,169635,,nse_symbols_consolidated.csv,2026-08-19,,1.0,False
897.0,2026-08-19,9.47,10.36,9.11,9.21,5519657,,nse_symbols_consolidated.csv,2026-08-19,,1.0,False
898.0,2026-08-19,355.0,355.0,346.5,348.0,63089,,nse_symbols_consolidated.csv,2026-08-19,,1.0,False
970.0,2026-08-19,104.0,104.05,99.0,99.01,1402,,nse_symbols_consolidated.csv,2026-08-19,,1.0,False
899.0,2026-08-19,192.88,198.76,188.0,192.53,24648,,nse_symbols_consolidated.csv,2026-08-19,,1.0,False
900.0,2026-08-19,442.0,444.6,432.8,436.55,202689,,nse_symbols_consolidated.csv,2026-08-19,,1.0,False
901.0,2026-08-19,10.51,10.56,10.43,10.43,1149530,,nse_symbols_consolidated.csv,2026-08-19,,1.0,False
902.0,2026-08-19,985.35,1000.0,921.0,930.3,147018,,nse_symbols_consolidated.csv,2026-08-19,,1.0,False
903.0,2026-08-19,1293.0,1306.6,1275.0,1287.0,567244,,nse_symbols_consolidated.csv,2026-08-19,,1.0,False
905.0,2026-08-19,8196.0,8201.5,7930.0,8049.0,4353,,nse_symbols_consolidated.csv,2026-08-19,,1.0,False
906.0,2026-08-19,21.34,21.51,21.01,21.2,60106,,nse_symbols_consolidated.csv,2026-08-19,,1.0,False
909.0,2026-08-19,60.5,62.9,59.75,60.0,894,,nse_symbols_consolidated.csv,2026-08-19,,1.0,False
910.0,2026-08-19,54.1,57.0,54.1,55.08,2340,,nse_symbols_consolidated.csv,2026-08-19,,1.0,False
908.0,2026-08-19,670.05,675.5,661.25,671.85,814522,,nse_symbols_consolidated.csv,2026-08-19,,1.0,False
913.0,2026-08-19,11.32,11.47,11.2,11.26,68548,,nse_symbols_consolidated.csv,2026-08-19,,1.0,False
914.0,2026-08-19,1309.0,1324.8,1301.4,1324.8,1693632,,nse_symbols_consolidated.csv,2026-08-19,,1.0,False
915.0,2026-08-19,700.0,700.6,680.1,681.1,511731,,nse_symbols_consolidated.csv,2026-08-19,,1.0,False
916.0,2026-08-19,2515.1,2552.6,2501.0,2551.7,792412,,nse_symbols_consolidated.csv,2026-08-19,,1.0,False
917.0,2026-08-19,724.0,725.4,715.1,720.0,21342651,,nse_symbols_consolidated.csv,2026-08-19,,1.0,False
918.0,2026-08-19,538.0,539.75,533.3,536.3,2892561,,nse_symbols_consolidated.csv,2026-08-19,,1.0,False
920.0,2026-08-19,6.65,6.95,6.61,6.78,3535,,nse_symbols_consolidated.csv,2026-08-19,,1.0,False
921.0,2026-08-19,288.0,327.9,286.5,313.7,8983,,nse_symbols_consolidated.csv,2026-08-19,,1.0,False
912.0,2026-08-19,716.05,755.0,709.3,745.25,406194,,nse_symbols_consolidated.csv,2026-08-19,,1.0,False
922.0,2026-08-19,124.9,124.9,115.5,116.8,18313,,nse_symbols_consolidated.csv,2026-08-19,,1.0,False
923.0,2026-08-19,741.0,743.9,700.0,708.05,2902144,,nse_symbols_consolidated.csv,2026-08-19,,1.0,False
924.0,2026-08-19,160.0,160.89,157.5,158.1,96917,,nse_symbols_consolidated.csv,2026-08-19,,1.0,False
925.0,2026-08-19,133.0,133.53,129.6,130.39,344946,,nse_symbols_consolidated.csv,2026-08-19,,1.0,False
926.0,2026-08-19,162.0,164.77,158.99,162.99,121371,,nse_symbols_consolidated.csv,2026-08-19,,1.0,False
927.0,2026-08-19,361.0,362.1,356.25,360.0,100022,,nse_symbols_consolidated.csv,2026-08-19,,1.0,False
928.0,2026-08-19,5699.5,5767.5,5664.5,5709.5,348863,,nse_symbols_consolidated.csv,2026-08-19,,1.0,False
929.0,2026-08-19,2451.2,2492.0,2400.0,2412.3,3423,,nse_symbols_consolidated.csv,2026-08-19,,1.0,False
931.0,2026-08-19,159.9,167.0,157.01,161.94,6278,,nse_symbols_consolidated.csv,2026-08-19,,1.0,False
930.0,2026-08-19,67.2,69.73,66.99,68.97,832383,,nse_symbols_consolidated.csv,2026-08-19,,1.0,False
932.0,2026-08-19,556.65,578.0,547.2,553.3,280030,,nse_symbols_consolidated.csv,2026-08-19,,1.0,False
933.0,2026-08-19,233.0,234.4,224.0,226.53,14962246,,nse_symbols_consolidated.csv,2026-08-19,,1.0,False
954.0,2026-08-19,77.5,78.25,76.72,77.06,322670,,nse_symbols_consolidated.csv,2026-08-19,,1.0,False
938.0,2026-08-19,46.8,46.8,45.25,45.68,60714,,nse_symbols_consolidated.csv,2026-08-19,,1.0,False
937.0,2026-08-19,214.56,216.0,212.8,214.11,76141,,nse_symbols_consolidated.csv,2026-08-19,,1.0,False
939.0,2026-08-19,20.35,20.4,20.0,20.2,66005,,nse_symbols_consolidated.csv,2026-08-19,,1.0,False
971.0,2026-08-19,782.5,785.0,701.7,750.25,33126152,,nse_symbols_consolidated.csv,2026-08-19,,1.0,False
940.0,2026-08-19,71.5,71.63,69.6,69.75,304499,,nse_symbols_consolidated.csv,2026-08-19,,1.0,False
943.0,2026-08-19,101.9,101.9,96.51,98.46,2867,,nse_symbols_consolidated.csv,2026-08-19,,1.0,False
942.0,2026-08-19,1030.6,1039.2,1025.55,1038.95,2125136,,nse_symbols_consolidated.csv,2026-08-19,,1.0,False
945.0,2026-08-19,22.61,22.89,21.15,21.55,16265,,nse_symbols_consolidated.csv,2026-08-19,,1.0,False
968.0,2026-08-19,130.0,131.99,126.5,131.04,2925,,nse_symbols_consolidated.csv,2026-08-19,,1.0,False
936.0,2026-08-19,402.9,417.75,402.9,408.0,9729,,nse_symbols_consolidated.csv,2026-08-19,,1.0,False
941.0,2026-08-19,389.4,394.0,366.55,369.95,30491,,nse_symbols_consolidated.csv,2026-08-19,,1.0,False
890.0,2026-08-19,5099.0,5099.3,5005.0,5017.0,983643,,nse_symbols_consolidated.csv,2026-08-19,,1.0,False
944.0,2026-08-19,414.0,416.05,401.5,407.3,3300,,nse_symbols_consolidated.csv,2026-08-19,,1.0,False
911.0,2026-08-19,20.06,20.24,19.71,19.83,17175564,,nse_symbols_consolidated.csv,2026-08-19,,1.0,False
946.0,2026-08-19,560.0,569.0,553.0,554.85,5929490,,nse_symbols_consolidated.csv,2026-08-19,,1.0,False
962.0,2026-08-19,670.0,677.75,640.0,643.25,455616,,nse_symbols_consolidated.csv,2026-08-19,,1.0,False
961.0,2026-08-19,94.49,95.75,91.01,95.05,19225,,nse_symbols_consolidated.csv,2026-08-19,,1.0,False
947.0,2026-08-19,156.99,157.73,153.51,153.71,428461,,nse_symbols_consolidated.csv,2026-08-19,,1.0,False
948.0,2026-08-19,367.0,368.0,364.6,366.45,2352028,,nse_symbols_consolidated.csv,2026-08-19,,1.0,False
949.0,2026-08-19,2035.0,2041.7,2008.3,2020.7,1449442,,nse_symbols_consolidated.csv,2026-08-19,,1.0,False
951.0,2026-08-19,550.0,561.9,548.8,557.0,3683890,,nse_symbols_consolidated.csv,2026-08-19,,1.0,False
950.0,2026-08-19,201.35,202.79,196.0,199.19,253302,,nse_symbols_consolidated.csv,2026-08-19,,1.0,False
952.0,2026-08-19,1252.5,1297.6,1245.4,1263.8,58199,,nse_symbols_consolidated.csv,2026-08-19,,1.0,False
953.0,2026-08-19,152.11,153.87,150.62,152.05,1617,,nse_symbols_consolidated.csv,2026-08-19,,1.0,False
1736.0,2026-08-19,35100.0,35100.0,33360.0,33800.0,186593,,nse_symbols_consolidated.csv,2026-08-19,,1.0,False
955.0,2026-08-19,335.0,338.0,330.7,332.0,9326,,nse_symbols_consolidated.csv,2026-08-19,,1.0,False
957.0,2026-08-19,307.0,328.8,305.0,315.95,761084,,nse_symbols_consolidated.csv,2026-08-19,,1.0,False
958.0,2026-08-19,6.7,6.74,6.63,6.63,114950,,nse_symbols_consolidated.csv,2026-08-19,,1.0,False
959.0,2026-08-19,22.4,22.98,21.5,21.94,2998242,,nse_symbols_consolidated.csv,2026-08-19,,1.0,False
960.0,2026-08-19,61.02,61.96,60.5,61.37,19346,,nse_symbols_consolidated.csv,2026-08-19,,1.0,False
963.0,2026-08-19,1177.1,1191.7,1174.6,1184.4,106775,,nse_symbols_consolidated.csv,2026-08-19,,1.0,False
964.0,2026-08-19,477.0,479.95,471.05,476.6,736456,,nse_symbols_consolidated.csv,2026-08-19,,1.0,False
966.0,2026-08-19,2111.0,2115.5,2066.1,2082.4,5251,,nse_symbols_consolidated.csv,2026-08-19,,1.0,False
965.0,2026-08-19,36400.0,36560.0,35880.0,36140.0,1381,,nse_symbols_consolidated.csv,2026-08-19,,1.0,False
919.0,2026-08-19,1.48,1.54,1.48,1.52,133348,,nse_symbols_consolidated.csv,2026-08-19,,1.0,False
967.0,2026-08-19,34.67,35.5,34.0,34.51,79179,,nse_symbols_consolidated.csv,2026-08-19,,1.0,False
969.0,2026-08-19,316.9,316.95,310.0,310.8,62190,,nse_symbols_consolidated.csv,2026-08-19,,1.0,False
974.0,2026-08-19,187.21,192.0,187.0,188.32,2510381,,nse_symbols_consolidated.csv,2026-08-19,,1.0,False
972.0,2026-08-19,26.78,26.97,25.8,26.09,86119,,nse_symbols_consolidated.csv,2026-08-19,,1.0,False
973.0,2026-08-19,180.55,182.79,178.5,180.12,242206,,nse_symbols_consolidated.csv,2026-08-19,,1.0,False
975.0,2026-08-19,275.25,278.9,266.7,268.05,117971,,nse_symbols_consolidated.csv,2026-08-19,,1.0,False
976.0,2026-08-19,17.68,17.68,16.98,17.0,11820,,nse_symbols_consolidated.csv,2026-08-19,,1.0,False
977.0,2026-08-19,2185.0,2218.8,2160.1,2174.5,810355,,nse_symbols_consolidated.csv,2026-08-19,,1.0,False
1000.0,2026-08-19,480.0,497.7,474.05,476.4,63337,,nse_symbols_consolidated.csv,2026-08-19,,1.0,False
1082.0,2026-08-19,645.65,650.25,636.6,637.1,326,,nse_symbols_consolidated.csv,2026-08-19,,1.0,False
979.0,2026-08-19,40.38,41.48,40.0,40.0,1381,,nse_symbols_consolidated.csv,2026-08-19,,1.0,False
980.0,2026-08-19,723.8,736.1,702.5,728.25,41901,,nse_symbols_consolidated.csv,2026-08-19,,1.0,False
982.0,2026-08-19,1412.0,1416.0,1391.5,1402.0,10304210,,nse_symbols_consolidated.csv,2026-08-19,,1.0,False
983.0,2026-08-19,1625.0,1632.8,1611.0,1615.7,325133,,nse_symbols_consolidated.csv,2026-08-19,,1.0,False
984.0,2026-08-19,499.0,502.2,493.85,499.5,664569,,nse_symbols_consolidated.csv,2026-08-19,,1.0,False
981.0,2026-08-19,3099.0,3292.0,3083.9,3260.9,1108876,,nse_symbols_consolidated.csv,2026-08-19,,1.0,False
986.0,2026-08-19,4975.6,4978.6,4880.1,4893.3,26402,,nse_symbols_consolidated.csv,2026-08-19,,1.0,False
987.0,2026-08-19,81.09,81.69,80.5,80.72,2162834,,nse_symbols_consolidated.csv,2026-08-19,,1.0,False
989.0,2026-08-19,862.0,876.55,820.05,825.2,1065873,,nse_symbols_consolidated.csv,2026-08-19,,1.0,False
990.0,2026-08-19,85.24,85.55,85.0,85.49,8681089,,nse_symbols_consolidated.csv,2026-08-19,,1.0,False
992.0,2026-08-19,1013.5,1026.3,980.0,992.1,7303,,nse_symbols_consolidated.csv,2026-08-19,,1.0,False
993.0,2026-08-19,1413.4,1415.9,1385.0,1398.4,26037,,nse_symbols_consolidated.csv,2026-08-19,,1.0,False
994.0,2026-08-19,81.87,84.19,81.0,81.68,63787696,,nse_symbols_consolidated.csv,2026-08-19,,1.0,False
995.0,2026-08-19,222.83,227.99,218.11,220.69,21248,,nse_symbols_consolidated.csv,2026-08-19,,1.0,False
996.0,2026-08-19,450.0,451.95,437.0,438.9,56091,,nse_symbols_consolidated.csv,2026-08-19,,1.0,False
1002.0,2026-08-19,334.1,335.95,333.6,334.05,148563,,nse_symbols_consolidated.csv,2026-08-19,,1.0,False
1001.0,2026-08-19,622.7,636.8,617.4,630.85,1564558,,nse_symbols_consolidated.csv,2026-08-19,,1.0,False
1004.0,2026-08-19,196.65,198.0,194.35,195.17,79152,,nse_symbols_consolidated.csv,2026-08-19,,1.0,False
1006.0,2026-08-19,37.55,38.0,35.75,37.54,37062,,nse_symbols_consolidated.csv,2026-08-19,,1.0,False
1089.0,2026-08-19,8.21,8.26,8.08,8.22,79905,,nse_symbols_consolidated.csv,2026-08-19,,1.0,False
1007.0,2026-08-19,2.09,2.09,2.01,2.01,41787,,nse_symbols_consolidated.csv,2026-08-19,,1.0,False
1008.0,2026-08-19,46.25,49.99,45.45,48.52,2738575,,nse_symbols_consolidated.csv,2026-08-19,,1.0,False
1011.0,2026-08-19,3.78,3.78,3.78,3.78,21418,,nse_symbols_consolidated.csv,2026-08-19,,1.0,False
1013.0,2026-08-19,31.37,32.99,31.23,31.99,2528,,nse_symbols_consolidated.csv,2026-08-19,,1.0,False
1010.0,2026-08-19,1100.1,1126.4,1086.2,1096.0,2744,,nse_symbols_consolidated.csv,2026-08-19,,1.0,False
1042.0,2026-08-19,347.47,348.0,320.05,322.06,1535652,,nse_symbols_consolidated.csv,2026-08-19,,1.0,False
1043.0,2026-08-19,31.5,31.5,30.25,30.55,21571,,nse_symbols_consolidated.csv,2026-08-19,,1.0,False
1014.0,2026-08-19,32.95,32.95,31.28,31.58,55232,,nse_symbols_consolidated.csv,2026-08-19,,1.0,False
278.0,2026-08-19,214.19,218.0,213.13,215.04,15712,,nse_symbols_consolidated.csv,2026-08-19,,1.0,False
1015.0,2026-08-19,567.65,574.0,560.4,565.6,302162,,nse_symbols_consolidated.csv,2026-08-19,,1.0,False
1018.0,2026-08-19,1144.7,1145.0,1095.2,1106.3,182200,,nse_symbols_consolidated.csv,2026-08-19,,1.0,False
1027.0,2026-08-19,1120.3,1123.9,1106.5,1110.1,8682,,nse_symbols_consolidated.csv,2026-08-19,,1.0,False
1069.0,2026-08-19,138.19,138.97,136.35,137.29,81251,,nse_symbols_consolidated.csv,2026-08-19,,1.0,False
1023.0,2026-08-19,664.65,679.8,652.7,655.25,74733,,nse_symbols_consolidated.csv,2026-08-19,,1.0,False
1085.0,2026-08-19,692.95,706.8,678.6,683.0,105967,,nse_symbols_consolidated.csv,2026-08-19,,1.0,False
978.0,2026-08-19,26.89,27.14,25.81,26.47,14770355,,nse_symbols_consolidated.csv,2026-08-19,,1.0,False
1019.0,2026-08-19,1753.0,1759.9,1730.0,1734.3,87736,,nse_symbols_consolidated.csv,2026-08-19,,1.0,False
1020.0,2026-08-19,878.35,881.0,865.0,873.15,464807,,nse_symbols_consolidated.csv,2026-08-19,,1.0,False
1021.0,2026-08-19,218.0,221.93,213.4,214.04,1370,,nse_symbols_consolidated.csv,2026-08-19,,1.0,False
991.0,2026-08-19,124.06,124.35,122.1,123.0,3276922,,nse_symbols_consolidated.csv,2026-08-19,,1.0,False
1022.0,2026-08-19,359.75,368.7,359.75,363.2,15420,,nse_symbols_consolidated.csv,2026-08-19,,1.0,False
1009.0,2026-08-19,1411.2,1464.8,1401.2,1457.9,150756,,nse_symbols_consolidated.csv,2026-08-19,,1.0,False
1065.0,2026-08-19,137.5,138.1,136.25,136.3,8404311,,nse_symbols_consolidated.csv,2026-08-19,,1.0,False
1064.0,2026-08-19,33.5,33.5,33.09,33.18,1425176,,nse_symbols_consolidated.csv,2026-08-19,,1.0,False
1073.0,2026-08-19,492.0,494.95,488.0,488.35,711247,,nse_symbols_consolidated.csv,2026-08-19,,1.0,False
1075.0,2026-08-19,86.11,87.3,85.0,85.18,9477952,,nse_symbols_consolidated.csv,2026-08-19,,1.0,False
1074.0,2026-08-19,115.27,115.86,113.75,113.92,3591311,,nse_symbols_consolidated.csv,2026-08-19,,1.0,False
1091.0,2026-08-19,33.85,34.7,33.6,34.16,1774,,nse_symbols_consolidated.csv,2026-08-19,,1.0,False
1025.0,2026-08-19,1150.8,1156.0,1134.5,1148.8,83159,,nse_symbols_consolidated.csv,2026-08-19,,1.0,False
1026.0,2026-08-19,187.01,196.8,187.01,192.17,192480,,nse_symbols_consolidated.csv,2026-08-19,,1.0,False
1028.0,2026-08-19,121.11,126.5,119.6,124.85,45144,,nse_symbols_consolidated.csv,2026-08-19,,1.0,False
1029.0,2026-08-19,437.1,440.95,422.25,433.85,99946,,nse_symbols_consolidated.csv,2026-08-19,,1.0,False
985.0,2026-08-19,434.0,449.4,424.1,443.8,2511743,,nse_symbols_consolidated.csv,2026-08-19,,1.0,False
1031.0,2026-08-19,143.9,144.17,135.91,137.16,324275,,nse_symbols_consolidated.csv,2026-08-19,,1.0,False
1034.0,2026-08-19,56.81,56.99,55.36,56.29,70893,,nse_symbols_consolidated.csv,2026-08-19,,1.0,False
1036.0,2026-08-19,3917.4,3917.4,3680.0,3709.8,44647,,nse_symbols_consolidated.csv,2026-08-19,,1.0,False
1037.0,2026-08-19,66.1,66.1,66.1,66.1,42916,,nse_symbols_consolidated.csv,2026-08-19,,1.0,False
1038.0,2026-08-19,88.99,90.88,86.17,86.86,40328,,nse_symbols_consolidated.csv,2026-08-19,,1.0,False
1033.0,2026-08-19,965.2,989.9,936.65,967.95,6583796,,nse_symbols_consolidated.csv,2026-08-19,,1.0,False
1564.0,2026-08-19,334.0,334.0,326.0,327.8,822,,nse_symbols_consolidated.csv,2026-08-19,,1.0,False
1030.0,2026-08-19,221.0,222.8,215.26,217.19,39220,,nse_symbols_consolidated.csv,2026-08-19,,1.0,False
997.0,2026-08-19,72.25,72.92,71.12,72.13,106618,,nse_symbols_consolidated.csv,2026-08-19,,1.0,False
1032.0,2026-08-19,585.5,601.0,560.0,587.35,3093,,nse_symbols_consolidated.csv,2026-08-19,,1.0,False
2488.0,2026-08-19,295.0,297.5,291.6,293.15,34526,,nse_symbols_consolidated.csv,2026-08-19,,1.0,False
1035.0,2026-08-19,250.2,253.8,248.85,250.55,87804,,nse_symbols_consolidated.csv,2026-08-19,,1.0,False
1039.0,2026-08-19,8.33,8.75,7.99,8.53,288458,,nse_symbols_consolidated.csv,2026-08-19,,1.0,False
999.0,2026-08-19,153.35,157.68,150.1,152.64,13762283,,nse_symbols_consolidated.csv,2026-08-19,,1.0,False
1041.0,2026-08-19,370.0,380.35,367.25,374.45,363437,,nse_symbols_consolidated.csv,2026-08-19,,1.0,False
1045.0,2026-08-19,372.4,373.05,368.7,372.4,3330556,,nse_symbols_consolidated.csv,2026-08-19,,1.0,False
1044.0,2026-08-19,1011.9,1016.7,1007.6,1016.7,433216,,nse_symbols_consolidated.csv,2026-08-19,,1.0,False
1040.0,2026-08-19,6136.0,6300.0,6136.0,6175.0,33,,nse_symbols_consolidated.csv,2026-08-19,,1.0,False
1003.0,2026-08-19,146.94,150.3,145.1,145.86,92776,,nse_symbols_consolidated.csv,2026-08-19,,1.0,False
1516.0,2026-08-19,1355.0,1378.4,1351.5,1378.4,826319,,nse_symbols_consolidated.csv,2026-08-19,,1.0,False
1046.0,2026-08-19,156.39,161.5,156.39,157.76,170916,,nse_symbols_consolidated.csv,2026-08-19,,1.0,False
1047.0,2026-08-19,5.17,5.43,4.9,5.09,21621,,nse_symbols_consolidated.csv,2026-08-19,,1.0,False
1048.0,2026-08-19,1125.6,1134.7,1113.8,1119.8,8408573,,nse_symbols_consolidated.csv,2026-08-19,,1.0,False
1049.0,2026-08-19,4739.9,4748.0,4628.0,4641.4,30593,,nse_symbols_consolidated.csv,2026-08-19,,1.0,False
1050.0,2026-08-19,1043.0,1053.55,1001.0,1039.75,36984,,nse_symbols_consolidated.csv,2026-08-19,,1.0,False
1051.0,2026-08-19,307.1,315.0,295.35,310.05,21610,,nse_symbols_consolidated.csv,2026-08-19,,1.0,False
1052.0,2026-08-19,272.0,277.75,263.7,266.35,15830,,nse_symbols_consolidated.csv,2026-08-19,,1.0,False
1053.0,2026-08-19,179.0,179.0,174.0,175.89,623298,,nse_symbols_consolidated.csv,2026-08-19,,1.0,False
1054.0,2026-08-19,1946.9,1964.2,1879.8,1930.3,133025,,nse_symbols_consolidated.csv,2026-08-19,,1.0,False
1055.0,2026-08-19,75.0,75.15,73.5,73.74,12507160,,nse_symbols_consolidated.csv,2026-08-19,,1.0,False
1056.0,2026-08-19,619.0,624.5,610.35,613.55,17498,,nse_symbols_consolidated.csv,2026-08-19,,1.0,False
1012.0,2026-08-19,95.48,96.9,92.2,93.31,571563,,nse_symbols_consolidated.csv,2026-08-19,,1.0,False
1057.0,2026-08-19,90.0,91.9,89.0,91.49,1570,,nse_symbols_consolidated.csv,2026-08-19,,1.0,False
699.0,2026-08-19,1.22,1.25,1.2,1.2,7574592,,nse_symbols_consolidated.csv,2026-08-19,,1.0,False
1058.0,2026-08-19,696.0,699.1,677.0,678.45,272420,,nse_symbols_consolidated.csv,2026-08-19,,1.0,False
1059.0,2026-08-19,79.1,81.29,79.1,80.22,21885,,nse_symbols_consolidated.csv,2026-08-19,,1.0,False
1060.0,2026-08-19,1748.2,1778.3,1695.0,1703.4,83456,,nse_symbols_consolidated.csv,2026-08-19,,1.0,False
1024.0,2026-08-19,5189.5,5218.0,5149.5,5193.0,372642,,nse_symbols_consolidated.csv,2026-08-19,,1.0,False
1061.0,2026-08-19,76.06,77.55,75.18,75.63,41200,,nse_symbols_consolidated.csv,2026-08-19,,1.0,False
998.0,2026-08-19,352.0,352.0,337.0,338.4,665912,,nse_symbols_consolidated.csv,2026-08-19,,1.0,False
1079.0,2026-08-19,78.49,86.0,78.49,84.76,119678,,nse_symbols_consolidated.csv,2026-08-19,,1.0,False
1062.0,2026-08-19,0.9,0.91,0.88,0.89,1448773,,nse_symbols_consolidated.csv,2026-08-19,,1.0,False
1005.0,2026-08-19,1870.0,1876.2,1800.0,1812.3,144201,,nse_symbols_consolidated.csv,2026-08-19,,1.0,False
1063.0,2026-08-19,1270.0,1319.3,1270.0,1316.6,24346,,nse_symbols_consolidated.csv,2026-08-19,,1.0,False
1066.0,2026-08-19,159.52,159.98,155.06,156.92,1216026,,nse_symbols_consolidated.csv,2026-08-19,,1.0,False
1067.0,2026-08-19,367.85,375.05,364.0,372.95,260589,,nse_symbols_consolidated.csv,2026-08-19,,1.0,False
1070.0,2026-08-19,147.97,151.0,143.29,147.67,4317,,nse_symbols_consolidated.csv,2026-08-19,,1.0,False
1068.0,2026-08-19,1882.1,1937.9,1863.0,1903.7,753334,,nse_symbols_consolidated.csv,2026-08-19,,1.0,False
1071.0,2026-08-19,19.03,19.06,18.9,18.98,5476549,,nse_symbols_consolidated.csv,2026-08-19,,1.0,False
1072.0,2026-08-19,123.02,125.99,122.21,122.62,1117122,,nse_symbols_consolidated.csv,2026-08-19,,1.0,False
1077.0,2026-08-19,59.43,60.18,58.25,58.62,2170964,,nse_symbols_consolidated.csv,2026-08-19,,1.0,False
1076.0,2026-08-19,252.0,254.71,243.0,244.92,26239,,nse_symbols_consolidated.csv,2026-08-19,,1.0,False
1078.0,2026-08-19,291.8,300.95,285.05,286.8,127778,,nse_symbols_consolidated.csv,2026-08-19,,1.0,False
1080.0,2026-08-19,791.9,791.9,754.0,756.6,63757,,nse_symbols_consolidated.csv,2026-08-19,,1.0,False
1081.0,2026-08-19,46.81,50.44,46.52,47.82,506377,,nse_symbols_consolidated.csv,2026-08-19,,1.0,False
1084.0,2026-08-19,164.5,165.3,163.24,163.49,808045,,nse_symbols_consolidated.csv,2026-08-19,,1.0,False
1083.0,2026-08-19,270.0,270.95,265.85,267.05,13821291,,nse_symbols_consolidated.csv,2026-08-19,,1.0,False
1086.0,2026-08-19,282.0,295.9,277.35,279.95,1540125,,nse_symbols_consolidated.csv,2026-08-19,,1.0,False
1087.0,2026-08-19,327.0,331.0,319.8,326.9,880,,nse_symbols_consolidated.csv,2026-08-19,,1.0,False
1088.0,2026-08-19,280.0,286.0,276.0,278.65,167061,,nse_symbols_consolidated.csv,2026-08-19,,1.0,False
1090.0,2026-08-19,174.05,184.63,174.05,182.68,34532,,nse_symbols_consolidated.csv,2026-08-19,,1.0,False
1093.0,2026-08-19,914.2,915.0,866.15,871.55,98265,,nse_symbols_consolidated.csv,2026-08-19,,1.0,False
1094.0,2026-08-19,151.37,152.17,148.55,148.95,1386238,,nse_symbols_consolidated.csv,2026-08-19,,1.0,False
1112.0,2026-08-19,650.0,663.1,623.55,627.95,387772,,nse_symbols_consolidated.csv,2026-08-19,,1.0,False
1095.0,2026-08-19,61.31,61.93,61.31,61.54,121413,,nse_symbols_consolidated.csv,2026-08-19,,1.0,False
1096.0,2026-08-19,233.28,233.28,229.32,230.28,41427,,nse_symbols_consolidated.csv,2026-08-19,,1.0,False
1097.0,2026-08-19,68.84,69.18,65.21,66.39,404340,,nse_symbols_consolidated.csv,2026-08-19,,1.0,False
1098.0,2026-08-19,101.0,101.0,98.25,98.68,217163,,nse_symbols_consolidated.csv,2026-08-19,,1.0,False
1121.0,2026-08-19,21.0,21.8,20.53,21.58,45976,,nse_symbols_consolidated.csv,2026-08-19,,1.0,False
1122.0,2026-08-19,27.6,28.6,27.5,28.05,1767020,,nse_symbols_consolidated.csv,2026-08-19,,1.0,False
1099.0,2026-08-19,296.35,297.0,287.5,288.85,791900,,nse_symbols_consolidated.csv,2026-08-19,,1.0,False
1137.0,2026-08-19,17.35,17.38,17.0,17.03,30914830,,nse_symbols_consolidated.csv,2026-08-19,,1.0,False
1101.0,2026-08-19,122.58,122.9,120.23,120.5,895584,,nse_symbols_consolidated.csv,2026-08-19,,1.0,False
1138.0,2026-08-19,577.7,577.7,565.6,571.15,353564,,nse_symbols_consolidated.csv,2026-08-19,,1.0,False
1102.0,2026-08-19,448.0,450.7,437.25,439.5,70165,,nse_symbols_consolidated.csv,2026-08-19,,1.0,False
1103.0,2026-08-19,476.6,500.5,476.6,485.15,143728,,nse_symbols_consolidated.csv,2026-08-19,,1.0,False
1105.0,2026-08-19,130.13,130.32,124.6,125.6,304594,,nse_symbols_consolidated.csv,2026-08-19,,1.0,False
1104.0,2026-08-19,221.1,223.49,217.0,220.45,6451,,nse_symbols_consolidated.csv,2026-08-19,,1.0,False
1107.0,2026-08-19,91.0,92.39,88.87,91.22,3330445,,nse_symbols_consolidated.csv,2026-08-19,,1.0,False
1106.0,2026-08-19,152.0,153.59,143.1,147.61,352243,,nse_symbols_consolidated.csv,2026-08-19,,1.0,False
1108.0,2026-08-19,88.9,97.8,88.9,93.88,462886,,nse_symbols_consolidated.csv,2026-08-19,,1.0,False
1109.0,2026-08-19,619.8,621.15,614.1,618.65,146933,,nse_symbols_consolidated.csv,2026-08-19,,1.0,False
1140.0,2026-08-19,511.0,511.05,494.35,497.6,386195,,nse_symbols_consolidated.csv,2026-08-19,,1.0,False
1110.0,2026-08-19,1064.0,1064.9,1045.0,1054.4,450,,nse_symbols_consolidated.csv,2026-08-19,,1.0,False
1111.0,2026-08-19,22.95,22.95,21.5,21.86,135507,,nse_symbols_consolidated.csv,2026-08-19,,1.0,False
1113.0,2026-08-19,8.6,8.6,8.22,8.41,44959,,nse_symbols_consolidated.csv,2026-08-19,,1.0,False
1850.0,2026-08-19,18.0,18.78,16.6,17.45,8416,,nse_symbols_consolidated.csv,2026-08-19,,1.0,False
1136.0,2026-08-19,1004.6,1011.9,963.1,987.7,61515,,nse_symbols_consolidated.csv,2026-08-19,,1.0,False
1118.0,2026-08-19,648.9,666.45,626.0,635.1,2919966,,nse_symbols_consolidated.csv,2026-08-19,,1.0,False
1114.0,2026-08-19,1062.3,1066.3,1048.0,1053.3,3461,,nse_symbols_consolidated.csv,2026-08-19,,1.0,False
1115.0,2026-08-19,645.05,648.5,632.5,638.35,10047,,nse_symbols_consolidated.csv,2026-08-19,,1.0,False
1116.0,2026-08-19,269.8,277.6,267.1,268.7,1115766,,nse_symbols_consolidated.csv,2026-08-19,,1.0,False
1139.0,2026-08-19,730.0,734.2,722.8,724.0,182939,,nse_symbols_consolidated.csv,2026-08-19,,1.0,False
1117.0,2026-08-19,1102.3,1121.8,1095.2,1115.0,1140894,,nse_symbols_consolidated.csv,2026-08-19,,1.0,False
1119.0,2026-08-19,36.12,36.37,35.31,35.58,1532622,,nse_symbols_consolidated.csv,2026-08-19,,1.0,False
1126.0,2026-08-19,95.01,97.45,95.01,95.31,7627,,nse_symbols_consolidated.csv,2026-08-19,,1.0,False
1120.0,2026-08-19,245.8,246.3,241.5,243.15,9712757,,nse_symbols_consolidated.csv,2026-08-19,,1.0,False
1123.0,2026-08-19,302.1,335.4,302.1,312.2,57723,,nse_symbols_consolidated.csv,2026-08-19,,1.0,False
1124.0,2026-08-19,5360.5,5397.5,5255.0,5276.0,15818,,nse_symbols_consolidated.csv,2026-08-19,,1.0,False
1127.0,2026-08-19,555.9,561.75,551.3,558.25,150640,,nse_symbols_consolidated.csv,2026-08-19,,1.0,False
1128.0,2026-08-19,383.0,383.0,377.3,379.0,219094,,nse_symbols_consolidated.csv,2026-08-19,,1.0,False
1129.0,2026-08-19,382.0,382.85,373.0,374.85,595197,,nse_symbols_consolidated.csv,2026-08-19,,1.0,False
1125.0,2026-08-19,506.0,519.85,502.5,504.7,173621,,nse_symbols_consolidated.csv,2026-08-19,,1.0,False
1132.0,2026-08-19,125.2,128.0,125.1,126.3,1652727,,nse_symbols_consolidated.csv,2026-08-19,,1.0,False
1133.0,2026-08-19,463.5,469.25,447.3,454.0,150476,,nse_symbols_consolidated.csv,2026-08-19,,1.0,False
1135.0,2026-08-19,150.0,152.95,146.0,149.92,1619,,nse_symbols_consolidated.csv,2026-08-19,,1.0,False
486.0,2026-08-19,8484.0,8484.0,7972.0,8010.5,13649,,nse_symbols_consolidated.csv,2026-08-19,,1.0,False
1141.0,2026-08-19,127.2,127.8,122.94,123.66,1827342,,nse_symbols_consolidated.csv,2026-08-19,,1.0,False
1142.0,2026-08-19,3123.4,3136.7,3092.2,3094.2,6061,,nse_symbols_consolidated.csv,2026-08-19,,1.0,False
1143.0,2026-08-19,548.1,548.15,540.5,543.95,1124071,,nse_symbols_consolidated.csv,2026-08-19,,1.0,False
1144.0,2026-08-19,11460.0,11609.0,11250.0,11329.0,1848,,nse_symbols_consolidated.csv,2026-08-19,,1.0,False
1145.0,2026-08-19,329.15,331.9,326.4,329.9,1424786,,nse_symbols_consolidated.csv,2026-08-19,,1.0,False
1146.0,2026-08-19,1273.7,1285.8,1262.1,1285.8,1009930,,nse_symbols_consolidated.csv,2026-08-19,,1.0,False
1147.0,2026-08-19,130.76,131.25,128.5,128.73,118763,,nse_symbols_consolidated.csv,2026-08-19,,1.0,False
1148.0,2026-08-19,74.95,75.39,71.21,72.18,1585747,,nse_symbols_consolidated.csv,2026-08-19,,1.0,False
1149.0,2026-08-19,2200.0,2395.0,2200.0,2312.3,28326,,nse_symbols_consolidated.csv,2026-08-19,,1.0,False
1150.0,2026-08-19,500.9,504.15,494.75,498.3,859757,,nse_symbols_consolidated.csv,2026-08-19,,1.0,False
1151.0,2026-08-19,732.45,737.0,702.0,708.4,706886,,nse_symbols_consolidated.csv,2026-08-19,,1.0,False
1152.0,2026-08-19,866.0,876.75,853.35,868.0,944269,,nse_symbols_consolidated.csv,2026-08-19,,1.0,False
1131.0,2026-08-19,89.28,91.99,87.5,90.28,78429,,nse_symbols_consolidated.csv,2026-08-19,,1.0,False
1134.0,2026-08-19,241.1,258.8,238.81,253.71,3169674,,nse_symbols_consolidated.csv,2026-08-19,,1.0,False
1153.0,2026-08-19,199.24,199.73,194.91,197.79,906091,,nse_symbols_consolidated.csv,2026-08-19,,1.0,False
1130.0,2026-08-19,322.5,323.3,316.4,320.55,103023,,nse_symbols_consolidated.csv,2026-08-19,,1.0,False
1155.0,2026-08-19,249.7,252.95,246.6,248.5,778096,,nse_symbols_consolidated.csv,2026-08-19,,1.0,False
1154.0,2026-08-19,661.3,665.0,652.0,660.45,130135,,nse_symbols_consolidated.csv,2026-08-19,,1.0,False
1156.0,2026-08-19,210.68,212.94,207.2,207.88,1121196,,nse_symbols_consolidated.csv,2026-08-19,,1.0,False
1157.0,2026-08-19,929.2,962.05,912.95,950.65,2751939,,nse_symbols_consolidated.csv,2026-08-19,,1.0,False
1158.0,2026-08-19,847.05,870.0,847.05,864.55,5821,,nse_symbols_consolidated.csv,2026-08-19,,1.0,False
1159.0,2026-08-19,10.79,10.82,10.59,10.71,3527779,,nse_symbols_consolidated.csv,2026-08-19,,1.0,False
1217.0,2026-08-19,61.99,61.99,55.35,55.35,322,,nse_symbols_consolidated.csv,2026-08-19,,1.0,False
1220.0,2026-08-19,141.01,142.56,136.0,136.95,132475,,nse_symbols_consolidated.csv,2026-08-19,,1.0,False
1222.0,2026-08-19,31.5,33.5,31.5,32.63,1134828,,nse_symbols_consolidated.csv,2026-08-19,,1.0,False
1237.0,2026-08-19,267.95,273.0,256.85,268.2,662180,,nse_symbols_consolidated.csv,2026-08-19,,1.0,False
1160.0,2026-08-19,509.2,518.95,494.0,500.8,166334,,nse_symbols_consolidated.csv,2026-08-19,,1.0,False
1161.0,2026-08-19,1230.6,1230.6,1202.6,1208.9,81349,,nse_symbols_consolidated.csv,2026-08-19,,1.0,False
1162.0,2026-08-19,110.0,117.0,110.0,114.98,4174,,nse_symbols_consolidated.csv,2026-08-19,,1.0,False
1164.0,2026-08-19,279.05,279.8,269.55,273.6,152703,,nse_symbols_consolidated.csv,2026-08-19,,1.0,False
1239.0,2026-08-19,1404.0,1427.9,1372.1,1376.6,177855,,nse_symbols_consolidated.csv,2026-08-19,,1.0,False
1167.0,2026-08-19,604.0,604.0,588.0,595.2,6600446,,nse_symbols_consolidated.csv,2026-08-19,,1.0,False
1166.0,2026-08-19,655.0,690.0,650.35,675.55,6908,,nse_symbols_consolidated.csv,2026-08-19,,1.0,False
1203.0,2026-08-19,5295.0,5339.5,5175.5,5222.5,1459,,nse_symbols_consolidated.csv,2026-08-19,,1.0,False
1262.0,2026-08-19,821.0,889.0,816.0,875.55,204933,,nse_symbols_consolidated.csv,2026-08-19,,1.0,False
1168.0,2026-08-19,2452.0,2455.0,2435.0,2442.7,3395,,nse_symbols_consolidated.csv,2026-08-19,,1.0,False
1169.0,2026-08-19,19.38,19.51,18.0,18.63,474236,,nse_symbols_consolidated.csv,2026-08-19,,1.0,False
1170.0,2026-08-19,194.42,195.29,188.02,189.42,22169,,nse_symbols_consolidated.csv,2026-08-19,,1.0,False
1171.0,2026-08-19,32.8,34.79,32.71,33.78,1224901,,nse_symbols_consolidated.csv,2026-08-19,,1.0,False
1172.0,2026-08-19,4.3,4.45,4.3,4.35,176307,,nse_symbols_consolidated.csv,2026-08-19,,1.0,False
1173.0,2026-08-19,1.48,1.5,1.44,1.47,126346,,nse_symbols_consolidated.csv,2026-08-19,,1.0,False
1174.0,2026-08-19,372.0,380.0,371.0,374.6,452,,nse_symbols_consolidated.csv,2026-08-19,,1.0,False
1175.0,2026-08-19,49.0,53.95,49.0,51.64,569,,nse_symbols_consolidated.csv,2026-08-19,,1.0,False
1176.0,2026-08-19,151.4,155.0,146.3,151.6,28818,,nse_symbols_consolidated.csv,2026-08-19,,1.0,False
1177.0,2026-08-19,244.05,265.92,242.28,256.59,72365,,nse_symbols_consolidated.csv,2026-08-19,,1.0,False
1178.0,2026-08-19,201.05,201.99,198.71,201.37,111941,,nse_symbols_consolidated.csv,2026-08-19,,1.0,False
1179.0,2026-08-19,530.0,531.95,513.2,523.4,40723,,nse_symbols_consolidated.csv,2026-08-19,,1.0,False
1180.0,2026-08-19,40.9,40.99,38.0,38.26,4506,,nse_symbols_consolidated.csv,2026-08-19,,1.0,False
1265.0,2026-08-19,311.6,324.85,311.55,324.05,7346849,,nse_symbols_consolidated.csv,2026-08-19,,1.0,False
1181.0,2026-08-19,333.35,335.65,329.0,331.05,1164557,,nse_symbols_consolidated.csv,2026-08-19,,1.0,False
1182.0,2026-08-19,908.0,908.0,873.0,876.35,170,,nse_symbols_consolidated.csv,2026-08-19,,1.0,False
1258.0,2026-08-19,763.05,779.8,760.65,771.35,265792,,nse_symbols_consolidated.csv,2026-08-19,,1.0,False
1183.0,2026-08-19,59.29,59.29,56.11,57.07,137081,,nse_symbols_consolidated.csv,2026-08-19,,1.0,False
1184.0,2026-08-19,329.4,350.0,325.0,338.45,56692,,nse_symbols_consolidated.csv,2026-08-19,,1.0,False
1185.0,2026-08-19,3645.4,3828.0,3639.1,3823.3,1892334,,nse_symbols_consolidated.csv,2026-08-19,,1.0,False
1186.0,2026-08-19,151.25,152.54,149.05,151.39,182201,,nse_symbols_consolidated.csv,2026-08-19,,1.0,False
1187.0,2026-08-19,31.7,32.5,31.1,32.03,319926,,nse_symbols_consolidated.csv,2026-08-19,,1.0,False
1188.0,2026-08-19,4099.6,4099.6,3925.1,3950.1,20927,,nse_symbols_consolidated.csv,2026-08-19,,1.0,False
1189.0,2026-08-19,428.6,433.2,422.0,423.5,682834,,nse_symbols_consolidated.csv,2026-08-19,,1.0,False
1192.0,2026-08-19,5790.4,5790.4,5646.4,5681.1,306096,,nse_symbols_consolidated.csv,2026-08-19,,1.0,False
1193.0,2026-08-19,13.76,13.76,13.3,13.34,1537449,,nse_symbols_consolidated.csv,2026-08-19,,1.0,False
1194.0,2026-08-19,3527.7,3687.8,3501.6,3616.1,160721,,nse_symbols_consolidated.csv,2026-08-19,,1.0,False
1195.0,2026-08-19,1916.0,1916.0,1814.4,1875.0,416515,,nse_symbols_consolidated.csv,2026-08-19,,1.0,False
1196.0,2026-08-19,12.15,12.18,11.72,11.72,611319,,nse_symbols_consolidated.csv,2026-08-19,,1.0,False
1218.0,2026-08-19,516.05,524.45,514.1,517.95,34278,,nse_symbols_consolidated.csv,2026-08-19,,1.0,False
1197.0,2026-08-19,259.7,259.7,254.1,254.1,729,,nse_symbols_consolidated.csv,2026-08-19,,1.0,False
1905.0,2026-08-19,371.9,374.95,369.1,369.85,19434,,nse_symbols_consolidated.csv,2026-08-19,,1.0,False
1198.0,2026-08-19,957.55,962.0,943.05,948.0,1008770,,nse_symbols_consolidated.csv,2026-08-19,,1.0,False
1199.0,2026-08-19,97.5,97.59,94.01,97.0,19578,,nse_symbols_consolidated.csv,2026-08-19,,1.0,False
1201.0,2026-08-19,144.0,149.75,143.12,148.8,2076,,nse_symbols_consolidated.csv,2026-08-19,,1.0,False
1200.0,2026-08-19,56.99,58.9,56.6,57.65,314571,,nse_symbols_consolidated.csv,2026-08-19,,1.0,False
1202.0,2026-08-19,17.47,17.47,16.81,17.18,2704,,nse_symbols_consolidated.csv,2026-08-19,,1.0,False
1219.0,2026-08-19,365.0,369.65,356.55,363.5,228643,,nse_symbols_consolidated.csv,2026-08-19,,1.0,False
1204.0,2026-08-19,161.1,165.0,156.0,158.1,67972,,nse_symbols_consolidated.csv,2026-08-19,,1.0,False
1206.0,2026-08-19,6060.0,6100.0,5670.0,5780.0,29327,,nse_symbols_consolidated.csv,2026-08-19,,1.0,False
1207.0,2026-08-19,383.7,387.0,376.3,377.5,60650,,nse_symbols_consolidated.csv,2026-08-19,,1.0,False
1208.0,2026-08-19,199.0,203.0,195.0,201.99,1229,,nse_symbols_consolidated.csv,2026-08-19,,1.0,False
1209.0,2026-08-19,409.5,439.85,408.95,431.3,2162415,,nse_symbols_consolidated.csv,2026-08-19,,1.0,False
1211.0,2026-08-19,1910.0,1976.7,1910.0,1951.4,108067,,nse_symbols_consolidated.csv,2026-08-19,,1.0,False
1190.0,2026-08-19,135.35,135.36,129.43,131.63,205026,,nse_symbols_consolidated.csv,2026-08-19,,1.0,False
1210.0,2026-08-19,435.3,439.5,429.4,430.15,28336,,nse_symbols_consolidated.csv,2026-08-19,,1.0,False
1213.0,2026-08-19,3753.0,3771.4,3711.0,3729.7,3122,,nse_symbols_consolidated.csv,2026-08-19,,1.0,False
1212.0,2026-08-19,2116.0,2118.2,2065.9,2079.9,419323,,nse_symbols_consolidated.csv,2026-08-19,,1.0,False
1214.0,2026-08-19,755.0,767.8,732.9,736.7,168519,,nse_symbols_consolidated.csv,2026-08-19,,1.0,False
1216.0,2026-08-19,129.93,129.93,123.8,124.28,941830,,nse_symbols_consolidated.csv,2026-08-19,,1.0,False
1224.0,2026-08-19,215.8,215.8,212.9,214.88,5252,,nse_symbols_consolidated.csv,2026-08-19,,1.0,False
1223.0,2026-08-19,204.25,204.85,198.5,199.6,832530,,nse_symbols_consolidated.csv,2026-08-19,,1.0,False
1221.0,2026-08-19,2725.0,2788.4,2715.0,2748.4,69905,,nse_symbols_consolidated.csv,2026-08-19,,1.0,False
1225.0,2026-08-19,130.0,131.0,127.05,127.37,858509,,nse_symbols_consolidated.csv,2026-08-19,,1.0,False
1226.0,2026-08-19,27.88,32.73,27.42,31.27,1434186,,nse_symbols_consolidated.csv,2026-08-19,,1.0,False
1227.0,2026-08-19,85.5,85.5,79.8,80.24,83330,,nse_symbols_consolidated.csv,2026-08-19,,1.0,False
1228.0,2026-08-19,476.0,476.0,455.1,456.7,117143,,nse_symbols_consolidated.csv,2026-08-19,,1.0,False
1229.0,2026-08-19,202.0,211.0,192.05,207.46,275598,,nse_symbols_consolidated.csv,2026-08-19,,1.0,False
1230.0,2026-08-19,387.0,393.1,386.75,390.25,6704930,,nse_symbols_consolidated.csv,2026-08-19,,1.0,False
1234.0,2026-08-19,146.0,146.9,144.0,144.8,3984,,nse_symbols_consolidated.csv,2026-08-19,,1.0,False
1232.0,2026-08-19,134.99,136.47,132.66,133.39,38506,,nse_symbols_consolidated.csv,2026-08-19,,1.0,False
1233.0,2026-08-19,68.28,69.35,67.95,68.13,2100,,nse_symbols_consolidated.csv,2026-08-19,,1.0,False
1231.0,2026-08-19,26.8,28.87,26.52,27.22,469442,,nse_symbols_consolidated.csv,2026-08-19,,1.0,False
1235.0,2026-08-19,34.55,34.55,34.55,34.55,81835,,nse_symbols_consolidated.csv,2026-08-19,,1.0,False
1236.0,2026-08-19,6013.0,6054.5,5891.0,5999.5,4574,,nse_symbols_consolidated.csv,2026-08-19,,1.0,False
1238.0,2026-08-19,308.0,315.5,302.3,308.35,1385558,,nse_symbols_consolidated.csv,2026-08-19,,1.0,False
1240.0,2026-08-19,602.85,608.1,585.5,589.1,1451052,,nse_symbols_consolidated.csv,2026-08-19,,1.0,False
1242.0,2026-08-19,1124.6,1137.0,1113.9,1126.2,122435,,nse_symbols_consolidated.csv,2026-08-19,,1.0,False
1243.0,2026-08-19,393.8,412.0,392.6,399.6,1043549,,nse_symbols_consolidated.csv,2026-08-19,,1.0,False
1244.0,2026-08-19,55.77,55.77,54.06,54.13,6622,,nse_symbols_consolidated.csv,2026-08-19,,1.0,False
1245.0,2026-08-19,2.2,2.2,2.12,2.18,43310,,nse_symbols_consolidated.csv,2026-08-19,,1.0,False
1246.0,2026-08-19,190.95,200.36,187.4,194.3,1869755,,nse_symbols_consolidated.csv,2026-08-19,,1.0,False
1247.0,2026-08-19,360.9,370.15,352.1,366.25,66782,,nse_symbols_consolidated.csv,2026-08-19,,1.0,False
1248.0,2026-08-19,1130.0,1143.7,1072.0,1077.8,94943,,nse_symbols_consolidated.csv,2026-08-19,,1.0,False
1205.0,2026-08-19,803.05,809.0,785.0,788.65,451527,,nse_symbols_consolidated.csv,2026-08-19,,1.0,False
1249.0,2026-08-19,68.69,68.69,63.13,66.43,315103,,nse_symbols_consolidated.csv,2026-08-19,,1.0,False
1251.0,2026-08-19,86.21,86.75,83.3,84.27,8463,,nse_symbols_consolidated.csv,2026-08-19,,1.0,False
1250.0,2026-08-19,5.59,5.84,5.5,5.62,175764,,nse_symbols_consolidated.csv,2026-08-19,,1.0,False
1252.0,2026-08-19,1519.5,1598.2,1461.1,1501.2,573007,,nse_symbols_consolidated.csv,2026-08-19,,1.0,False
1253.0,2026-08-19,151.7,157.4,149.53,155.16,129361,,nse_symbols_consolidated.csv,2026-08-19,,1.0,False
1254.0,2026-08-19,202.1,204.82,197.0,198.27,184362,,nse_symbols_consolidated.csv,2026-08-19,,1.0,False
1255.0,2026-08-19,544.0,547.95,532.1,536.0,77614,,nse_symbols_consolidated.csv,2026-08-19,,1.0,False
1256.0,2026-08-19,628.0,647.0,625.8,629.45,40532,,nse_symbols_consolidated.csv,2026-08-19,,1.0,False
1257.0,2026-08-19,791.0,813.75,788.0,807.1,174711,,nse_symbols_consolidated.csv,2026-08-19,,1.0,False
1259.0,2026-08-19,198.75,200.0,196.0,197.69,56036,,nse_symbols_consolidated.csv,2026-08-19,,1.0,False
1260.0,2026-08-19,1008.95,1016.65,995.45,1006.05,125080,,nse_symbols_consolidated.csv,2026-08-19,,1.0,False
1261.0,2026-08-19,2.97,2.99,2.85,2.89,938028,,nse_symbols_consolidated.csv,2026-08-19,,1.0,False
1263.0,2026-08-19,271.9,273.65,269.1,272.65,33672,,nse_symbols_consolidated.csv,2026-08-19,,1.0,False
1264.0,2026-08-19,28.8,29.4,28.25,28.84,5470,,nse_symbols_consolidated.csv,2026-08-19,,1.0,False
1266.0,2026-08-19,80.01,80.85,78.15,78.7,220108,,nse_symbols_consolidated.csv,2026-08-19,,1.0,False
1267.0,2026-08-19,595.95,599.0,560.7,566.35,451848,,nse_symbols_consolidated.csv,2026-08-19,,1.0,False
1241.0,2026-08-19,3550.1,3576.0,3436.5,3452.4,23949,,nse_symbols_consolidated.csv,2026-08-19,,1.0,False
1268.0,2026-08-19,38.02,38.1,36.81,37.71,21288510,,nse_symbols_consolidated.csv,2026-08-19,,1.0,False
1310.0,2026-08-19,18.43,18.43,16.0,16.25,35294,,nse_symbols_consolidated.csv,2026-08-19,,1.0,False
1325.0,2026-08-19,327.0,327.0,312.75,315.4,14527880,,nse_symbols_consolidated.csv,2026-08-19,,1.0,False
1328.0,2026-08-19,3559.4,3625.2,3512.1,3540.9,141790,,nse_symbols_consolidated.csv,2026-08-19,,1.0,False
1281.0,2026-08-19,190.0,190.7,186.45,187.24,204160,,nse_symbols_consolidated.csv,2026-08-19,,1.0,False
1269.0,2026-08-19,48.05,49.69,48.0,49.69,967,,nse_symbols_consolidated.csv,2026-08-19,,1.0,False
1270.0,2026-08-19,77.43,78.5,76.26,77.93,21702,,nse_symbols_consolidated.csv,2026-08-19,,1.0,False
1271.0,2026-08-19,42.0,42.49,41.01,41.16,6511,,nse_symbols_consolidated.csv,2026-08-19,,1.0,False
1298.0,2026-08-19,140.18,140.18,140.18,140.18,2,,nse_symbols_consolidated.csv,2026-08-19,,1.0,False
1273.0,2026-08-19,8155.0,8398.5,8059.0,8059.0,51,,nse_symbols_consolidated.csv,2026-08-19,,1.0,False
1272.0,2026-08-19,4.35,4.78,4.35,4.36,1601,,nse_symbols_consolidated.csv,2026-08-19,,1.0,False
1276.0,2026-08-19,113.0,113.0,110.0,110.18,1949,,nse_symbols_consolidated.csv,2026-08-19,,1.0,False
1277.0,2026-08-19,11.1,11.1,10.2,10.4,205983,,nse_symbols_consolidated.csv,2026-08-19,,1.0,False
1278.0,2026-08-19,28.3,29.5,26.93,27.22,150635,,nse_symbols_consolidated.csv,2026-08-19,,1.0,False
1279.0,2026-08-19,510.0,514.05,504.0,510.25,81619,,nse_symbols_consolidated.csv,2026-08-19,,1.0,False
1323.0,2026-08-19,7.21,7.7,7.02,7.26,58495,,nse_symbols_consolidated.csv,2026-08-19,,1.0,False
1280.0,2026-08-19,0.77,0.77,0.75,0.75,1484148,,nse_symbols_consolidated.csv,2026-08-19,,1.0,False
1324.0,2026-08-19,4064.0,4069.0,4024.8,4041.3,1190832,,nse_symbols_consolidated.csv,2026-08-19,,1.0,False
1282.0,2026-08-19,7.21,7.4,6.95,7.09,21874,,nse_symbols_consolidated.csv,2026-08-19,,1.0,False
1283.0,2026-08-19,330.0,341.95,318.0,322.5,2685452,,nse_symbols_consolidated.csv,2026-08-19,,1.0,False
1284.0,2026-08-19,280.85,281.0,271.4,276.5,1074963,,nse_symbols_consolidated.csv,2026-08-19,,1.0,False
1285.0,2026-08-19,23.35,23.35,22.53,22.84,149613,,nse_symbols_consolidated.csv,2026-08-19,,1.0,False
1286.0,2026-08-19,1814.0,1818.0,1789.9,1801.8,1426377,,nse_symbols_consolidated.csv,2026-08-19,,1.0,False
1287.0,2026-08-19,13.75,16.15,13.5,14.89,357640,,nse_symbols_consolidated.csv,2026-08-19,,1.0,False
1288.0,2026-08-19,198.0,198.99,194.8,195.77,151135,,nse_symbols_consolidated.csv,2026-08-19,,1.0,False
1301.0,2026-08-19,185.0,185.0,168.0,173.69,7267,,nse_symbols_consolidated.csv,2026-08-19,,1.0,False
1289.0,2026-08-19,132.5,133.81,125.61,130.89,214550,,nse_symbols_consolidated.csv,2026-08-19,,1.0,False
1333.0,2026-08-19,174.99,176.23,173.56,174.31,366845,,nse_symbols_consolidated.csv,2026-08-19,,1.0,False
1290.0,2026-08-19,3.95,3.95,3.65,3.75,27780,,nse_symbols_consolidated.csv,2026-08-19,,1.0,False
1294.0,2026-08-19,23.32,23.77,23.0,23.54,321526,,nse_symbols_consolidated.csv,2026-08-19,,1.0,False
1092.0,2026-08-19,171.66,171.66,168.01,168.79,729318,,nse_symbols_consolidated.csv,2026-08-19,,1.0,False
1292.0,2026-08-19,159.3,171.25,156.15,159.69,33309665,,nse_symbols_consolidated.csv,2026-08-19,,1.0,False
1293.0,2026-08-19,8.71,8.73,7.58,7.77,25358,,nse_symbols_consolidated.csv,2026-08-19,,1.0,False
2284.0,2026-08-19,519.7,541.8,519.65,532.8,1462202,,nse_symbols_consolidated.csv,2026-08-19,,1.0,False
1295.0,2026-08-19,108.9,109.0,107.4,108.08,2118870,,nse_symbols_consolidated.csv,2026-08-19,,1.0,False
1296.0,2026-08-19,629.9,644.95,623.15,639.6,8791922,,nse_symbols_consolidated.csv,2026-08-19,,1.0,False
1297.0,2026-08-19,13.94,14.3,13.61,14.13,7317,,nse_symbols_consolidated.csv,2026-08-19,,1.0,False
1299.0,2026-08-19,1585.0,1608.0,1559.4,1603.0,22749,,nse_symbols_consolidated.csv,2026-08-19,,1.0,False
1300.0,2026-08-19,1650.0,1656.9,1614.6,1645.1,1294924,,nse_symbols_consolidated.csv,2026-08-19,,1.0,False
1302.0,2026-08-19,9.9,9.9,9.55,9.68,38825,,nse_symbols_consolidated.csv,2026-08-19,,1.0,False
1303.0,2026-08-19,246.55,249.0,240.0,244.25,22563,,nse_symbols_consolidated.csv,2026-08-19,,1.0,False
1304.0,2026-08-19,501.0,501.25,496.7,497.0,971490,,nse_symbols_consolidated.csv,2026-08-19,,1.0,False
1305.0,2026-08-19,411.0,415.4,410.0,413.1,9495877,,nse_symbols_consolidated.csv,2026-08-19,,1.0,False
1306.0,2026-08-19,217.99,217.99,205.8,207.48,45838,,nse_symbols_consolidated.csv,2026-08-19,,1.0,False
1307.0,2026-08-19,95.02,97.5,95.02,96.33,8490,,nse_symbols_consolidated.csv,2026-08-19,,1.0,False
1308.0,2026-08-19,623.7,623.7,606.45,609.5,18710,,nse_symbols_consolidated.csv,2026-08-19,,1.0,False
1309.0,2026-08-19,6743.5,6850.0,6680.0,6702.5,7925,,nse_symbols_consolidated.csv,2026-08-19,,1.0,False
1311.0,2026-08-19,93.9,94.62,92.29,92.9,4584105,,nse_symbols_consolidated.csv,2026-08-19,,1.0,False
1312.0,2026-08-19,79.41,79.94,77.75,78.57,2417152,,nse_symbols_consolidated.csv,2026-08-19,,1.0,False
1313.0,2026-08-19,1942.0,1942.0,1895.8,1919.0,259494,,nse_symbols_consolidated.csv,2026-08-19,,1.0,False
1314.0,2026-08-19,19760.0,19939.0,19464.0,19665.0,5014,,nse_symbols_consolidated.csv,2026-08-19,,1.0,False
1315.0,2026-08-19,1217.0,1220.0,1195.2,1210.0,1076314,,nse_symbols_consolidated.csv,2026-08-19,,1.0,False
1291.0,2026-08-19,580.4,580.4,551.6,561.3,867092,,nse_symbols_consolidated.csv,2026-08-19,,1.0,False
1316.0,2026-08-19,334.75,334.75,318.0,321.4,10114,,nse_symbols_consolidated.csv,2026-08-19,,1.0,False
1317.0,2026-08-19,137.79,137.79,132.2,133.04,8082,,nse_symbols_consolidated.csv,2026-08-19,,1.0,False
1274.0,2026-08-19,8.51,8.78,8.5,8.58,8464,,nse_symbols_consolidated.csv,2026-08-19,,1.0,False
1318.0,2026-08-19,621.35,627.25,619.95,623.25,1159,,nse_symbols_consolidated.csv,2026-08-19,,1.0,False
1320.0,2026-08-19,119.97,119.97,112.2,115.51,13167,,nse_symbols_consolidated.csv,2026-08-19,,1.0,False
1321.0,2026-08-19,72.7,72.7,70.0,70.76,3726,,nse_symbols_consolidated.csv,2026-08-19,,1.0,False
1322.0,2026-08-19,214.05,216.7,214.05,215.62,520,,nse_symbols_consolidated.csv,2026-08-19,,1.0,False
1326.0,2026-08-19,424.65,431.55,421.7,429.5,494011,,nse_symbols_consolidated.csv,2026-08-19,,1.0,False
1327.0,2026-08-19,4599.6,4657.4,4525.4,4564.4,457017,,nse_symbols_consolidated.csv,2026-08-19,,1.0,False
1330.0,2026-08-19,2010.0,2038.0,1969.6,1987.1,91754,,nse_symbols_consolidated.csv,2026-08-19,,1.0,False
1329.0,2026-08-19,5768.0,5768.0,5555.0,5629.0,7660,,nse_symbols_consolidated.csv,2026-08-19,,1.0,False
1331.0,2026-08-19,2230.0,2230.0,2202.5,2225.0,781480,,nse_symbols_consolidated.csv,2026-08-19,,1.0,False
1332.0,2026-08-19,1225.5,1227.9,1208.0,1217.4,14894,,nse_symbols_consolidated.csv,2026-08-19,,1.0,False
1334.0,2026-08-19,70.77,70.77,70.5,70.77,15512,,nse_symbols_consolidated.csv,2026-08-19,,1.0,False
1403.0,2026-08-19,285.0,286.45,277.0,278.5,113323,,nse_symbols_consolidated.csv,2026-08-19,,1.0,False
1444.0,2026-08-19,53.62,61.9,53.62,56.13,28554,,nse_symbols_consolidated.csv,2026-08-19,,1.0,False
1445.0,2026-08-19,4.16,4.19,4.11,4.16,68957,,nse_symbols_consolidated.csv,2026-08-19,,1.0,False
1406.0,2026-08-19,59.24,59.96,57.8,58.36,41696,,nse_symbols_consolidated.csv,2026-08-19,,1.0,False
1336.0,2026-08-19,386.2,394.45,381.5,389.6,2316241,,nse_symbols_consolidated.csv,2026-08-19,,1.0,False
1337.0,2026-08-19,120.0,123.29,118.63,118.85,19455,,nse_symbols_consolidated.csv,2026-08-19,,1.0,False
1405.0,2026-08-19,680.0,680.0,670.0,679.55,17,,nse_symbols_consolidated.csv,2026-08-19,,1.0,False
1338.0,2026-08-19,1983.6,1983.6,1921.0,1943.2,48884,,nse_symbols_consolidated.csv,2026-08-19,,1.0,False
1340.0,2026-08-19,7.05,7.38,7.0,7.02,113529,,nse_symbols_consolidated.csv,2026-08-19,,1.0,False
1339.0,2026-08-19,36.6,36.6,35.3,35.38,1030,,nse_symbols_consolidated.csv,2026-08-19,,1.0,False
1341.0,2026-08-19,5.25,5.53,5.1,5.19,5864,,nse_symbols_consolidated.csv,2026-08-19,,1.0,False
1402.0,2026-08-19,163.9,165.3,160.56,163.63,649418,,nse_symbols_consolidated.csv,2026-08-19,,1.0,False
1342.0,2026-08-19,64.25,66.5,63.01,65.36,74584,,nse_symbols_consolidated.csv,2026-08-19,,1.0,False
1343.0,2026-08-19,120.01,124.5,120.01,122.4,28579,,nse_symbols_consolidated.csv,2026-08-19,,1.0,False
1344.0,2026-08-19,567.7,595.0,566.0,580.55,126187,,nse_symbols_consolidated.csv,2026-08-19,,1.0,False
1408.0,2026-08-19,28.85,31.0,28.58,29.72,11806711,,nse_symbols_consolidated.csv,2026-08-19,,1.0,False
1345.0,2026-08-19,19.48,19.6,19.15,19.26,17270,,nse_symbols_consolidated.csv,2026-08-19,,1.0,False
1347.0,2026-08-19,58.45,58.9,55.25,57.08,34897,,nse_symbols_consolidated.csv,2026-08-19,,1.0,False
1427.0,2026-08-19,18.7,18.95,18.53,18.55,303,,nse_symbols_consolidated.csv,2026-08-19,,1.0,False
1431.0,2026-08-19,186.01,194.8,186.0,190.05,4118,,nse_symbols_consolidated.csv,2026-08-19,,1.0,False
1348.0,2026-08-19,1133.0,1145.0,1105.0,1140.7,32160,,nse_symbols_consolidated.csv,2026-08-19,,1.0,False
1430.0,2026-08-19,1142.0,1173.2,1121.0,1128.0,1595429,,nse_symbols_consolidated.csv,2026-08-19,,1.0,False
1485.0,2026-08-19,27.0,27.35,26.6,26.71,401932,,nse_symbols_consolidated.csv,2026-08-19,,1.0,False
1353.0,2026-08-19,13293.0,13441.0,13178.0,13347.0,1890,,nse_symbols_consolidated.csv,2026-08-19,,1.0,False
1354.0,2026-08-19,624.3,625.0,612.4,613.9,147532,,nse_symbols_consolidated.csv,2026-08-19,,1.0,False
1350.0,2026-08-19,72.3,72.4,71.51,72.4,7936,,nse_symbols_consolidated.csv,2026-08-19,,1.0,False
1335.0,2026-08-19,3396.2,3425.6,3371.1,3415.0,1601024,,nse_symbols_consolidated.csv,2026-08-19,,1.0,False
1349.0,2026-08-19,107.54,108.79,106.6,107.4,14762,,nse_symbols_consolidated.csv,2026-08-19,,1.0,False
1432.0,2026-08-19,221.48,222.72,218.93,219.48,61792,,nse_symbols_consolidated.csv,2026-08-19,,1.0,False
1351.0,2026-08-19,380.25,385.0,368.35,373.7,554824,,nse_symbols_consolidated.csv,2026-08-19,,1.0,False
1352.0,2026-08-19,406.0,414.5,404.55,406.25,165802,,nse_symbols_consolidated.csv,2026-08-19,,1.0,False
1355.0,2026-08-19,993.1,1012.0,977.65,989.25,51812,,nse_symbols_consolidated.csv,2026-08-19,,1.0,False
1356.0,2026-08-19,345.0,358.9,341.2,355.0,9303,,nse_symbols_consolidated.csv,2026-08-19,,1.0,False
1357.0,2026-08-19,158.0,175.0,150.0,168.72,9939,,nse_symbols_consolidated.csv,2026-08-19,,1.0,False
1358.0,2026-08-19,962.9,975.0,955.1,964.65,3078,,nse_symbols_consolidated.csv,2026-08-19,,1.0,False
1359.0,2026-08-19,32.2,32.2,30.2,30.82,61698,,nse_symbols_consolidated.csv,2026-08-19,,1.0,False
1360.0,2026-08-19,408.8,413.35,400.0,401.45,33383,,nse_symbols_consolidated.csv,2026-08-19,,1.0,False
1362.0,2026-08-19,125.0,127.93,123.0,124.74,514636,,nse_symbols_consolidated.csv,2026-08-19,,1.0,False
1372.0,2026-08-19,648.0,652.1,633.0,643.05,407549,,nse_symbols_consolidated.csv,2026-08-19,,1.0,False
1373.0,2026-08-19,106.02,110.45,105.24,109.99,2206548,,nse_symbols_consolidated.csv,2026-08-19,,1.0,False
1361.0,2026-08-19,37.5,37.99,37.5,37.72,24316,,nse_symbols_consolidated.csv,2026-08-19,,1.0,False
1363.0,2026-08-19,60.7,61.0,58.15,58.72,29778,,nse_symbols_consolidated.csv,2026-08-19,,1.0,False
1364.0,2026-08-19,88.0,88.0,85.0,85.55,38716,,nse_symbols_consolidated.csv,2026-08-19,,1.0,False
1365.0,2026-08-19,71.64,78.72,71.11,72.8,10738729,,nse_symbols_consolidated.csv,2026-08-19,,1.0,False
1366.0,2026-08-19,345.55,346.6,336.4,340.0,4290224,,nse_symbols_consolidated.csv,2026-08-19,,1.0,False
1367.0,2026-08-19,130.86,131.3,129.28,129.86,69031,,nse_symbols_consolidated.csv,2026-08-19,,1.0,False
1368.0,2026-08-19,53.0,58.41,52.8,58.41,141932,,nse_symbols_consolidated.csv,2026-08-19,,1.0,False
1369.0,2026-08-19,231.0,233.68,219.69,222.03,195240,,nse_symbols_consolidated.csv,2026-08-19,,1.0,False
1418.0,2026-08-19,276.0,276.0,264.1,266.4,22609,,nse_symbols_consolidated.csv,2026-08-19,,1.0,False
1371.0,2026-08-19,868.75,900.0,861.3,894.8,29836,,nse_symbols_consolidated.csv,2026-08-19,,1.0,False
1370.0,2026-08-19,28.68,28.69,26.14,26.94,34560,,nse_symbols_consolidated.csv,2026-08-19,,1.0,False
1429.0,2026-08-19,14.98,15.14,14.61,14.8,24245,,nse_symbols_consolidated.csv,2026-08-19,,1.0,False
1378.0,2026-08-19,443.0,447.45,433.0,440.35,13045,,nse_symbols_consolidated.csv,2026-08-19,,1.0,False
1479.0,2026-08-19,144.0,147.0,143.39,144.9,341,,nse_symbols_consolidated.csv,2026-08-19,,1.0,False
1500.0,2026-08-19,40.75,42.8,40.1,41.25,420115,,nse_symbols_consolidated.csv,2026-08-19,,1.0,False
1374.0,2026-08-19,728.95,753.95,720.2,744.8,1816639,,nse_symbols_consolidated.csv,2026-08-19,,1.0,False
1375.0,2026-08-19,2380.0,2423.0,2380.0,2394.0,370273,,nse_symbols_consolidated.csv,2026-08-19,,1.0,False
1499.0,2026-08-19,151.37,153.99,147.1,148.21,51856,,nse_symbols_consolidated.csv,2026-08-19,,1.0,False
1376.0,2026-08-19,216.5,219.79,212.17,214.11,33636,,nse_symbols_consolidated.csv,2026-08-19,,1.0,False
1377.0,2026-08-19,1909.0,1973.5,1876.0,1935.0,917890,,nse_symbols_consolidated.csv,2026-08-19,,1.0,False
1379.0,2026-08-19,16.84,17.16,15.8,15.81,18964,,nse_symbols_consolidated.csv,2026-08-19,,1.0,False
1382.0,2026-08-19,52.7,53.45,51.15,52.02,6564,,nse_symbols_consolidated.csv,2026-08-19,,1.0,False
1383.0,2026-08-19,349.2,366.35,348.3,359.3,192304,,nse_symbols_consolidated.csv,2026-08-19,,1.0,False
1384.0,2026-08-19,842.0,854.6,840.35,850.0,1366779,,nse_symbols_consolidated.csv,2026-08-19,,1.0,False
1385.0,2026-08-19,380.0,387.9,369.0,371.45,586016,,nse_symbols_consolidated.csv,2026-08-19,,1.0,False
1386.0,2026-08-19,171.6,174.98,170.5,172.85,207738,,nse_symbols_consolidated.csv,2026-08-19,,1.0,False
1387.0,2026-08-19,327.2,335.3,323.35,327.0,2579745,,nse_symbols_consolidated.csv,2026-08-19,,1.0,False
1388.0,2026-08-19,102.78,111.6,102.31,108.37,4951490,,nse_symbols_consolidated.csv,2026-08-19,,1.0,False
1389.0,2026-08-19,13744.0,13745.0,13628.0,13690.0,175646,,nse_symbols_consolidated.csv,2026-08-19,,1.0,False
1390.0,2026-08-19,304.6,304.6,299.9,300.45,354496,,nse_symbols_consolidated.csv,2026-08-19,,1.0,False
1391.0,2026-08-19,148.13,148.13,146.66,146.66,25,,nse_symbols_consolidated.csv,2026-08-19,,1.0,False
1392.0,2026-08-19,1717.0,1731.1,1686.5,1716.8,125305,,nse_symbols_consolidated.csv,2026-08-19,,1.0,False
1393.0,2026-08-19,77.8,79.45,76.97,78.92,194567,,nse_symbols_consolidated.csv,2026-08-19,,1.0,False
1394.0,2026-08-19,540.8,555.0,537.0,552.35,34155,,nse_symbols_consolidated.csv,2026-08-19,,1.0,False
1395.0,2026-08-19,125.76,133.26,125.02,128.72,980313,,nse_symbols_consolidated.csv,2026-08-19,,1.0,False
1396.0,2026-08-19,479.8,510.0,479.0,490.15,456251,,nse_symbols_consolidated.csv,2026-08-19,,1.0,False
1428.0,2026-08-19,1576.6,1578.5,1546.1,1546.1,286908,,nse_symbols_consolidated.csv,2026-08-19,,1.0,False
1397.0,2026-08-19,1016.0,1016.9,994.1,997.0,1320461,,nse_symbols_consolidated.csv,2026-08-19,,1.0,False
1398.0,2026-08-19,149.74,151.48,147.5,148.46,103414,,nse_symbols_consolidated.csv,2026-08-19,,1.0,False
1399.0,2026-08-19,738.8,761.0,722.0,758.15,134684,,nse_symbols_consolidated.csv,2026-08-19,,1.0,False
1401.0,2026-08-19,2587.0,2604.5,2538.0,2563.8,513343,,nse_symbols_consolidated.csv,2026-08-19,,1.0,False
1400.0,2026-08-19,235.8,240.0,230.5,237.47,5235,,nse_symbols_consolidated.csv,2026-08-19,,1.0,False
1404.0,2026-08-19,24.45,24.45,24.01,24.28,9434,,nse_symbols_consolidated.csv,2026-08-19,,1.0,False
1407.0,2026-08-19,46.1,47.58,45.32,47.58,125244,,nse_symbols_consolidated.csv,2026-08-19,,1.0,False
1411.0,2026-08-19,346.8,355.9,345.95,349.8,182890,,nse_symbols_consolidated.csv,2026-08-19,,1.0,False
1413.0,2026-08-19,26.5,27.45,21.0,23.56,2778,,nse_symbols_consolidated.csv,2026-08-19,,1.0,False
1450.0,2026-08-19,14.98,15.35,14.17,14.37,40624,,nse_symbols_consolidated.csv,2026-08-19,,1.0,False
1412.0,2026-08-19,227.0,230.0,223.25,228.73,11260,,nse_symbols_consolidated.csv,2026-08-19,,1.0,False
1414.0,2026-08-19,43.09,43.1,41.12,42.67,110244,,nse_symbols_consolidated.csv,2026-08-19,,1.0,False
1415.0,2026-08-19,664.8,665.0,648.0,649.3,167334,,nse_symbols_consolidated.csv,2026-08-19,,1.0,False
1416.0,2026-08-19,192.0,200.0,192.0,196.88,20750848,,nse_symbols_consolidated.csv,2026-08-19,,1.0,False
1417.0,2026-08-19,310.0,313.8,308.15,308.45,3225,,nse_symbols_consolidated.csv,2026-08-19,,1.0,False
1461.0,2026-08-19,62.25,64.4,61.2,61.87,1835555,,nse_symbols_consolidated.csv,2026-08-19,,1.0,False
1436.0,2026-08-19,707.95,718.1,690.1,701.05,77497,,nse_symbols_consolidated.csv,2026-08-19,,1.0,False
1420.0,2026-08-19,265.87,265.87,265.87,265.87,133168,,nse_symbols_consolidated.csv,2026-08-19,,1.0,False
1419.0,2026-08-19,72.05,73.5,70.82,71.61,56872,,nse_symbols_consolidated.csv,2026-08-19,,1.0,False
1421.0,2026-08-19,0.65,0.65,0.65,0.65,3579,,nse_symbols_consolidated.csv,2026-08-19,,1.0,False
1422.0,2026-08-19,23.61,25.18,23.6,24.37,2327,,nse_symbols_consolidated.csv,2026-08-19,,1.0,False
1423.0,2026-08-19,36.09,38.25,34.85,37.63,491197,,nse_symbols_consolidated.csv,2026-08-19,,1.0,False
1424.0,2026-08-19,933.8,936.2,921.1,924.7,14326,,nse_symbols_consolidated.csv,2026-08-19,,1.0,False
1425.0,2026-08-19,149.94,151.0,140.26,142.27,3267,,nse_symbols_consolidated.csv,2026-08-19,,1.0,False
1426.0,2026-08-19,553.35,565.5,544.4,555.0,241847,,nse_symbols_consolidated.csv,2026-08-19,,1.0,False
1433.0,2026-08-19,35.9,36.5,35.21,35.92,152004,,nse_symbols_consolidated.csv,2026-08-19,,1.0,False
1435.0,2026-08-19,1189.0,1189.0,1143.1,1150.0,16753,,nse_symbols_consolidated.csv,2026-08-19,,1.0,False
1446.0,2026-08-19,80.0,82.59,76.05,80.1,12147,,nse_symbols_consolidated.csv,2026-08-19,,1.0,False
1437.0,2026-08-19,190.0,199.65,190.0,199.65,29368751,,nse_symbols_consolidated.csv,2026-08-19,,1.0,False
1438.0,2026-08-19,2.09,2.24,2.01,2.21,75580,,nse_symbols_consolidated.csv,2026-08-19,,1.0,False
1439.0,2026-08-19,749.0,756.8,735.95,738.9,346698,,nse_symbols_consolidated.csv,2026-08-19,,1.0,False
1440.0,2026-08-19,176.34,176.34,170.72,171.82,31025,,nse_symbols_consolidated.csv,2026-08-19,,1.0,False
1441.0,2026-08-19,31.4,31.64,31.0,31.07,86999,,nse_symbols_consolidated.csv,2026-08-19,,1.0,False
1434.0,2026-08-19,435.0,437.2,423.5,428.15,544058,,nse_symbols_consolidated.csv,2026-08-19,,1.0,False
1442.0,2026-08-19,80.0,80.0,77.0,79.03,2198,,nse_symbols_consolidated.csv,2026-08-19,,1.0,False
1443.0,2026-08-19,0.91,0.91,0.85,0.89,657109,,nse_symbols_consolidated.csv,2026-08-19,,1.0,False
1447.0,2026-08-19,687.0,687.7,651.2,657.8,248113,,nse_symbols_consolidated.csv,2026-08-19,,1.0,False
1448.0,2026-08-19,376.0,405.1,370.0,391.5,350099,,nse_symbols_consolidated.csv,2026-08-19,,1.0,False
1449.0,2026-08-19,63.44,63.67,61.55,62.15,703075,,nse_symbols_consolidated.csv,2026-08-19,,1.0,False
1456.0,2026-08-19,57.47,57.47,51.0,52.28,32489,,nse_symbols_consolidated.csv,2026-08-19,,1.0,False
1452.0,2026-08-19,355.1,364.45,353.1,354.6,17618,,nse_symbols_consolidated.csv,2026-08-19,,1.0,False
1453.0,2026-08-19,115.41,118.8,115.41,117.75,3214,,nse_symbols_consolidated.csv,2026-08-19,,1.0,False
1454.0,2026-08-19,413.55,423.0,408.0,410.15,242003,,nse_symbols_consolidated.csv,2026-08-19,,1.0,False
1455.0,2026-08-19,383.0,392.55,375.0,392.35,202733,,nse_symbols_consolidated.csv,2026-08-19,,1.0,False
1458.0,2026-08-19,24.0,24.38,23.0,23.37,9638,,nse_symbols_consolidated.csv,2026-08-19,,1.0,False
1457.0,2026-08-19,2.21,2.65,2.21,2.39,9626,,nse_symbols_consolidated.csv,2026-08-19,,1.0,False
1459.0,2026-08-19,257.95,257.95,252.0,253.05,753309,,nse_symbols_consolidated.csv,2026-08-19,,1.0,False
1460.0,2026-08-19,10.4,10.69,10.21,10.43,20338,,nse_symbols_consolidated.csv,2026-08-19,,1.0,False
1462.0,2026-08-19,1085.0,1132.85,1012.0,1036.65,6151804,,nse_symbols_consolidated.csv,2026-08-19,,1.0,False
1464.0,2026-08-19,678.65,694.0,664.5,669.85,102847,,nse_symbols_consolidated.csv,2026-08-19,,1.0,False
1463.0,2026-08-19,173.0,180.07,172.14,180.07,41088,,nse_symbols_consolidated.csv,2026-08-19,,1.0,False
1465.0,2026-08-19,388.0,394.0,381.0,385.15,65955,,nse_symbols_consolidated.csv,2026-08-19,,1.0,False
1466.0,2026-08-19,56.5,56.99,54.5,55.16,8738,,nse_symbols_consolidated.csv,2026-08-19,,1.0,False
1467.0,2026-08-19,543.85,547.8,537.8,545.45,42945,,nse_symbols_consolidated.csv,2026-08-19,,1.0,False
1468.0,2026-08-19,88.06,89.49,86.26,88.42,10662238,,nse_symbols_consolidated.csv,2026-08-19,,1.0,False
1469.0,2026-08-19,210.29,210.3,205.51,206.24,713932,,nse_symbols_consolidated.csv,2026-08-19,,1.0,False
1482.0,2026-08-19,40.28,40.59,39.12,39.26,7395325,,nse_symbols_consolidated.csv,2026-08-19,,1.0,False
1471.0,2026-08-19,938.75,948.45,930.05,942.1,605680,,nse_symbols_consolidated.csv,2026-08-19,,1.0,False
1472.0,2026-08-19,16.9,17.25,16.32,16.62,95035984,,nse_symbols_consolidated.csv,2026-08-19,,1.0,False
1473.0,2026-08-19,26.9,26.9,26.21,26.59,731,,nse_symbols_consolidated.csv,2026-08-19,,1.0,False
1474.0,2026-08-19,28.6,28.99,28.6,28.6,185,,nse_symbols_consolidated.csv,2026-08-19,,1.0,False
1475.0,2026-08-19,2449.5,2472.5,2385.0,2424.5,438635,,nse_symbols_consolidated.csv,2026-08-19,,1.0,False
1476.0,2026-08-19,2850.0,2949.0,2849.0,2929.6,51554,,nse_symbols_consolidated.csv,2026-08-19,,1.0,False
1477.0,2026-08-19,133505.0,133875.0,132720.0,133630.0,3065,,nse_symbols_consolidated.csv,2026-08-19,,1.0,False
1478.0,2026-08-19,179.5,183.85,175.0,176.51,25690510,,nse_symbols_consolidated.csv,2026-08-19,,1.0,False
317.0,2026-08-19,262.0,265.8,258.4,263.32,1551749,,nse_symbols_consolidated.csv,2026-08-19,,1.0,False
1480.0,2026-08-19,34.59,34.75,33.4,34.55,1445413,,nse_symbols_consolidated.csv,2026-08-19,,1.0,False
1481.0,2026-08-19,702.0,722.0,700.0,703.75,787852,,nse_symbols_consolidated.csv,2026-08-19,,1.0,False
1484.0,2026-08-19,1.93,1.94,1.76,1.87,53075,,nse_symbols_consolidated.csv,2026-08-19,,1.0,False
1483.0,2026-08-19,6989.5,7077.0,6901.0,6918.5,78861,,nse_symbols_consolidated.csv,2026-08-19,,1.0,False
1486.0,2026-08-19,135.8,137.9,134.56,135.11,688723,,nse_symbols_consolidated.csv,2026-08-19,,1.0,False
1488.0,2026-08-19,135.65,135.65,133.12,134.57,56014,,nse_symbols_consolidated.csv,2026-08-19,,1.0,False
1489.0,2026-08-19,145.0,146.44,138.0,144.14,1154,,nse_symbols_consolidated.csv,2026-08-19,,1.0,False
1490.0,2026-08-19,27.05,27.4,25.93,26.38,590377,,nse_symbols_consolidated.csv,2026-08-19,,1.0,False
1491.0,2026-08-19,57.9,57.98,56.0,56.0,3110,,nse_symbols_consolidated.csv,2026-08-19,,1.0,False
1409.0,2026-08-19,3060.0,3068.0,2960.1,2973.0,3238717,,nse_symbols_consolidated.csv,2026-08-19,,1.0,False
1492.0,2026-08-19,119.6,120.99,114.0,114.85,1483458,,nse_symbols_consolidated.csv,2026-08-19,,1.0,False
1493.0,2026-08-19,135.1,136.0,131.65,132.35,49692,,nse_symbols_consolidated.csv,2026-08-19,,1.0,False
1494.0,2026-08-19,30.3,31.1,30.16,30.43,8508,,nse_symbols_consolidated.csv,2026-08-19,,1.0,False
1796.0,2026-08-19,6.89,6.89,6.65,6.7,39235,,nse_symbols_consolidated.csv,2026-08-19,,1.0,False
1495.0,2026-08-19,250.5,260.0,249.0,249.94,11105,,nse_symbols_consolidated.csv,2026-08-19,,1.0,False
1496.0,2026-08-19,2878.0,2886.8,2845.0,2859.0,495026,,nse_symbols_consolidated.csv,2026-08-19,,1.0,False
1497.0,2026-08-19,211.0,212.0,207.51,208.61,241514,,nse_symbols_consolidated.csv,2026-08-19,,1.0,False
1498.0,2026-08-19,577.75,583.55,560.15,570.2,620974,,nse_symbols_consolidated.csv,2026-08-19,,1.0,False
1501.0,2026-08-19,116.0,137.91,116.0,137.91,68040,,nse_symbols_consolidated.csv,2026-08-19,,1.0,False
1583.0,2026-08-19,501.1,509.95,498.05,499.15,13742,,nse_symbols_consolidated.csv,2026-08-19,,1.0,False
1588.0,2026-08-19,146.0,146.0,133.57,140.11,444,,nse_symbols_consolidated.csv,2026-08-19,,1.0,False
1524.0,2026-08-19,2030.0,2030.0,1950.1,2000.0,597,,nse_symbols_consolidated.csv,2026-08-19,,1.0,False
1502.0,2026-08-19,174.05,177.73,170.51,173.99,383919,,nse_symbols_consolidated.csv,2026-08-19,,1.0,False
1527.0,2026-08-19,2750.0,2779.7,2701.0,2711.0,191,,nse_symbols_consolidated.csv,2026-08-19,,1.0,False
1503.0,2026-08-19,23.9,23.9,23.25,23.31,1439,,nse_symbols_consolidated.csv,2026-08-19,,1.0,False
1504.0,2026-08-19,23.95,23.95,22.8,23.01,183840,,nse_symbols_consolidated.csv,2026-08-19,,1.0,False
1505.0,2026-08-19,259.6,259.6,253.25,256.81,847,,nse_symbols_consolidated.csv,2026-08-19,,1.0,False
1506.0,2026-08-19,119.85,121.9,117.25,117.62,41685,,nse_symbols_consolidated.csv,2026-08-19,,1.0,False
1507.0,2026-08-19,239.4,244.8,236.05,237.6,6342,,nse_symbols_consolidated.csv,2026-08-19,,1.0,False
1508.0,2026-08-19,305.0,307.95,295.35,298.75,28083,,nse_symbols_consolidated.csv,2026-08-19,,1.0,False
1548.0,2026-08-19,39.2,41.9,39.2,40.8,1965,,nse_symbols_consolidated.csv,2026-08-19,,1.0,False
1586.0,2026-08-19,5599.5,5599.5,5500.0,5518.5,1932,,nse_symbols_consolidated.csv,2026-08-19,,1.0,False
1528.0,2026-08-19,2.26,2.29,2.24,2.25,882925,,nse_symbols_consolidated.csv,2026-08-19,,1.0,False
1100.0,2026-08-19,27.01,27.99,26.7,27.03,4703,,nse_symbols_consolidated.csv,2026-08-19,,1.0,False
1550.0,2026-08-19,1803.0,1815.6,1781.0,1785.7,267386,,nse_symbols_consolidated.csv,2026-08-19,,1.0,False
1510.0,2026-08-19,14.88,14.93,14.49,14.63,296330,,nse_symbols_consolidated.csv,2026-08-19,,1.0,False
1512.0,2026-08-19,898.95,916.0,883.0,886.85,318070,,nse_symbols_consolidated.csv,2026-08-19,,1.0,False
1513.0,2026-08-19,154.5,155.01,152.21,153.83,14252,,nse_symbols_consolidated.csv,2026-08-19,,1.0,False
1514.0,2026-08-19,382.0,386.55,379.0,386.55,3939022,,nse_symbols_consolidated.csv,2026-08-19,,1.0,False
1547.0,2026-08-19,70.23,71.26,70.0,70.07,511032,,nse_symbols_consolidated.csv,2026-08-19,,1.0,False
1515.0,2026-08-19,127.3,127.3,127.3,127.3,11328,,nse_symbols_consolidated.csv,2026-08-19,,1.0,False
1511.0,2026-08-19,149.34,150.3,147.0,149.7,7144,,nse_symbols_consolidated.csv,2026-08-19,,1.0,False
1517.0,2026-08-19,559.2,566.95,545.15,549.2,399882,,nse_symbols_consolidated.csv,2026-08-19,,1.0,False
1518.0,2026-08-19,8260.5,8318.0,8198.0,8277.5,119823,,nse_symbols_consolidated.csv,2026-08-19,,1.0,False
1519.0,2026-08-19,98.41,98.52,97.0,97.4,194590,,nse_symbols_consolidated.csv,2026-08-19,,1.0,False
1520.0,2026-08-19,0.98,1.0,0.94,0.96,563307,,nse_symbols_consolidated.csv,2026-08-19,,1.0,False
1521.0,2026-08-19,133.17,136.0,132.0,133.88,172720,,nse_symbols_consolidated.csv,2026-08-19,,1.0,False
1522.0,2026-08-19,354.0,361.0,354.0,357.35,1731629,,nse_symbols_consolidated.csv,2026-08-19,,1.0,False
1523.0,2026-08-19,88.0,88.02,87.0,87.19,4316941,,nse_symbols_consolidated.csv,2026-08-19,,1.0,False
1525.0,2026-08-19,140.38,141.85,138.5,139.57,969124,,nse_symbols_consolidated.csv,2026-08-19,,1.0,False
1526.0,2026-08-19,172.7,175.0,171.2,173.19,50235,,nse_symbols_consolidated.csv,2026-08-19,,1.0,False
1529.0,2026-08-19,116.0,119.39,115.0,116.08,9455,,nse_symbols_consolidated.csv,2026-08-19,,1.0,False
1530.0,2026-08-19,790.95,800.5,775.3,781.05,14499,,nse_symbols_consolidated.csv,2026-08-19,,1.0,False
1531.0,2026-08-19,76.5,76.5,72.68,73.34,129724,,nse_symbols_consolidated.csv,2026-08-19,,1.0,False
1534.0,2026-08-19,10.75,10.95,10.06,10.52,178945,,nse_symbols_consolidated.csv,2026-08-19,,1.0,False
1532.0,2026-08-19,3438.0,3438.0,3339.0,3420.8,19,,nse_symbols_consolidated.csv,2026-08-19,,1.0,False
1535.0,2026-08-19,119.05,119.67,116.5,117.33,75371,,nse_symbols_consolidated.csv,2026-08-19,,1.0,False
1536.0,2026-08-19,948.8,950.6,875.5,910.1,1328147,,nse_symbols_consolidated.csv,2026-08-19,,1.0,False
1537.0,2026-08-19,2360.0,2390.0,2319.0,2328.8,210832,,nse_symbols_consolidated.csv,2026-08-19,,1.0,False
1538.0,2026-08-19,691.05,714.05,676.1,691.0,193664,,nse_symbols_consolidated.csv,2026-08-19,,1.0,False
1539.0,2026-08-19,1034.7,1047.9,1028.0,1033.0,38385,,nse_symbols_consolidated.csv,2026-08-19,,1.0,False
1540.0,2026-08-19,1462.4,1481.3,1457.1,1465.0,1837329,,nse_symbols_consolidated.csv,2026-08-19,,1.0,False
1541.0,2026-08-19,5324.9,5338.0,5025.0,5065.0,1923210,,nse_symbols_consolidated.csv,2026-08-19,,1.0,False
1582.0,2026-08-19,1615.9,1615.9,1554.6,1594.2,20234,,nse_symbols_consolidated.csv,2026-08-19,,1.0,False
1542.0,2026-08-19,28.45,28.6,27.81,28.07,6499973,,nse_symbols_consolidated.csv,2026-08-19,,1.0,False
1543.0,2026-08-19,16.8,17.4,16.5,16.74,43010,,nse_symbols_consolidated.csv,2026-08-19,,1.0,False
1544.0,2026-08-19,23399.0,23435.0,23002.0,23290.0,33339,,nse_symbols_consolidated.csv,2026-08-19,,1.0,False
1545.0,2026-08-19,531.05,538.95,518.7,519.95,500666,,nse_symbols_consolidated.csv,2026-08-19,,1.0,False
1546.0,2026-08-19,3.75,3.89,3.75,3.87,4320,,nse_symbols_consolidated.csv,2026-08-19,,1.0,False
1549.0,2026-08-19,3051.4,3206.6,2954.6,3040.4,19655,,nse_symbols_consolidated.csv,2026-08-19,,1.0,False
1551.0,2026-08-19,76.9,76.9,75.85,76.17,5333949,,nse_symbols_consolidated.csv,2026-08-19,,1.0,False
1553.0,2026-08-19,1449.0,1449.0,1407.0,1411.1,44618,,nse_symbols_consolidated.csv,2026-08-19,,1.0,False
1555.0,2026-08-19,76.21,79.54,75.42,76.52,1280,,nse_symbols_consolidated.csv,2026-08-19,,1.0,False
1557.0,2026-08-19,236.05,240.0,234.53,236.34,156811,,nse_symbols_consolidated.csv,2026-08-19,,1.0,False
1556.0,2026-08-19,93.08,94.99,91.65,92.32,307481,,nse_symbols_consolidated.csv,2026-08-19,,1.0,False
1558.0,2026-08-19,7.09,7.09,6.93,6.96,110992,,nse_symbols_consolidated.csv,2026-08-19,,1.0,False
1559.0,2026-08-19,12.78,12.87,12.51,12.65,554273,,nse_symbols_consolidated.csv,2026-08-19,,1.0,False
1560.0,2026-08-19,1549.9,1555.0,1524.2,1544.4,2317,,nse_symbols_consolidated.csv,2026-08-19,,1.0,False
1561.0,2026-08-19,1848.7,2105.0,1832.5,2033.8,1424389,,nse_symbols_consolidated.csv,2026-08-19,,1.0,False
1562.0,2026-08-19,176.0,176.15,176.0,176.0,205,,nse_symbols_consolidated.csv,2026-08-19,,1.0,False
1563.0,2026-08-19,715.8,744.95,711.7,720.4,2266,,nse_symbols_consolidated.csv,2026-08-19,,1.0,False
1509.0,2026-08-19,1178.9,1218.0,1175.0,1217.0,1411986,,nse_symbols_consolidated.csv,2026-08-19,,1.0,False
1565.0,2026-08-19,28.98,29.54,27.4,27.78,172630,,nse_symbols_consolidated.csv,2026-08-19,,1.0,False
1566.0,2026-08-19,205.65,224.0,205.65,224.0,12,,nse_symbols_consolidated.csv,2026-08-19,,1.0,False
1567.0,2026-08-19,622.95,639.8,620.0,621.6,4727,,nse_symbols_consolidated.csv,2026-08-19,,1.0,False
1568.0,2026-08-19,91.81,91.81,89.16,90.15,574211,,nse_symbols_consolidated.csv,2026-08-19,,1.0,False
1569.0,2026-08-19,611.0,617.55,580.1,583.55,277902,,nse_symbols_consolidated.csv,2026-08-19,,1.0,False
1570.0,2026-08-19,209.0,209.0,185.61,199.28,2194,,nse_symbols_consolidated.csv,2026-08-19,,1.0,False
1571.0,2026-08-19,1609.0,1624.6,1546.2,1559.5,7362,,nse_symbols_consolidated.csv,2026-08-19,,1.0,False
1572.0,2026-08-19,83.74,84.5,83.37,83.96,368300,,nse_symbols_consolidated.csv,2026-08-19,,1.0,False
1573.0,2026-08-19,62.0,62.0,58.6,61.55,299,,nse_symbols_consolidated.csv,2026-08-19,,1.0,False
1574.0,2026-08-19,276.0,276.55,263.3,268.05,2163796,,nse_symbols_consolidated.csv,2026-08-19,,1.0,False
1575.0,2026-08-19,84.01,84.06,82.86,83.35,20291366,,nse_symbols_consolidated.csv,2026-08-19,,1.0,False
1587.0,2026-08-19,40.51,40.6,40.05,40.15,3296435,,nse_symbols_consolidated.csv,2026-08-19,,1.0,False
1576.0,2026-08-19,163.3,163.96,160.65,161.57,347785,,nse_symbols_consolidated.csv,2026-08-19,,1.0,False
1577.0,2026-08-19,4.11,4.27,4.0,4.14,68206,,nse_symbols_consolidated.csv,2026-08-19,,1.0,False
1578.0,2026-08-19,63.51,70.0,63.51,69.14,2396,,nse_symbols_consolidated.csv,2026-08-19,,1.0,False
1533.0,2026-08-19,14.46,14.58,14.28,14.37,13704,,nse_symbols_consolidated.csv,2026-08-19,,1.0,False
1579.0,2026-08-19,289.2,289.95,282.3,284.35,313788,,nse_symbols_consolidated.csv,2026-08-19,,1.0,False
1580.0,2026-08-19,25.39,25.39,24.6,24.76,40079,,nse_symbols_consolidated.csv,2026-08-19,,1.0,False
1581.0,2026-08-19,1606.0,1617.0,1527.1,1531.7,13069,,nse_symbols_consolidated.csv,2026-08-19,,1.0,False
1584.0,2026-08-19,490.0,503.9,478.0,483.15,851443,,nse_symbols_consolidated.csv,2026-08-19,,1.0,False
1554.0,2026-08-19,32.5,32.5,31.02,31.24,10661,,nse_symbols_consolidated.csv,2026-08-19,,1.0,False
1590.0,2026-08-19,92.0,92.62,91.5,91.7,1795920,,nse_symbols_consolidated.csv,2026-08-19,,1.0,False
1589.0,2026-08-19,336.3,338.85,333.6,336.55,7502595,,nse_symbols_consolidated.csv,2026-08-19,,1.0,False
1591.0,2026-08-19,718.95,738.0,714.05,727.8,47362,,nse_symbols_consolidated.csv,2026-08-19,,1.0,False
1585.0,2026-08-19,114.0,114.0,113.0,113.1,18566,,nse_symbols_consolidated.csv,2026-08-19,,1.0,False
1592.0,2026-08-19,327.75,329.9,316.1,317.0,5128,,nse_symbols_consolidated.csv,2026-08-19,,1.0,False
1593.0,2026-08-19,1759.0,1759.0,1700.0,1733.4,263043,,nse_symbols_consolidated.csv,2026-08-19,,1.0,False
1594.0,2026-08-19,328.0,328.0,317.2,318.5,294134,,nse_symbols_consolidated.csv,2026-08-19,,1.0,False
1597.0,2026-08-19,54.4,54.4,53.75,54.19,53732,,nse_symbols_consolidated.csv,2026-08-19,,1.0,False
1598.0,2026-08-19,1860.0,1890.0,1830.4,1869.7,613359,,nse_symbols_consolidated.csv,2026-08-19,,1.0,False
1599.0,2026-08-19,167.5,173.05,164.5,165.14,97785,,nse_symbols_consolidated.csv,2026-08-19,,1.0,False
1600.0,2026-08-19,22.35,22.84,22.25,22.51,16284,,nse_symbols_consolidated.csv,2026-08-19,,1.0,False
1601.0,2026-08-19,6.92,7.58,6.54,7.03,79268,,nse_symbols_consolidated.csv,2026-08-19,,1.0,False
1617.0,2026-08-19,241.1,242.19,237.52,238.0,17345994,,nse_symbols_consolidated.csv,2026-08-19,,1.0,False
1604.0,2026-08-19,59.25,59.8,57.8,58.97,6191,,nse_symbols_consolidated.csv,2026-08-19,,1.0,False
1603.0,2026-08-19,485.8,485.8,472.9,474.85,1699810,,nse_symbols_consolidated.csv,2026-08-19,,1.0,False
1605.0,2026-08-19,38.62,38.74,37.0,37.28,26676515,,nse_symbols_consolidated.csv,2026-08-19,,1.0,False
1606.0,2026-08-19,1334.5,1334.5,1297.0,1305.6,214310,,nse_symbols_consolidated.csv,2026-08-19,,1.0,False
1609.0,2026-08-19,93.8,94.98,91.8,93.69,6738,,nse_symbols_consolidated.csv,2026-08-19,,1.0,False
1610.0,2026-08-19,86.84,86.96,85.01,85.04,57569,,nse_symbols_consolidated.csv,2026-08-19,,1.0,False
1612.0,2026-08-19,165.89,167.3,164.0,165.28,77579,,nse_symbols_consolidated.csv,2026-08-19,,1.0,False
1607.0,2026-08-19,198.69,198.69,193.0,195.27,30180,,nse_symbols_consolidated.csv,2026-08-19,,1.0,False
1608.0,2026-08-19,103.43,104.0,99.0,99.41,1170450,,nse_symbols_consolidated.csv,2026-08-19,,1.0,False
1611.0,2026-08-19,589.0,595.0,575.0,586.65,768086,,nse_symbols_consolidated.csv,2026-08-19,,1.0,False
1677.0,2026-08-19,1551.1,1604.9,1546.3,1583.5,5645397,,nse_symbols_consolidated.csv,2026-08-19,,1.0,False
1613.0,2026-08-19,533.0,563.9,533.0,560.65,20875,,nse_symbols_consolidated.csv,2026-08-19,,1.0,False
1451.0,2026-08-19,199.0,201.51,195.0,195.61,691827,,nse_symbols_consolidated.csv,2026-08-19,,1.0,False
1615.0,2026-08-19,56.95,56.95,55.23,56.31,1300696,,nse_symbols_consolidated.csv,2026-08-19,,1.0,False
1614.0,2026-08-19,33.5,33.9,32.21,33.0,132344,,nse_symbols_consolidated.csv,2026-08-19,,1.0,False
1215.0,2026-08-19,303.7,305.4,299.5,300.25,597147,,nse_symbols_consolidated.csv,2026-08-19,,1.0,False
1616.0,2026-08-19,1539.8,1551.3,1511.1,1520.5,67691,,nse_symbols_consolidated.csv,2026-08-19,,1.0,False
1618.0,2026-08-19,36.35,37.44,33.9,36.93,803798,,nse_symbols_consolidated.csv,2026-08-19,,1.0,False
1619.0,2026-08-19,338.85,338.85,338.85,338.85,5926,,nse_symbols_consolidated.csv,2026-08-19,,1.0,False
1620.0,2026-08-19,59.33,59.33,59.33,59.33,14461,,nse_symbols_consolidated.csv,2026-08-19,,1.0,False
1621.0,2026-08-19,282.1,284.7,280.5,282.4,14293,,nse_symbols_consolidated.csv,2026-08-19,,1.0,False
1622.0,2026-08-19,548.9,555.95,537.05,546.7,163363,,nse_symbols_consolidated.csv,2026-08-19,,1.0,False
1623.0,2026-08-19,12.0,12.19,11.51,11.91,32550,,nse_symbols_consolidated.csv,2026-08-19,,1.0,False
1602.0,2026-08-19,11703.0,11854.0,11640.0,11774.0,233633,,nse_symbols_consolidated.csv,2026-08-19,,1.0,False
1624.0,2026-08-19,235.0,237.89,230.0,230.12,5401,,nse_symbols_consolidated.csv,2026-08-19,,1.0,False
1625.0,2026-08-19,1.42,1.44,1.38,1.39,121148,,nse_symbols_consolidated.csv,2026-08-19,,1.0,False
1626.0,2026-08-19,959.0,998.5,959.0,979.5,74461,,nse_symbols_consolidated.csv,2026-08-19,,1.0,False
1627.0,2026-08-19,56.79,57.37,55.05,56.71,40572,,nse_symbols_consolidated.csv,2026-08-19,,1.0,False
1629.0,2026-08-19,343.3,355.0,342.0,343.35,15415,,nse_symbols_consolidated.csv,2026-08-19,,1.0,False
1630.0,2026-08-19,131.76,131.76,128.86,129.47,380340,,nse_symbols_consolidated.csv,2026-08-19,,1.0,False
1631.0,2026-08-19,44.48,44.48,42.5,43.12,93863,,nse_symbols_consolidated.csv,2026-08-19,,1.0,False
1632.0,2026-08-19,185.14,185.14,179.2,180.59,120228,,nse_symbols_consolidated.csv,2026-08-19,,1.0,False
859.0,2026-08-19,9.45,9.51,9.4,9.43,1279241,,nse_symbols_consolidated.csv,2026-08-19,,1.0,False
1633.0,2026-08-19,124.0,143.0,124.0,139.5,49651038,,nse_symbols_consolidated.csv,2026-08-19,,1.0,False
1635.0,2026-08-19,17.38,17.49,16.65,16.85,211944,,nse_symbols_consolidated.csv,2026-08-19,,1.0,False
1634.0,2026-08-19,78.0,79.7,77.7,79.3,6970,,nse_symbols_consolidated.csv,2026-08-19,,1.0,False
1636.0,2026-08-19,248.9,250.85,238.35,240.65,243621,,nse_symbols_consolidated.csv,2026-08-19,,1.0,False
1596.0,2026-08-19,344.05,344.5,338.45,341.9,6320,,nse_symbols_consolidated.csv,2026-08-19,,1.0,False
1637.0,2026-08-19,107.75,109.8,104.0,105.09,54954,,nse_symbols_consolidated.csv,2026-08-19,,1.0,False
1628.0,2026-08-19,5.11,5.11,4.92,5.06,125177,,nse_symbols_consolidated.csv,2026-08-19,,1.0,False
1638.0,2026-08-19,4726.6,4755.0,4621.0,4637.0,9382,,nse_symbols_consolidated.csv,2026-08-19,,1.0,False
1639.0,2026-08-19,542.3,555.15,542.3,551.0,38521,,nse_symbols_consolidated.csv,2026-08-19,,1.0,False
1640.0,2026-08-19,15.33,16.39,15.33,15.48,12361,,nse_symbols_consolidated.csv,2026-08-19,,1.0,False
1641.0,2026-08-19,2.83,2.83,2.83,2.83,63936,,nse_symbols_consolidated.csv,2026-08-19,,1.0,False
1642.0,2026-08-19,36.67,37.84,36.41,37.46,13514,,nse_symbols_consolidated.csv,2026-08-19,,1.0,False
1643.0,2026-08-19,20.8,21.07,20.72,20.89,61734,,nse_symbols_consolidated.csv,2026-08-19,,1.0,False
1644.0,2026-08-19,297.95,298.7,291.2,292.1,499585,,nse_symbols_consolidated.csv,2026-08-19,,1.0,False
1678.0,2026-08-19,60.0,60.0,60.0,60.0,30,,nse_symbols_consolidated.csv,2026-08-19,,1.0,False
1721.0,2026-08-19,612.0,612.35,602.15,603.45,243991,,nse_symbols_consolidated.csv,2026-08-19,,1.0,False
1725.0,2026-08-19,160.0,165.0,159.0,162.15,20374,,nse_symbols_consolidated.csv,2026-08-19,,1.0,False
1694.0,2026-08-19,8330.5,8352.0,8235.0,8239.0,7942,,nse_symbols_consolidated.csv,2026-08-19,,1.0,False
1646.0,2026-08-19,177.3,177.99,174.61,175.81,429482,,nse_symbols_consolidated.csv,2026-08-19,,1.0,False
1647.0,2026-08-19,141.16,141.16,129.0,133.55,94,,nse_symbols_consolidated.csv,2026-08-19,,1.0,False
1648.0,2026-08-19,36440.0,36460.0,35240.0,35240.0,40937,,nse_symbols_consolidated.csv,2026-08-19,,1.0,False
1649.0,2026-08-19,67.57,69.9,67.44,69.37,6857545,,nse_symbols_consolidated.csv,2026-08-19,,1.0,False
1650.0,2026-08-19,95.8,96.4,88.1,88.54,446675,,nse_symbols_consolidated.csv,2026-08-19,,1.0,False
1651.0,2026-08-19,87.46,87.98,84.55,86.37,4755,,nse_symbols_consolidated.csv,2026-08-19,,1.0,False
1652.0,2026-08-19,55.74,56.0,54.0,55.0,10893,,nse_symbols_consolidated.csv,2026-08-19,,1.0,False
1653.0,2026-08-19,408.0,416.7,401.3,402.65,89623,,nse_symbols_consolidated.csv,2026-08-19,,1.0,False
1654.0,2026-08-19,544.95,554.4,530.15,541.1,8613,,nse_symbols_consolidated.csv,2026-08-19,,1.0,False
1655.0,2026-08-19,508.0,509.0,486.05,489.65,477808,,nse_symbols_consolidated.csv,2026-08-19,,1.0,False
1656.0,2026-08-19,285.0,294.5,285.0,294.45,1829,,nse_symbols_consolidated.csv,2026-08-19,,1.0,False
1657.0,2026-08-19,47.0,47.0,44.1,45.95,250800,,nse_symbols_consolidated.csv,2026-08-19,,1.0,False
1658.0,2026-08-19,377.0,377.0,311.1,312.6,2140,,nse_symbols_consolidated.csv,2026-08-19,,1.0,False
1659.0,2026-08-19,101.25,106.99,100.16,100.86,10180,,nse_symbols_consolidated.csv,2026-08-19,,1.0,False
1661.0,2026-08-19,147.5,152.7,146.72,150.89,3628505,,nse_symbols_consolidated.csv,2026-08-19,,1.0,False
1662.0,2026-08-19,212.14,215.0,208.4,208.95,583907,,nse_symbols_consolidated.csv,2026-08-19,,1.0,False
1660.0,2026-08-19,63.83,64.9,62.1,62.73,1102168,,nse_symbols_consolidated.csv,2026-08-19,,1.0,False
1663.0,2026-08-19,1527.5,1577.0,1467.9,1496.4,3160134,,nse_symbols_consolidated.csv,2026-08-19,,1.0,False
1664.0,2026-08-19,2.3,2.3,2.21,2.21,105472,,nse_symbols_consolidated.csv,2026-08-19,,1.0,False
1665.0,2026-08-19,277.8,277.8,270.0,270.65,373633,,nse_symbols_consolidated.csv,2026-08-19,,1.0,False
1666.0,2026-08-19,116.4,119.49,115.0,116.85,166075,,nse_symbols_consolidated.csv,2026-08-19,,1.0,False
1667.0,2026-08-19,122.45,122.45,119.5,120.24,526,,nse_symbols_consolidated.csv,2026-08-19,,1.0,False
1668.0,2026-08-19,1.43,1.43,1.43,1.43,205255,,nse_symbols_consolidated.csv,2026-08-19,,1.0,False
1669.0,2026-08-19,88.61,89.49,85.6,86.31,26573,,nse_symbols_consolidated.csv,2026-08-19,,1.0,False
1670.0,2026-08-19,61.8,63.4,59.55,61.56,75112,,nse_symbols_consolidated.csv,2026-08-19,,1.0,False
1671.0,2026-08-19,351.65,356.2,348.1,350.95,1841471,,nse_symbols_consolidated.csv,2026-08-19,,1.0,False
1672.0,2026-08-19,27.73,28.34,27.71,27.8,1870276,,nse_symbols_consolidated.csv,2026-08-19,,1.0,False
1674.0,2026-08-19,13.65,14.0,13.25,13.76,94075,,nse_symbols_consolidated.csv,2026-08-19,,1.0,False
1673.0,2026-08-19,229.89,241.89,228.0,238.23,339070,,nse_symbols_consolidated.csv,2026-08-19,,1.0,False
1715.0,2026-08-19,515.0,515.0,491.1,492.1,134,,nse_symbols_consolidated.csv,2026-08-19,,1.0,False
1675.0,2026-08-19,788.0,814.65,769.35,777.8,327085,,nse_symbols_consolidated.csv,2026-08-19,,1.0,False
1676.0,2026-08-19,17.75,18.98,17.75,18.87,42426,,nse_symbols_consolidated.csv,2026-08-19,,1.0,False
1727.0,2026-08-19,1755.0,1798.8,1741.6,1782.1,2185071,,nse_symbols_consolidated.csv,2026-08-19,,1.0,False
1680.0,2026-08-19,9.65,9.87,9.58,9.68,96035205,,nse_symbols_consolidated.csv,2026-08-19,,1.0,False
1679.0,2026-08-19,330.0,333.85,324.1,326.7,1990420,,nse_symbols_consolidated.csv,2026-08-19,,1.0,False
1682.0,2026-08-19,364.85,366.65,358.9,361.9,47279,,nse_symbols_consolidated.csv,2026-08-19,,1.0,False
1696.0,2026-08-19,2354.0,2435.7,2326.5,2413.7,61775,,nse_symbols_consolidated.csv,2026-08-19,,1.0,False
1683.0,2026-08-19,16.86,16.86,15.61,15.9,5138,,nse_symbols_consolidated.csv,2026-08-19,,1.0,False
1685.0,2026-08-19,14.81,14.91,14.81,14.91,77807,,nse_symbols_consolidated.csv,2026-08-19,,1.0,False
1684.0,2026-08-19,152.7,159.25,152.0,158.23,476230,,nse_symbols_consolidated.csv,2026-08-19,,1.0,False
1686.0,2026-08-19,821.0,929.0,821.0,882.2,43018,,nse_symbols_consolidated.csv,2026-08-19,,1.0,False
1687.0,2026-08-19,5520.0,5577.0,5475.5,5510.0,474744,,nse_symbols_consolidated.csv,2026-08-19,,1.0,False
1688.0,2026-08-19,286.25,291.5,285.65,288.15,5252827,,nse_symbols_consolidated.csv,2026-08-19,,1.0,False
1690.0,2026-08-19,4838.0,4969.3,4813.9,4919.5,160066,,nse_symbols_consolidated.csv,2026-08-19,,1.0,False
1693.0,2026-08-19,595.9,606.0,584.5,601.9,1419102,,nse_symbols_consolidated.csv,2026-08-19,,1.0,False
1698.0,2026-08-19,30.85,30.9,30.0,30.76,393,,nse_symbols_consolidated.csv,2026-08-19,,1.0,False
1782.0,2026-08-19,123.0,124.09,118.17,121.92,19723170,,nse_symbols_consolidated.csv,2026-08-19,,1.0,False
1702.0,2026-08-19,2521.7,2523.2,2488.2,2505.0,262916,,nse_symbols_consolidated.csv,2026-08-19,,1.0,False
1699.0,2026-08-19,692.8,720.25,685.0,705.85,347241,,nse_symbols_consolidated.csv,2026-08-19,,1.0,False
1700.0,2026-08-19,1670.0,1673.0,1644.1,1650.0,1011213,,nse_symbols_consolidated.csv,2026-08-19,,1.0,False
1704.0,2026-08-19,8.0,8.29,7.96,8.0,119272,,nse_symbols_consolidated.csv,2026-08-19,,1.0,False
1703.0,2026-08-19,4386.3,4391.4,4275.0,4291.8,3368,,nse_symbols_consolidated.csv,2026-08-19,,1.0,False
1705.0,2026-08-19,160.75,161.5,157.01,157.62,9494711,,nse_symbols_consolidated.csv,2026-08-19,,1.0,False
1706.0,2026-08-19,22.9,22.9,21.9,22.03,25112,,nse_symbols_consolidated.csv,2026-08-19,,1.0,False
1707.0,2026-08-19,80.46,80.46,80.41,80.41,150,,nse_symbols_consolidated.csv,2026-08-19,,1.0,False
1708.0,2026-08-19,2072.9,2088.0,2050.0,2057.4,137295,,nse_symbols_consolidated.csv,2026-08-19,,1.0,False
1740.0,2026-08-19,211.58,213.4,207.7,209.64,2926756,,nse_symbols_consolidated.csv,2026-08-19,,1.0,False
1709.0,2026-08-19,1042.0,1096.7,1042.0,1069.35,329780,,nse_symbols_consolidated.csv,2026-08-19,,1.0,False
1710.0,2026-08-19,1885.0,1934.7,1808.2,1815.2,42608,,nse_symbols_consolidated.csv,2026-08-19,,1.0,False
1712.0,2026-08-19,191.01,197.0,185.0,187.13,52775,,nse_symbols_consolidated.csv,2026-08-19,,1.0,False
1713.0,2026-08-19,210.74,213.15,205.2,206.38,43386,,nse_symbols_consolidated.csv,2026-08-19,,1.0,False
1714.0,2026-08-19,51.5,53.02,49.77,49.86,75805,,nse_symbols_consolidated.csv,2026-08-19,,1.0,False
1717.0,2026-08-19,80.0,80.01,78.5,78.78,177700,,nse_symbols_consolidated.csv,2026-08-19,,1.0,False
1718.0,2026-08-19,1143.9,1175.9,1138.0,1174.0,1249429,,nse_symbols_consolidated.csv,2026-08-19,,1.0,False
1720.0,2026-08-19,215.0,215.88,210.7,212.01,426509,,nse_symbols_consolidated.csv,2026-08-19,,1.0,False
1722.0,2026-08-19,581.9,589.0,561.2,564.35,143870,,nse_symbols_consolidated.csv,2026-08-19,,1.0,False
1724.0,2026-08-19,255.15,255.15,245.35,248.9,2713,,nse_symbols_consolidated.csv,2026-08-19,,1.0,False
1726.0,2026-08-19,923.7,933.25,894.0,901.85,61183,,nse_symbols_consolidated.csv,2026-08-19,,1.0,False
1729.0,2026-08-19,1785.1,1814.9,1755.2,1770.3,100462,,nse_symbols_consolidated.csv,2026-08-19,,1.0,False
1728.0,2026-08-19,9105.0,9150.0,8963.5,9140.0,333641,,nse_symbols_consolidated.csv,2026-08-19,,1.0,False
1730.0,2026-08-19,1182.0,1191.5,1166.9,1171.9,51103,,nse_symbols_consolidated.csv,2026-08-19,,1.0,False
1731.0,2026-08-19,30.5,30.5,30.48,30.48,25,,nse_symbols_consolidated.csv,2026-08-19,,1.0,False
1723.0,2026-08-19,501.95,502.5,495.0,500.6,255975,,nse_symbols_consolidated.csv,2026-08-19,,1.0,False
1732.0,2026-08-19,363.9,393.0,360.35,384.15,237864,,nse_symbols_consolidated.csv,2026-08-19,,1.0,False
1733.0,2026-08-19,497.9,500.0,491.2,493.3,408949,,nse_symbols_consolidated.csv,2026-08-19,,1.0,False
1781.0,2026-08-19,117.79,118.67,112.7,113.43,45816,,nse_symbols_consolidated.csv,2026-08-19,,1.0,False
1689.0,2026-08-19,374.95,376.4,371.15,374.45,7426828,,nse_symbols_consolidated.csv,2026-08-19,,1.0,False
1734.0,2026-08-19,267.05,267.5,262.05,263.5,9674185,,nse_symbols_consolidated.csv,2026-08-19,,1.0,False
1701.0,2026-08-19,105.05,108.74,102.11,105.0,122933,,nse_symbols_consolidated.csv,2026-08-19,,1.0,False
1737.0,2026-08-19,2440.1,2469.1,2412.5,2427.7,55380,,nse_symbols_consolidated.csv,2026-08-19,,1.0,False
1735.0,2026-08-19,562.8,562.8,530.3,532.85,218334,,nse_symbols_consolidated.csv,2026-08-19,,1.0,False
1738.0,2026-08-19,268.5,276.0,265.55,271.7,9496,,nse_symbols_consolidated.csv,2026-08-19,,1.0,False
1741.0,2026-08-19,183.1,210.57,181.11,199.79,5365224,,nse_symbols_consolidated.csv,2026-08-19,,1.0,False
1742.0,2026-08-19,526.0,543.9,520.1,534.55,4610,,nse_symbols_consolidated.csv,2026-08-19,,1.0,False
1744.0,2026-08-19,338.0,347.5,335.85,340.5,1782668,,nse_symbols_consolidated.csv,2026-08-19,,1.0,False
1743.0,2026-08-19,19.95,19.95,19.0,19.04,27779,,nse_symbols_consolidated.csv,2026-08-19,,1.0,False
1745.0,2026-08-19,133.52,134.18,130.5,131.38,353073,,nse_symbols_consolidated.csv,2026-08-19,,1.0,False
1739.0,2026-08-19,273.9,275.0,266.4,271.5,23108,,nse_symbols_consolidated.csv,2026-08-19,,1.0,False
1746.0,2026-08-19,3.91,3.97,3.83,3.92,123675,,nse_symbols_consolidated.csv,2026-08-19,,1.0,False
594.0,2026-08-19,1199.8,1199.8,1161.8,1179.2,10918,,nse_symbols_consolidated.csv,2026-08-19,,1.0,False
1747.0,2026-08-19,255.0,268.95,255.0,267.5,81643,,nse_symbols_consolidated.csv,2026-08-19,,1.0,False
1748.0,2026-08-19,5.4,5.55,5.4,5.51,163759,,nse_symbols_consolidated.csv,2026-08-19,,1.0,False
1749.0,2026-08-19,133.0,134.95,130.21,131.02,59355,,nse_symbols_consolidated.csv,2026-08-19,,1.0,False
1751.0,2026-08-19,458.0,458.0,425.1,429.7,883319,,nse_symbols_consolidated.csv,2026-08-19,,1.0,False
1750.0,2026-08-19,745.1,750.4,702.5,721.6,1184,,nse_symbols_consolidated.csv,2026-08-19,,1.0,False
1752.0,2026-08-19,383.2,388.0,372.45,376.6,586,,nse_symbols_consolidated.csv,2026-08-19,,1.0,False
1755.0,2026-08-19,1019.5,1023.3,1002.0,1002.0,421715,,nse_symbols_consolidated.csv,2026-08-19,,1.0,False
1753.0,2026-08-19,668.1,676.95,661.1,663.1,273713,,nse_symbols_consolidated.csv,2026-08-19,,1.0,False
1754.0,2026-08-19,2.9,2.9,2.7,2.72,3505,,nse_symbols_consolidated.csv,2026-08-19,,1.0,False
1756.0,2026-08-19,86.99,94.14,85.0,91.61,4381568,,nse_symbols_consolidated.csv,2026-08-19,,1.0,False
1757.0,2026-08-19,1595.0,1595.0,1570.0,1581.8,187224,,nse_symbols_consolidated.csv,2026-08-19,,1.0,False
1758.0,2026-08-19,799.95,808.45,794.0,804.6,261488,,nse_symbols_consolidated.csv,2026-08-19,,1.0,False
1691.0,2026-08-19,286.25,289.7,276.5,279.2,1454122,,nse_symbols_consolidated.csv,2026-08-19,,1.0,False
1759.0,2026-08-19,281.35,281.95,276.4,278.35,13028,,nse_symbols_consolidated.csv,2026-08-19,,1.0,False
1760.0,2026-08-19,22.98,23.4,22.01,22.16,190528,,nse_symbols_consolidated.csv,2026-08-19,,1.0,False
1761.0,2026-08-19,289.7,289.75,281.6,282.8,120519,,nse_symbols_consolidated.csv,2026-08-19,,1.0,False
1769.0,2026-08-19,107.5,116.88,107.5,110.27,37736715,,nse_symbols_consolidated.csv,2026-08-19,,1.0,False
1762.0,2026-08-19,0.55,0.55,0.53,0.53,242669,,nse_symbols_consolidated.csv,2026-08-19,,1.0,False
1763.0,2026-08-19,33.21,34.48,33.21,33.55,6134,,nse_symbols_consolidated.csv,2026-08-19,,1.0,False
1764.0,2026-08-19,17.78,17.78,17.21,17.58,54041,,nse_symbols_consolidated.csv,2026-08-19,,1.0,False
1719.0,2026-08-19,18.24,18.45,17.5,18.2,10296,,nse_symbols_consolidated.csv,2026-08-19,,1.0,False
1765.0,2026-08-19,3410.0,3485.9,3410.0,3467.8,47062,,nse_symbols_consolidated.csv,2026-08-19,,1.0,False
1695.0,2026-08-19,5885.0,5886.5,5751.0,5781.0,11247,,nse_symbols_consolidated.csv,2026-08-19,,1.0,False
1766.0,2026-08-19,133.48,136.14,131.65,134.96,148454,,nse_symbols_consolidated.csv,2026-08-19,,1.0,False
1767.0,2026-08-19,551.75,553.1,544.5,545.7,111761,,nse_symbols_consolidated.csv,2026-08-19,,1.0,False
1768.0,2026-08-19,42.02,42.45,41.43,41.52,125051,,nse_symbols_consolidated.csv,2026-08-19,,1.0,False
1770.0,2026-08-19,3373.1,3423.0,3301.0,3393.6,17915,,nse_symbols_consolidated.csv,2026-08-19,,1.0,False
1771.0,2026-08-19,14.24,14.24,13.12,14.02,22108,,nse_symbols_consolidated.csv,2026-08-19,,1.0,False
1773.0,2026-08-19,943.0,943.15,913.1,918.85,62658,,nse_symbols_consolidated.csv,2026-08-19,,1.0,False
1692.0,2026-08-19,28.37,28.42,27.8,27.92,561827,,nse_symbols_consolidated.csv,2026-08-19,,1.0,False
1774.0,2026-08-19,158.89,159.0,155.15,155.5,1876714,,nse_symbols_consolidated.csv,2026-08-19,,1.0,False
1775.0,2026-08-19,19602.0,19743.0,19134.0,19475.0,37803,,nse_symbols_consolidated.csv,2026-08-19,,1.0,False
1776.0,2026-08-19,39.49,39.49,38.5,38.6,22391,,nse_symbols_consolidated.csv,2026-08-19,,1.0,False
1681.0,2026-08-19,89.47,89.89,87.05,87.52,56430,,nse_symbols_consolidated.csv,2026-08-19,,1.0,False
1772.0,2026-08-19,23.21,23.48,23.1,23.24,821429,,nse_symbols_consolidated.csv,2026-08-19,,1.0,False
1777.0,2026-08-19,1139.9,1179.8,1129.3,1156.3,20971,,nse_symbols_consolidated.csv,2026-08-19,,1.0,False
1716.0,2026-08-19,116.45,117.59,116.03,117.48,7920810,,nse_symbols_consolidated.csv,2026-08-19,,1.0,False
1778.0,2026-08-19,224.3,224.3,215.5,218.74,417695,,nse_symbols_consolidated.csv,2026-08-19,,1.0,False
1779.0,2026-08-19,40.51,43.0,38.35,39.13,3540158,,nse_symbols_consolidated.csv,2026-08-19,,1.0,False
1780.0,2026-08-19,1198.1,1221.9,1190.1,1200.9,307429,,nse_symbols_consolidated.csv,2026-08-19,,1.0,False
1783.0,2026-08-19,164.36,164.49,159.1,161.5,26899,,nse_symbols_consolidated.csv,2026-08-19,,1.0,False
1784.0,2026-08-19,138.0,139.5,133.5,134.6,27339,,nse_symbols_consolidated.csv,2026-08-19,,1.0,False
1786.0,2026-08-19,342.8,351.3,334.45,339.75,292451,,nse_symbols_consolidated.csv,2026-08-19,,1.0,False
1785.0,2026-08-19,1330.0,1330.0,1280.3,1295.3,198873,,nse_symbols_consolidated.csv,2026-08-19,,1.0,False
1787.0,2026-08-19,333.75,337.15,329.35,336.55,154156,,nse_symbols_consolidated.csv,2026-08-19,,1.0,False
1788.0,2026-08-19,144.49,144.49,139.0,140.31,72246,,nse_symbols_consolidated.csv,2026-08-19,,1.0,False
1789.0,2026-08-19,38.11,38.11,36.05,36.18,9422,,nse_symbols_consolidated.csv,2026-08-19,,1.0,False
1865.0,2026-08-19,100.22,100.22,93.74,94.79,80874,,nse_symbols_consolidated.csv,2026-08-19,,1.0,False
1867.0,2026-08-19,17.3,17.75,16.72,17.67,489243,,nse_symbols_consolidated.csv,2026-08-19,,1.0,False
1887.0,2026-08-19,18.48,18.48,16.65,17.03,34907,,nse_symbols_consolidated.csv,2026-08-19,,1.0,False
1888.0,2026-08-19,2790.0,2920.9,2777.5,2898.8,631666,,nse_symbols_consolidated.csv,2026-08-19,,1.0,False
1889.0,2026-08-19,96.12,100.7,96.12,96.34,3197,,nse_symbols_consolidated.csv,2026-08-19,,1.0,False
1893.0,2026-08-19,240.35,243.25,236.8,238.9,179902,,nse_symbols_consolidated.csv,2026-08-19,,1.0,False
1896.0,2026-08-19,96.72,99.7,94.33,94.56,480,,nse_symbols_consolidated.csv,2026-08-19,,1.0,False
1869.0,2026-08-19,8.43,8.66,8.15,8.17,330067,,nse_symbols_consolidated.csv,2026-08-19,,1.0,False
1891.0,2026-08-19,32.0,32.9,30.6,31.31,16281,,nse_symbols_consolidated.csv,2026-08-19,,1.0,False
1882.0,2026-08-19,57.52,59.39,56.51,57.47,67887,,nse_symbols_consolidated.csv,2026-08-19,,1.0,False
1790.0,2026-08-19,103.35,103.88,99.8,100.03,2838,,nse_symbols_consolidated.csv,2026-08-19,,1.0,False
1791.0,2026-08-19,1381.7,1535.0,1381.7,1438.7,244586,,nse_symbols_consolidated.csv,2026-08-19,,1.0,False
1792.0,2026-08-19,2.95,3.08,2.91,2.94,27387,,nse_symbols_consolidated.csv,2026-08-19,,1.0,False
1793.0,2026-08-19,66.39,67.29,64.49,64.9,302097,,nse_symbols_consolidated.csv,2026-08-19,,1.0,False
1794.0,2026-08-19,34.95,35.08,33.56,34.1,252717,,nse_symbols_consolidated.csv,2026-08-19,,1.0,False
1795.0,2026-08-19,4720.2,4747.0,4633.0,4696.0,261975,,nse_symbols_consolidated.csv,2026-08-19,,1.0,False
1879.0,2026-08-19,1500.0,1665.0,1500.0,1637.4,375056,,nse_symbols_consolidated.csv,2026-08-19,,1.0,False
1907.0,2026-08-19,226.07,226.54,221.25,223.5,4106168,,nse_symbols_consolidated.csv,2026-08-19,,1.0,False
1797.0,2026-08-19,282.65,297.6,282.15,287.25,12340844,,nse_symbols_consolidated.csv,2026-08-19,,1.0,False
1798.0,2026-08-19,204.3,208.2,203.74,205.54,2239195,,nse_symbols_consolidated.csv,2026-08-19,,1.0,False
1799.0,2026-08-19,1458.0,1475.0,1443.0,1461.8,42464,,nse_symbols_consolidated.csv,2026-08-19,,1.0,False
1873.0,2026-08-19,44.01,44.99,43.7,43.93,844,,nse_symbols_consolidated.csv,2026-08-19,,1.0,False
1805.0,2026-08-19,22.46,22.46,22.16,22.46,14756,,nse_symbols_consolidated.csv,2026-08-19,,1.0,False
1807.0,2026-08-19,10.03,10.8,10.02,10.58,55843,,nse_symbols_consolidated.csv,2026-08-19,,1.0,False
1803.0,2026-08-19,843.0,843.0,810.1,812.5,3156,,nse_symbols_consolidated.csv,2026-08-19,,1.0,False
180.0,2026-08-19,38.42,38.42,37.4,37.9,544,,nse_symbols_consolidated.csv,2026-08-19,,1.0,False
1800.0,2026-08-19,81.51,82.25,80.8,80.95,55654,,nse_symbols_consolidated.csv,2026-08-19,,1.0,False
1801.0,2026-08-19,3.24,3.32,3.24,3.26,155145,,nse_symbols_consolidated.csv,2026-08-19,,1.0,False
1802.0,2026-08-19,51.34,51.5,50.11,50.98,125916,,nse_symbols_consolidated.csv,2026-08-19,,1.0,False
1890.0,2026-08-19,166.27,169.87,164.0,165.37,138111,,nse_symbols_consolidated.csv,2026-08-19,,1.0,False
1804.0,2026-08-19,507.0,518.0,503.3,506.2,54851,,nse_symbols_consolidated.csv,2026-08-19,,1.0,False
1883.0,2026-08-19,23.19,23.59,22.56,22.72,50721,,nse_symbols_consolidated.csv,2026-08-19,,1.0,False
1806.0,2026-08-19,35.25,38.44,34.96,36.9,308611,,nse_symbols_consolidated.csv,2026-08-19,,1.0,False
1808.0,2026-08-19,213.3,213.69,211.0,211.72,414727,,nse_symbols_consolidated.csv,2026-08-19,,1.0,False
1817.0,2026-08-19,472.7,492.0,471.5,484.65,276330,,nse_symbols_consolidated.csv,2026-08-19,,1.0,False
1810.0,2026-08-19,120.05,123.2,120.0,121.43,32179,,nse_symbols_consolidated.csv,2026-08-19,,1.0,False
1811.0,2026-08-19,4.17,4.17,4.17,4.17,648646,,nse_symbols_consolidated.csv,2026-08-19,,1.0,False
1814.0,2026-08-19,344.0,347.2,338.5,339.9,132633,,nse_symbols_consolidated.csv,2026-08-19,,1.0,False
1815.0,2026-08-19,555.0,561.8,545.0,552.4,201180,,nse_symbols_consolidated.csv,2026-08-19,,1.0,False
1864.0,2026-08-19,761.0,772.8,745.0,749.2,1126629,,nse_symbols_consolidated.csv,2026-08-19,,1.0,False
1816.0,2026-08-19,391.15,395.9,389.05,391.0,10496,,nse_symbols_consolidated.csv,2026-08-19,,1.0,False
1818.0,2026-08-19,13.6,14.5,13.4,13.76,1684641,,nse_symbols_consolidated.csv,2026-08-19,,1.0,False
1868.0,2026-08-19,1105.7,1106.1,1075.5,1080.3,6155,,nse_symbols_consolidated.csv,2026-08-19,,1.0,False
1819.0,2026-08-19,1565.0,1581.5,1541.1,1566.5,21592,,nse_symbols_consolidated.csv,2026-08-19,,1.0,False
1885.0,2026-08-19,857.85,857.85,830.25,838.25,229347,,nse_symbols_consolidated.csv,2026-08-19,,1.0,False
1829.0,2026-08-19,121.4,122.63,118.25,119.03,1170334,,nse_symbols_consolidated.csv,2026-08-19,,1.0,False
1820.0,2026-08-19,937.65,942.9,920.0,930.6,191450,,nse_symbols_consolidated.csv,2026-08-19,,1.0,False
1821.0,2026-08-19,2385.4,2390.0,2290.0,2307.3,15351,,nse_symbols_consolidated.csv,2026-08-19,,1.0,False
1822.0,2026-08-19,252.49,257.36,248.6,250.4,6400524,,nse_symbols_consolidated.csv,2026-08-19,,1.0,False
1894.0,2026-08-19,30.56,30.67,30.0,30.1,1357967,,nse_symbols_consolidated.csv,2026-08-19,,1.0,False
1895.0,2026-08-19,8.1,8.11,7.79,7.81,24105901,,nse_symbols_consolidated.csv,2026-08-19,,1.0,False
1862.0,2026-08-19,18.97,18.97,17.32,18.19,38321,,nse_symbols_consolidated.csv,2026-08-19,,1.0,False
1906.0,2026-08-19,42.75,42.75,41.55,41.72,10000,,nse_symbols_consolidated.csv,2026-08-19,,1.0,False
1843.0,2026-08-19,158.01,162.58,156.87,160.07,174284,,nse_symbols_consolidated.csv,2026-08-19,,1.0,False
1824.0,2026-08-19,746.1,753.65,719.5,727.5,133360,,nse_symbols_consolidated.csv,2026-08-19,,1.0,False
1823.0,2026-08-19,624.25,644.55,621.95,630.5,453757,,nse_symbols_consolidated.csv,2026-08-19,,1.0,False
1825.0,2026-08-19,578.0,584.0,569.05,572.6,153682,,nse_symbols_consolidated.csv,2026-08-19,,1.0,False
1827.0,2026-08-19,383.3,384.0,378.3,381.5,1110741,,nse_symbols_consolidated.csv,2026-08-19,,1.0,False
1828.0,2026-08-19,135.0,141.89,135.0,137.38,81839,,nse_symbols_consolidated.csv,2026-08-19,,1.0,False
1886.0,2026-08-19,136.35,149.9,136.0,143.5,1377,,nse_symbols_consolidated.csv,2026-08-19,,1.0,False
1831.0,2026-08-19,339.2,340.7,336.3,337.0,5097595,,nse_symbols_consolidated.csv,2026-08-19,,1.0,False
1832.0,2026-08-19,326.75,336.85,322.7,335.05,3781274,,nse_symbols_consolidated.csv,2026-08-19,,1.0,False
1833.0,2026-08-19,124.6,127.89,123.1,126.04,426270,,nse_symbols_consolidated.csv,2026-08-19,,1.0,False
1834.0,2026-08-19,302.0,302.05,296.05,297.05,143103,,nse_symbols_consolidated.csv,2026-08-19,,1.0,False
1835.0,2026-08-19,100.3,103.0,97.0,97.65,1036730,,nse_symbols_consolidated.csv,2026-08-19,,1.0,False
1836.0,2026-08-19,36.8,36.8,35.12,35.74,14024,,nse_symbols_consolidated.csv,2026-08-19,,1.0,False
1837.0,2026-08-19,385.8,391.5,372.0,373.2,247764,,nse_symbols_consolidated.csv,2026-08-19,,1.0,False
1839.0,2026-08-19,142.4,142.4,136.0,137.54,208674,,nse_symbols_consolidated.csv,2026-08-19,,1.0,False
1838.0,2026-08-19,118.75,118.75,112.45,113.65,12797,,nse_symbols_consolidated.csv,2026-08-19,,1.0,False
1830.0,2026-08-19,0.81,0.81,0.79,0.79,2043406,,nse_symbols_consolidated.csv,2026-08-19,,1.0,False
1853.0,2026-08-19,1.76,1.76,1.71,1.73,550433,,nse_symbols_consolidated.csv,2026-08-19,,1.0,False
1857.0,2026-08-19,738.65,742.0,729.0,731.45,24419,,nse_symbols_consolidated.csv,2026-08-19,,1.0,False
1840.0,2026-08-19,1320.3,1321.6,1303.5,1311.0,7489365,,nse_symbols_consolidated.csv,2026-08-19,,1.0,False
1842.0,2026-08-19,63.19,63.19,63.19,63.19,57460,,nse_symbols_consolidated.csv,2026-08-19,,1.0,False
1881.0,2026-08-19,22.4,22.41,21.51,21.7,17827717,,nse_symbols_consolidated.csv,2026-08-19,,1.0,False
1841.0,2026-08-19,230.85,232.0,226.7,230.7,471995,,nse_symbols_consolidated.csv,2026-08-19,,1.0,False
1844.0,2026-08-19,82.0,84.8,81.99,82.75,52896,,nse_symbols_consolidated.csv,2026-08-19,,1.0,False
1851.0,2026-08-19,125.97,131.0,124.69,130.13,1199058,,nse_symbols_consolidated.csv,2026-08-19,,1.0,False
1846.0,2026-08-19,353.0,363.0,348.2,360.85,314758,,nse_symbols_consolidated.csv,2026-08-19,,1.0,False
1848.0,2026-08-19,330.0,331.95,321.4,329.2,8878,,nse_symbols_consolidated.csv,2026-08-19,,1.0,False
1849.0,2026-08-19,159.0,161.28,155.53,156.54,94245,,nse_symbols_consolidated.csv,2026-08-19,,1.0,False
1826.0,2026-08-19,104.5,104.6,99.5,101.06,12914795,,nse_symbols_consolidated.csv,2026-08-19,,1.0,False
1908.0,2026-08-19,744.95,750.0,730.4,731.4,386,,nse_symbols_consolidated.csv,2026-08-19,,1.0,False
1852.0,2026-08-19,21.61,22.08,21.61,21.62,15822998,,nse_symbols_consolidated.csv,2026-08-19,,1.0,False
1854.0,2026-08-19,381.8,381.95,373.2,374.9,196869,,nse_symbols_consolidated.csv,2026-08-19,,1.0,False
1856.0,2026-08-19,133.27,133.99,128.5,129.13,1160371,,nse_symbols_consolidated.csv,2026-08-19,,1.0,False
1858.0,2026-08-19,170.3,170.3,165.0,166.23,129460,,nse_symbols_consolidated.csv,2026-08-19,,1.0,False
1859.0,2026-08-19,665.9,701.9,660.25,695.0,549633,,nse_symbols_consolidated.csv,2026-08-19,,1.0,False
1860.0,2026-08-19,314.5,319.0,310.0,313.0,110827,,nse_symbols_consolidated.csv,2026-08-19,,1.0,False
1861.0,2026-08-19,218.49,223.17,215.61,216.94,397733,,nse_symbols_consolidated.csv,2026-08-19,,1.0,False
1863.0,2026-08-19,22.9,25.0,21.12,23.23,65976,,nse_symbols_consolidated.csv,2026-08-19,,1.0,False
1866.0,2026-08-19,254.9,264.45,249.0,251.35,55746,,nse_symbols_consolidated.csv,2026-08-19,,1.0,False
1855.0,2026-08-19,168.0,168.74,166.0,166.0,1060,,nse_symbols_consolidated.csv,2026-08-19,,1.0,False
1871.0,2026-08-19,177.97,179.0,173.36,174.7,1321249,,nse_symbols_consolidated.csv,2026-08-19,,1.0,False
1872.0,2026-08-19,3.12,3.31,3.12,3.31,1058226,,nse_symbols_consolidated.csv,2026-08-19,,1.0,False
1874.0,2026-08-19,495.9,509.65,491.6,496.25,76086,,nse_symbols_consolidated.csv,2026-08-19,,1.0,False
1875.0,2026-08-19,58.12,58.12,55.6,56.15,13976,,nse_symbols_consolidated.csv,2026-08-19,,1.0,False
1876.0,2026-08-19,1109.4,1118.35,1064.5,1079.7,174674,,nse_symbols_consolidated.csv,2026-08-19,,1.0,False
1877.0,2026-08-19,66.34,66.68,65.7,66.0,154427,,nse_symbols_consolidated.csv,2026-08-19,,1.0,False
1878.0,2026-08-19,499.5,505.9,498.0,501.5,112307,,nse_symbols_consolidated.csv,2026-08-19,,1.0,False
1870.0,2026-08-19,309.8,309.8,300.0,301.5,20058,,nse_symbols_consolidated.csv,2026-08-19,,1.0,False
1880.0,2026-08-19,2699.0,2699.0,2640.8,2667.7,9044,,nse_symbols_consolidated.csv,2026-08-19,,1.0,False
1884.0,2026-08-19,875.25,875.25,859.2,864.1,25062,,nse_symbols_consolidated.csv,2026-08-19,,1.0,False
1892.0,2026-08-19,202.05,205.0,198.0,199.73,18544,,nse_symbols_consolidated.csv,2026-08-19,,1.0,False
1897.0,2026-08-19,68.84,69.88,67.5,69.27,6030,,nse_symbols_consolidated.csv,2026-08-19,,1.0,False
1898.0,2026-08-19,1820.0,1820.1,1730.8,1798.8,356862,,nse_symbols_consolidated.csv,2026-08-19,,1.0,False
1900.0,2026-08-19,5.9,5.9,5.74,5.79,9186,,nse_symbols_consolidated.csv,2026-08-19,,1.0,False
1901.0,2026-08-19,103.15,104.97,100.12,101.93,51500,,nse_symbols_consolidated.csv,2026-08-19,,1.0,False
1902.0,2026-08-19,22.5,22.97,21.57,21.89,153980,,nse_symbols_consolidated.csv,2026-08-19,,1.0,False
1847.0,2026-08-19,64.83,64.83,59.4,60.18,9086,,nse_symbols_consolidated.csv,2026-08-19,,1.0,False
1903.0,2026-08-19,149.23,151.0,149.23,150.27,55700,,nse_symbols_consolidated.csv,2026-08-19,,1.0,False
1904.0,2026-08-19,16.82,17.45,16.65,17.3,423032,,nse_symbols_consolidated.csv,2026-08-19,,1.0,False
1911.0,2026-08-19,170.0,170.0,170.0,170.0,5,,nse_symbols_consolidated.csv,2026-08-19,,1.0,False
1973.0,2026-08-19,139.0,139.38,135.25,137.14,44875,,nse_symbols_consolidated.csv,2026-08-19,,1.0,False
2036.0,2026-08-19,159.9,161.37,156.93,160.0,336958,,nse_symbols_consolidated.csv,2026-08-19,,1.0,False
2208.0,2026-08-19,118.0,130.0,118.0,130.0,670,,nse_symbols_consolidated.csv,2026-08-19,,1.0,False
1909.0,2026-08-19,277.7,287.4,270.6,277.35,1609,,nse_symbols_consolidated.csv,2026-08-19,,1.0,False
2115.0,2026-08-19,952.45,953.5,918.9,920.9,47530,,nse_symbols_consolidated.csv,2026-08-19,,1.0,False
1931.0,2026-08-19,72.9,79.22,72.07,79.22,923773,,nse_symbols_consolidated.csv,2026-08-19,,1.0,False
1910.0,2026-08-19,399.0,406.0,397.55,399.45,129816,,nse_symbols_consolidated.csv,2026-08-19,,1.0,False
1912.0,2026-08-19,7.9,8.28,7.75,7.99,274722,,nse_symbols_consolidated.csv,2026-08-19,,1.0,False
1913.0,2026-08-19,2.89,2.92,2.72,2.76,101844,,nse_symbols_consolidated.csv,2026-08-19,,1.0,False
1914.0,2026-08-19,3.02,3.02,2.97,2.97,1188917,,nse_symbols_consolidated.csv,2026-08-19,,1.0,False
1915.0,2026-08-19,1482.0,1494.2,1474.0,1483.0,13239,,nse_symbols_consolidated.csv,2026-08-19,,1.0,False
1917.0,2026-08-19,168.29,169.95,159.93,162.07,127043,,nse_symbols_consolidated.csv,2026-08-19,,1.0,False
1916.0,2026-08-19,23.51,24.29,23.51,23.96,1866,,nse_symbols_consolidated.csv,2026-08-19,,1.0,False
1918.0,2026-08-19,42.16,42.8,41.77,42.44,10336138,,nse_symbols_consolidated.csv,2026-08-19,,1.0,False
1920.0,2026-08-19,377.0,384.2,373.25,378.9,13400,,nse_symbols_consolidated.csv,2026-08-19,,1.0,False
1921.0,2026-08-19,152.0,152.0,150.8,150.8,146,,nse_symbols_consolidated.csv,2026-08-19,,1.0,False
1923.0,2026-08-19,1440.0,1444.0,1415.0,1422.2,154803,,nse_symbols_consolidated.csv,2026-08-19,,1.0,False
1924.0,2026-08-19,543.0,547.0,539.0,540.4,57227,,nse_symbols_consolidated.csv,2026-08-19,,1.0,False
1163.0,2026-08-19,85.82,86.27,84.5,84.7,306909,,nse_symbols_consolidated.csv,2026-08-19,,1.0,False
1986.0,2026-08-19,123.7,124.18,119.01,119.69,14877,,nse_symbols_consolidated.csv,2026-08-19,,1.0,False
1925.0,2026-08-19,901.6,901.6,864.55,871.0,65665,,nse_symbols_consolidated.csv,2026-08-19,,1.0,False
1927.0,2026-08-19,168.02,168.02,163.11,164.37,245358,,nse_symbols_consolidated.csv,2026-08-19,,1.0,False
1926.0,2026-08-19,18.22,21.0,18.22,19.7,1451898,,nse_symbols_consolidated.csv,2026-08-19,,1.0,False
1928.0,2026-08-19,1.57,1.58,1.53,1.55,787367,,nse_symbols_consolidated.csv,2026-08-19,,1.0,False
1929.0,2026-08-19,6.09,6.09,6.0,6.06,2308952,,nse_symbols_consolidated.csv,2026-08-19,,1.0,False
1930.0,2026-08-19,265.0,273.75,263.04,265.34,286,,nse_symbols_consolidated.csv,2026-08-19,,1.0,False
1932.0,2026-08-19,566.1,582.1,566.1,572.6,38870,,nse_symbols_consolidated.csv,2026-08-19,,1.0,False
1933.0,2026-08-19,97.7,119.6,97.7,105.0,534,,nse_symbols_consolidated.csv,2026-08-19,,1.0,False
1934.0,2026-08-19,6.26,6.4,6.26,6.35,39875,,nse_symbols_consolidated.csv,2026-08-19,,1.0,False
1935.0,2026-08-19,124.0,127.27,122.2,122.91,1988530,,nse_symbols_consolidated.csv,2026-08-19,,1.0,False
1936.0,2026-08-19,160.0,160.86,158.1,159.48,379417,,nse_symbols_consolidated.csv,2026-08-19,,1.0,False
1937.0,2026-08-19,150.99,158.49,150.4,153.63,22151184,,nse_symbols_consolidated.csv,2026-08-19,,1.0,False
1938.0,2026-08-19,26.42,26.42,26.0,26.02,10726,,nse_symbols_consolidated.csv,2026-08-19,,1.0,False
1470.0,2026-08-19,170.8,173.27,169.31,170.29,15320296,,nse_symbols_consolidated.csv,2026-08-19,,1.0,False
1939.0,2026-08-19,457.9,459.55,446.0,447.8,15975,,nse_symbols_consolidated.csv,2026-08-19,,1.0,False
1940.0,2026-08-19,1080.0,1082.0,1028.05,1051.5,1043,,nse_symbols_consolidated.csv,2026-08-19,,1.0,False
1941.0,2026-08-19,632.0,643.0,626.65,636.65,172625,,nse_symbols_consolidated.csv,2026-08-19,,1.0,False
1942.0,2026-08-19,198.77,199.5,195.0,196.45,345453,,nse_symbols_consolidated.csv,2026-08-19,,1.0,False
1943.0,2026-08-19,592.25,597.95,574.0,576.75,16471,,nse_symbols_consolidated.csv,2026-08-19,,1.0,False
1944.0,2026-08-19,524.4,524.4,490.6,498.75,352894,,nse_symbols_consolidated.csv,2026-08-19,,1.0,False
1945.0,2026-08-19,62.5,62.5,62.5,62.5,40852,,nse_symbols_consolidated.csv,2026-08-19,,1.0,False
1947.0,2026-08-19,4345.8,4345.8,4211.1,4221.7,5312,,nse_symbols_consolidated.csv,2026-08-19,,1.0,False
1946.0,2026-08-19,3254.8,3299.0,3221.9,3271.3,17740,,nse_symbols_consolidated.csv,2026-08-19,,1.0,False
1948.0,2026-08-19,3990.0,3999.6,3857.5,3894.3,143714,,nse_symbols_consolidated.csv,2026-08-19,,1.0,False
1949.0,2026-08-19,107.83,109.29,105.5,106.19,464980,,nse_symbols_consolidated.csv,2026-08-19,,1.0,False
1950.0,2026-08-19,0.2,0.2,0.18,0.19,916320,,nse_symbols_consolidated.csv,2026-08-19,,1.0,False
1951.0,2026-08-19,231.96,237.5,231.96,233.71,578744,,nse_symbols_consolidated.csv,2026-08-19,,1.0,False
2549.0,2026-08-19,13300.0,13300.0,12431.0,12454.0,56,,nse_symbols_consolidated.csv,2026-08-19,,1.0,False
2136.0,2026-08-19,61.0,61.0,59.21,59.76,24052,,nse_symbols_consolidated.csv,2026-08-19,,1.0,False
1953.0,2026-08-19,517.0,518.4,508.5,512.05,450381,,nse_symbols_consolidated.csv,2026-08-19,,1.0,False
1954.0,2026-08-19,514.0,521.6,507.1,508.5,243353,,nse_symbols_consolidated.csv,2026-08-19,,1.0,False
1955.0,2026-08-19,101.5,101.92,99.5,100.1,27421,,nse_symbols_consolidated.csv,2026-08-19,,1.0,False
2096.0,2026-08-19,69.28,70.75,67.25,68.53,2938,,nse_symbols_consolidated.csv,2026-08-19,,1.0,False
1956.0,2026-08-19,3.47,3.49,3.37,3.4,897607,,nse_symbols_consolidated.csv,2026-08-19,,1.0,False
1957.0,2026-08-19,1952.7,1968.9,1893.2,1913.4,9761,,nse_symbols_consolidated.csv,2026-08-19,,1.0,False
1958.0,2026-08-19,59.2,59.2,57.1,57.74,65037,,nse_symbols_consolidated.csv,2026-08-19,,1.0,False
1959.0,2026-08-19,229.7,229.7,223.0,225.09,222235,,nse_symbols_consolidated.csv,2026-08-19,,1.0,False
1960.0,2026-08-19,58.3,59.3,57.1,57.7,137387,,nse_symbols_consolidated.csv,2026-08-19,,1.0,False
2112.0,2026-08-19,721.7,723.45,696.9,699.4,181996,,nse_symbols_consolidated.csv,2026-08-19,,1.0,False
1961.0,2026-08-19,319.0,326.95,319.0,323.6,2036,,nse_symbols_consolidated.csv,2026-08-19,,1.0,False
1962.0,2026-08-19,111.9,111.9,111.9,111.9,100,,nse_symbols_consolidated.csv,2026-08-19,,1.0,False
1963.0,2026-08-19,38.65,39.5,38.34,38.88,12250649,,nse_symbols_consolidated.csv,2026-08-19,,1.0,False
1965.0,2026-08-19,93.99,94.11,91.55,92.77,6398813,,nse_symbols_consolidated.csv,2026-08-19,,1.0,False
1967.0,2026-08-19,611.0,627.15,610.0,623.65,2246351,,nse_symbols_consolidated.csv,2026-08-19,,1.0,False
1968.0,2026-08-19,555.2,558.1,550.2,553.95,2387572,,nse_symbols_consolidated.csv,2026-08-19,,1.0,False
1969.0,2026-08-19,1779.5,1786.7,1746.4,1780.4,1208471,,nse_symbols_consolidated.csv,2026-08-19,,1.0,False
1971.0,2026-08-19,62.65,64.49,62.3,63.54,39687,,nse_symbols_consolidated.csv,2026-08-19,,1.0,False
1972.0,2026-08-19,4080.0,4138.1,4069.1,4104.9,41516,,nse_symbols_consolidated.csv,2026-08-19,,1.0,False
1974.0,2026-08-19,1288.9,1289.0,1226.0,1253.8,675084,,nse_symbols_consolidated.csv,2026-08-19,,1.0,False
1977.0,2026-08-19,128.99,129.7,124.46,126.07,180401,,nse_symbols_consolidated.csv,2026-08-19,,1.0,False
1980.0,2026-08-19,1585.9,1646.6,1564.8,1635.7,134885,,nse_symbols_consolidated.csv,2026-08-19,,1.0,False
1981.0,2026-08-19,133.0,133.0,125.41,128.0,1649,,nse_symbols_consolidated.csv,2026-08-19,,1.0,False
1982.0,2026-08-19,18.0,18.3,17.75,17.85,12754,,nse_symbols_consolidated.csv,2026-08-19,,1.0,False
1983.0,2026-08-19,3244.7,3270.7,3168.2,3222.7,98073,,nse_symbols_consolidated.csv,2026-08-19,,1.0,False
1985.0,2026-08-19,678.95,692.85,670.45,684.3,4906,,nse_symbols_consolidated.csv,2026-08-19,,1.0,False
1987.0,2026-08-19,29.5,29.5,27.02,27.09,6766,,nse_symbols_consolidated.csv,2026-08-19,,1.0,False
1988.0,2026-08-19,303.95,303.95,285.5,296.65,2702,,nse_symbols_consolidated.csv,2026-08-19,,1.0,False
1989.0,2026-08-19,335.0,338.35,329.05,331.6,618055,,nse_symbols_consolidated.csv,2026-08-19,,1.0,False
1990.0,2026-08-19,1544.3,1577.5,1526.9,1550.9,162872,,nse_symbols_consolidated.csv,2026-08-19,,1.0,False
1991.0,2026-08-19,5.82,5.83,5.7,5.71,4471915,,nse_symbols_consolidated.csv,2026-08-19,,1.0,False
1992.0,2026-08-19,82.0,82.24,80.49,81.14,304883,,nse_symbols_consolidated.csv,2026-08-19,,1.0,False
2156.0,2026-08-19,390.25,405.0,374.0,379.5,218923,,nse_symbols_consolidated.csv,2026-08-19,,1.0,False
1993.0,2026-08-19,230.03,238.0,226.0,226.75,36820,,nse_symbols_consolidated.csv,2026-08-19,,1.0,False
1994.0,2026-08-19,16.99,16.99,16.83,16.83,34235,,nse_symbols_consolidated.csv,2026-08-19,,1.0,False
1996.0,2026-08-19,0.45,0.45,0.43,0.44,181105,,nse_symbols_consolidated.csv,2026-08-19,,1.0,False
1997.0,2026-08-19,12.43,12.68,12.2,12.67,6158,,nse_symbols_consolidated.csv,2026-08-19,,1.0,False
1999.0,2026-08-19,674.9,706.25,668.05,692.75,559188,,nse_symbols_consolidated.csv,2026-08-19,,1.0,False
2003.0,2026-08-19,804.15,819.65,784.85,803.2,276071,,nse_symbols_consolidated.csv,2026-08-19,,1.0,False
2002.0,2026-08-19,2.48,2.57,2.35,2.4,49039,,nse_symbols_consolidated.csv,2026-08-19,,1.0,False
2005.0,2026-08-19,259.2,267.47,256.2,264.84,8598394,,nse_symbols_consolidated.csv,2026-08-19,,1.0,False
2007.0,2026-08-19,79.45,82.52,74.01,80.68,63164,,nse_symbols_consolidated.csv,2026-08-19,,1.0,False
2006.0,2026-08-19,4.05,4.05,3.9,3.91,1242173,,nse_symbols_consolidated.csv,2026-08-19,,1.0,False
2008.0,2026-08-19,3370.0,3390.0,3299.4,3367.2,119984,,nse_symbols_consolidated.csv,2026-08-19,,1.0,False
2009.0,2026-08-19,498.5,498.6,491.3,492.4,259077,,nse_symbols_consolidated.csv,2026-08-19,,1.0,False
2010.0,2026-08-19,152.0,156.87,152.0,155.45,72181,,nse_symbols_consolidated.csv,2026-08-19,,1.0,False
1919.0,2026-08-19,70.97,72.0,70.05,71.09,77265,,nse_symbols_consolidated.csv,2026-08-19,,1.0,False
2011.0,2026-08-19,84.0,86.0,82.54,82.54,133747,,nse_symbols_consolidated.csv,2026-08-19,,1.0,False
2128.0,2026-08-19,40.74,41.5,40.52,40.94,17420,,nse_symbols_consolidated.csv,2026-08-19,,1.0,False
2012.0,2026-08-19,140.52,143.29,140.52,142.54,38535,,nse_symbols_consolidated.csv,2026-08-19,,1.0,False
406.0,2026-08-19,1255.9,1282.9,1253.1,1273.0,35005,,nse_symbols_consolidated.csv,2026-08-19,,1.0,False
2014.0,2026-08-19,389.3,391.95,385.4,386.65,9323,,nse_symbols_consolidated.csv,2026-08-19,,1.0,False
1984.0,2026-08-19,205.0,211.99,204.13,210.93,228157,,nse_symbols_consolidated.csv,2026-08-19,,1.0,False
2015.0,2026-08-19,256.65,256.65,235.11,241.75,2559743,,nse_symbols_consolidated.csv,2026-08-19,,1.0,False
2013.0,2026-08-19,6.3,6.58,6.1,6.28,22179,,nse_symbols_consolidated.csv,2026-08-19,,1.0,False
2027.0,2026-08-19,159.21,175.0,157.29,165.38,48819,,nse_symbols_consolidated.csv,2026-08-19,,1.0,False
2016.0,2026-08-19,774.85,798.85,761.1,770.7,278541,,nse_symbols_consolidated.csv,2026-08-19,,1.0,False
2017.0,2026-08-19,938.25,951.0,926.55,943.0,70693,,nse_symbols_consolidated.csv,2026-08-19,,1.0,False
2018.0,2026-08-19,53.9,54.47,52.52,53.07,42527,,nse_symbols_consolidated.csv,2026-08-19,,1.0,False
2019.0,2026-08-19,178.0,178.0,173.98,175.26,194833,,nse_symbols_consolidated.csv,2026-08-19,,1.0,False
1998.0,2026-08-19,668.8,681.5,665.35,678.45,115691,,nse_symbols_consolidated.csv,2026-08-19,,1.0,False
1978.0,2026-08-19,668.5,684.0,657.5,678.2,71365,,nse_symbols_consolidated.csv,2026-08-19,,1.0,False
2021.0,2026-08-19,18.11,18.72,18.11,18.43,40507,,nse_symbols_consolidated.csv,2026-08-19,,1.0,False
2022.0,2026-08-19,126.0,133.37,126.0,133.32,32912,,nse_symbols_consolidated.csv,2026-08-19,,1.0,False
2023.0,2026-08-19,367.4,367.4,338.0,342.15,4397,,nse_symbols_consolidated.csv,2026-08-19,,1.0,False
2024.0,2026-08-19,3944.0,3959.0,3893.0,3913.3,16731,,nse_symbols_consolidated.csv,2026-08-19,,1.0,False
2025.0,2026-08-19,165.13,179.7,165.0,169.49,9565,,nse_symbols_consolidated.csv,2026-08-19,,1.0,False
2026.0,2026-08-19,810.0,819.0,802.35,807.75,618924,,nse_symbols_consolidated.csv,2026-08-19,,1.0,False
1976.0,2026-08-19,40.47,40.99,40.01,40.21,103650,,nse_symbols_consolidated.csv,2026-08-19,,1.0,False
1975.0,2026-08-19,298.0,300.2,294.0,295.35,1995957,,nse_symbols_consolidated.csv,2026-08-19,,1.0,False
2028.0,2026-08-19,131.0,156.0,131.0,143.45,224002350,,nse_symbols_consolidated.csv,2026-08-19,,1.0,False
2035.0,2026-08-19,446.95,450.0,445.0,447.15,51140,,nse_symbols_consolidated.csv,2026-08-19,,1.0,False
2030.0,2026-08-19,17.05,17.05,16.66,16.97,13981,,nse_symbols_consolidated.csv,2026-08-19,,1.0,False
2029.0,2026-08-19,41.0,42.0,39.0,40.39,13862,,nse_symbols_consolidated.csv,2026-08-19,,1.0,False
2033.0,2026-08-19,60.71,61.9,59.02,61.4,101,,nse_symbols_consolidated.csv,2026-08-19,,1.0,False
2034.0,2026-08-19,165.99,167.5,165.99,166.1,2129,,nse_symbols_consolidated.csv,2026-08-19,,1.0,False
1964.0,2026-08-19,1030.9,1039.4,1001.3,1025.55,213174,,nse_symbols_consolidated.csv,2026-08-19,,1.0,False
2031.0,2026-08-19,243.0,256.15,243.0,256.11,39233,,nse_symbols_consolidated.csv,2026-08-19,,1.0,False
2032.0,2026-08-19,15.8,15.8,15.15,15.32,32803,,nse_symbols_consolidated.csv,2026-08-19,,1.0,False
2037.0,2026-08-19,429.7,435.95,414.35,417.15,38176,,nse_symbols_consolidated.csv,2026-08-19,,1.0,False
2038.0,2026-08-19,155.0,156.0,148.55,154.14,2740,,nse_symbols_consolidated.csv,2026-08-19,,1.0,False
2039.0,2026-08-19,33.0,33.95,33.0,33.88,5110,,nse_symbols_consolidated.csv,2026-08-19,,1.0,False
2043.0,2026-08-19,376.9,391.0,376.9,385.8,37475,,nse_symbols_consolidated.csv,2026-08-19,,1.0,False
1952.0,2026-08-19,288.1,299.75,281.05,289.55,4816,,nse_symbols_consolidated.csv,2026-08-19,,1.0,False
2041.0,2026-08-19,24700.0,24700.0,24150.0,24340.0,25056,,nse_symbols_consolidated.csv,2026-08-19,,1.0,False
2040.0,2026-08-19,70.1,71.6,70.1,70.36,36372,,nse_symbols_consolidated.csv,2026-08-19,,1.0,False
2004.0,2026-08-19,524.4,532.1,512.0,518.35,3846,,nse_symbols_consolidated.csv,2026-08-19,,1.0,False
2135.0,2026-08-19,39.88,39.88,38.75,38.84,17020,,nse_symbols_consolidated.csv,2026-08-19,,1.0,False
2044.0,2026-08-19,46.8,46.8,44.11,44.37,113898,,nse_symbols_consolidated.csv,2026-08-19,,1.0,False
1809.0,2026-08-19,32.65,33.5,31.6,32.4,6278,,nse_symbols_consolidated.csv,2026-08-19,,1.0,False
1845.0,2026-08-19,23.49,25.98,23.32,24.24,67106466,,nse_symbols_consolidated.csv,2026-08-19,,1.0,False
282.0,2026-08-19,26.85,26.95,26.04,26.26,22441,,nse_symbols_consolidated.csv,2026-08-19,,1.0,False
2209.0,2026-08-19,770.0,771.0,770.0,770.0,1350,,nse_symbols_consolidated.csv,2026-08-19,,1.0,False
2042.0,2026-08-19,617.25,654.25,617.25,649.45,780638,,nse_symbols_consolidated.csv,2026-08-19,,1.0,False
1645.0,2026-08-19,12.99,13.6,12.99,13.3,236970,,nse_symbols_consolidated.csv,2026-08-19,,1.0,False
2045.0,2026-08-19,0.3,0.31,0.3,0.3,437517,,nse_symbols_consolidated.csv,2026-08-19,,1.0,False
2046.0,2026-08-19,131.0,131.4,127.0,127.83,3666,,nse_symbols_consolidated.csv,2026-08-19,,1.0,False
2020.0,2026-08-19,177.15,178.0,169.0,173.58,1619,,nse_symbols_consolidated.csv,2026-08-19,,1.0,False
2052.0,2026-08-19,683.3,723.75,683.3,709.2,395,,nse_symbols_consolidated.csv,2026-08-19,,1.0,False
2048.0,2026-08-19,225.7,227.59,223.5,224.48,254117,,nse_symbols_consolidated.csv,2026-08-19,,1.0,False
2050.0,2026-08-19,1108.4,1113.0,1098.2,1106.0,1912179,,nse_symbols_consolidated.csv,2026-08-19,,1.0,False
2051.0,2026-08-19,78.57,78.57,76.85,77.31,194878,,nse_symbols_consolidated.csv,2026-08-19,,1.0,False
2053.0,2026-08-19,42.0,43.14,41.51,42.67,889499,,nse_symbols_consolidated.csv,2026-08-19,,1.0,False
2054.0,2026-08-19,5.24,5.24,4.9,4.98,32179,,nse_symbols_consolidated.csv,2026-08-19,,1.0,False
2055.0,2026-08-19,995.4,998.9,982.8,989.9,38685,,nse_symbols_consolidated.csv,2026-08-19,,1.0,False
2056.0,2026-08-19,13.94,15.26,13.36,14.19,11826,,nse_symbols_consolidated.csv,2026-08-19,,1.0,False
2057.0,2026-08-19,55.5,56.47,55.15,55.85,33861,,nse_symbols_consolidated.csv,2026-08-19,,1.0,False
2058.0,2026-08-19,114.7,114.7,108.6,109.85,22169,,nse_symbols_consolidated.csv,2026-08-19,,1.0,False
686.0,2026-08-19,3595.0,3602.5,3452.4,3483.0,448914,,nse_symbols_consolidated.csv,2026-08-19,,1.0,False
2060.0,2026-08-19,3940.0,3956.3,3875.3,3898.9,146047,,nse_symbols_consolidated.csv,2026-08-19,,1.0,False
2061.0,2026-08-19,29.99,30.24,28.1,28.88,3644800,,nse_symbols_consolidated.csv,2026-08-19,,1.0,False
2064.0,2026-08-19,691.35,691.35,691.35,691.35,89369,,nse_symbols_consolidated.csv,2026-08-19,,1.0,False
2063.0,2026-08-19,46.3,49.29,45.11,46.12,450682,,nse_symbols_consolidated.csv,2026-08-19,,1.0,False
2065.0,2026-08-19,809.0,812.0,781.0,784.9,182535,,nse_symbols_consolidated.csv,2026-08-19,,1.0,False
2062.0,2026-08-19,68.89,70.9,67.0,70.32,51801,,nse_symbols_consolidated.csv,2026-08-19,,1.0,False
2066.0,2026-08-19,274.0,274.0,265.75,266.15,24425,,nse_symbols_consolidated.csv,2026-08-19,,1.0,False
2067.0,2026-08-19,1031.9,1070.0,1030.0,1035.1,22642,,nse_symbols_consolidated.csv,2026-08-19,,1.0,False
2068.0,2026-08-19,5.45,5.5,5.11,5.27,435119,,nse_symbols_consolidated.csv,2026-08-19,,1.0,False
2071.0,2026-08-19,450.0,453.75,433.2,438.05,1628,,nse_symbols_consolidated.csv,2026-08-19,,1.0,False
2070.0,2026-08-19,69.55,70.49,68.51,69.89,206329,,nse_symbols_consolidated.csv,2026-08-19,,1.0,False
2072.0,2026-08-19,15.98,15.99,15.64,15.89,6520,,nse_symbols_consolidated.csv,2026-08-19,,1.0,False
2073.0,2026-08-19,195.0,199.0,192.75,196.52,361130,,nse_symbols_consolidated.csv,2026-08-19,,1.0,False
2074.0,2026-08-19,7.25,7.52,7.2,7.52,37376,,nse_symbols_consolidated.csv,2026-08-19,,1.0,False
2075.0,2026-08-19,258.8,265.1,255.27,261.65,59913,,nse_symbols_consolidated.csv,2026-08-19,,1.0,False
2076.0,2026-08-19,136.5,136.5,123.66,123.92,51,,nse_symbols_consolidated.csv,2026-08-19,,1.0,False
2077.0,2026-08-19,74.36,75.86,74.36,75.22,14379,,nse_symbols_consolidated.csv,2026-08-19,,1.0,False
2078.0,2026-08-19,25.2,25.75,23.99,24.11,946045,,nse_symbols_consolidated.csv,2026-08-19,,1.0,False
2079.0,2026-08-19,79.8,84.99,77.42,83.36,116136,,nse_symbols_consolidated.csv,2026-08-19,,1.0,False
2080.0,2026-08-19,84.8,87.0,82.51,85.0,6343,,nse_symbols_consolidated.csv,2026-08-19,,1.0,False
2081.0,2026-08-19,444.0,446.95,439.8,442.3,1080171,,nse_symbols_consolidated.csv,2026-08-19,,1.0,False
2082.0,2026-08-19,412.0,426.0,412.0,414.5,204010,,nse_symbols_consolidated.csv,2026-08-19,,1.0,False
2083.0,2026-08-19,0.3,0.3,0.28,0.28,1115064,,nse_symbols_consolidated.csv,2026-08-19,,1.0,False
2084.0,2026-08-19,643.95,646.45,631.0,632.8,40379,,nse_symbols_consolidated.csv,2026-08-19,,1.0,False
2085.0,2026-08-19,2497.8,2520.4,2460.0,2508.0,85821,,nse_symbols_consolidated.csv,2026-08-19,,1.0,False
2086.0,2026-08-19,66.3,66.4,65.96,66.04,1212546,,nse_symbols_consolidated.csv,2026-08-19,,1.0,False
2088.0,2026-08-19,2660.0,2819.4,2655.8,2800.4,186777,,nse_symbols_consolidated.csv,2026-08-19,,1.0,False
2087.0,2026-08-19,1621.4,1670.0,1621.0,1629.7,106088,,nse_symbols_consolidated.csv,2026-08-19,,1.0,False
2089.0,2026-08-19,536.0,559.9,530.8,550.85,1480211,,nse_symbols_consolidated.csv,2026-08-19,,1.0,False
2090.0,2026-08-19,263.0,263.75,250.71,253.26,205539,,nse_symbols_consolidated.csv,2026-08-19,,1.0,False
2091.0,2026-08-19,795.05,799.45,770.8,777.75,580669,,nse_symbols_consolidated.csv,2026-08-19,,1.0,False
2092.0,2026-08-19,222.0,230.0,222.0,227.16,6230,,nse_symbols_consolidated.csv,2026-08-19,,1.0,False
2093.0,2026-08-19,503.95,507.95,500.1,502.35,35122,,nse_symbols_consolidated.csv,2026-08-19,,1.0,False
2094.0,2026-08-19,80.69,81.5,79.9,81.33,237097,,nse_symbols_consolidated.csv,2026-08-19,,1.0,False
2095.0,2026-08-19,5310.0,5389.5,5210.0,5228.5,60377,,nse_symbols_consolidated.csv,2026-08-19,,1.0,False
2097.0,2026-08-19,360.0,362.95,354.5,356.05,103007,,nse_symbols_consolidated.csv,2026-08-19,,1.0,False
2098.0,2026-08-19,38.01,38.23,37.51,37.61,113809,,nse_symbols_consolidated.csv,2026-08-19,,1.0,False
2099.0,2026-08-19,1319.9,1319.9,1268.0,1274.1,193129,,nse_symbols_consolidated.csv,2026-08-19,,1.0,False
2100.0,2026-08-19,421.0,424.4,418.0,421.45,3120,,nse_symbols_consolidated.csv,2026-08-19,,1.0,False
2102.0,2026-08-19,20080.0,20140.0,19550.0,19721.0,197246,,nse_symbols_consolidated.csv,2026-08-19,,1.0,False
2101.0,2026-08-19,548.7,556.65,543.6,550.05,121098,,nse_symbols_consolidated.csv,2026-08-19,,1.0,False
2103.0,2026-08-19,157.66,157.66,152.58,153.57,192098,,nse_symbols_consolidated.csv,2026-08-19,,1.0,False
2104.0,2026-08-19,815.5,815.5,776.05,789.1,45219,,nse_symbols_consolidated.csv,2026-08-19,,1.0,False
1979.0,2026-08-19,74.02,74.3,72.95,73.11,386656,,nse_symbols_consolidated.csv,2026-08-19,,1.0,False
2106.0,2026-08-19,88.38,88.38,85.17,85.94,15972,,nse_symbols_consolidated.csv,2026-08-19,,1.0,False
2105.0,2026-08-19,512.35,519.0,507.3,509.25,161687,,nse_symbols_consolidated.csv,2026-08-19,,1.0,False
2107.0,2026-08-19,88.0,88.37,82.65,86.61,11678,,nse_symbols_consolidated.csv,2026-08-19,,1.0,False
2108.0,2026-08-19,829.0,829.75,816.5,823.5,1726390,,nse_symbols_consolidated.csv,2026-08-19,,1.0,False
2109.0,2026-08-19,90.8,91.25,90.35,90.46,140,,nse_symbols_consolidated.csv,2026-08-19,,1.0,False
2110.0,2026-08-19,62.3,68.99,60.74,67.19,977582,,nse_symbols_consolidated.csv,2026-08-19,,1.0,False
2111.0,2026-08-19,312.45,321.15,305.1,307.8,962529,,nse_symbols_consolidated.csv,2026-08-19,,1.0,False
2114.0,2026-08-19,219.05,225.94,214.55,216.75,346450,,nse_symbols_consolidated.csv,2026-08-19,,1.0,False
2118.0,2026-08-19,3.43,3.57,3.35,3.36,825732,,nse_symbols_consolidated.csv,2026-08-19,,1.0,False
2116.0,2026-08-19,240.45,243.7,236.35,239.3,113704,,nse_symbols_consolidated.csv,2026-08-19,,1.0,False
2119.0,2026-08-19,140.0,144.9,135.11,141.37,17783,,nse_symbols_consolidated.csv,2026-08-19,,1.0,False
2120.0,2026-08-19,2260.0,2342.8,2260.0,2284.8,8682,,nse_symbols_consolidated.csv,2026-08-19,,1.0,False
2121.0,2026-08-19,151.8,151.8,145.86,147.13,30338,,nse_symbols_consolidated.csv,2026-08-19,,1.0,False
2122.0,2026-08-19,31.2,31.2,30.22,30.57,60074,,nse_symbols_consolidated.csv,2026-08-19,,1.0,False
2123.0,2026-08-19,66.63,69.37,66.3,68.05,752272,,nse_symbols_consolidated.csv,2026-08-19,,1.0,False
2124.0,2026-08-19,31.0,31.0,29.1,29.42,10529,,nse_symbols_consolidated.csv,2026-08-19,,1.0,False
2126.0,2026-08-19,194.51,196.9,192.0,195.56,227519,,nse_symbols_consolidated.csv,2026-08-19,,1.0,False
2127.0,2026-08-19,215.79,215.98,208.1,209.62,265689,,nse_symbols_consolidated.csv,2026-08-19,,1.0,False
2049.0,2026-08-19,4521.0,4521.0,4411.4,4454.0,47533,,nse_symbols_consolidated.csv,2026-08-19,,1.0,False
2132.0,2026-08-19,489.8,490.7,477.1,479.2,7779,,nse_symbols_consolidated.csv,2026-08-19,,1.0,False
2129.0,2026-08-19,258.8,259.7,246.85,248.27,11435,,nse_symbols_consolidated.csv,2026-08-19,,1.0,False
2130.0,2026-08-19,2624.4,2628.9,2562.3,2578.6,267803,,nse_symbols_consolidated.csv,2026-08-19,,1.0,False
2131.0,2026-08-19,260.0,265.0,260.0,260.1,99,,nse_symbols_consolidated.csv,2026-08-19,,1.0,False
904.0,2026-08-19,1.47,1.47,1.36,1.4,77150,,nse_symbols_consolidated.csv,2026-08-19,,1.0,False
2133.0,2026-08-19,20.61,20.61,19.55,20.2,1468,,nse_symbols_consolidated.csv,2026-08-19,,1.0,False
1319.0,2026-08-19,168.9,168.9,163.5,164.02,480005,,nse_symbols_consolidated.csv,2026-08-19,,1.0,False
2134.0,2026-08-19,488.85,500.0,483.3,493.75,94741,,nse_symbols_consolidated.csv,2026-08-19,,1.0,False
2138.0,2026-08-19,234.0,235.0,224.0,225.15,488362,,nse_symbols_consolidated.csv,2026-08-19,,1.0,False
1995.0,2026-08-19,310.0,312.85,305.9,309.6,640051,,nse_symbols_consolidated.csv,2026-08-19,,1.0,False
2069.0,2026-08-19,20.23,20.4,19.4,19.56,185552,,nse_symbols_consolidated.csv,2026-08-19,,1.0,False
2139.0,2026-08-19,134.5,137.5,134.05,136.09,101288,,nse_symbols_consolidated.csv,2026-08-19,,1.0,False
2141.0,2026-08-19,198.61,198.61,193.43,193.94,349565,,nse_symbols_consolidated.csv,2026-08-19,,1.0,False
2142.0,2026-08-19,582.3,587.2,578.5,582.8,139550,,nse_symbols_consolidated.csv,2026-08-19,,1.0,False
2143.0,2026-08-19,146.85,148.8,145.21,146.22,3229,,nse_symbols_consolidated.csv,2026-08-19,,1.0,False
2144.0,2026-08-19,258.0,258.0,255.0,257.05,7474,,nse_symbols_consolidated.csv,2026-08-19,,1.0,False
1970.0,2026-08-19,1053.2,1054.8,1041.4,1048.6,7182636,,nse_symbols_consolidated.csv,2026-08-19,,1.0,False
1922.0,2026-08-19,169.9,173.95,169.32,172.75,10694324,,nse_symbols_consolidated.csv,2026-08-19,,1.0,False
2147.0,2026-08-19,83.39,83.39,80.2,82.18,7209,,nse_symbols_consolidated.csv,2026-08-19,,1.0,False
2148.0,2026-08-19,10.71,10.89,10.52,10.67,662433,,nse_symbols_consolidated.csv,2026-08-19,,1.0,False
2152.0,2026-08-19,18.91,20.0,18.5,19.09,229,,nse_symbols_consolidated.csv,2026-08-19,,1.0,False
2137.0,2026-08-19,317.0,317.95,312.9,315.85,292767,,nse_symbols_consolidated.csv,2026-08-19,,1.0,False
2146.0,2026-08-19,361.0,363.5,354.35,357.35,88700,,nse_symbols_consolidated.csv,2026-08-19,,1.0,False
2149.0,2026-08-19,575.0,592.45,575.0,581.0,3435,,nse_symbols_consolidated.csv,2026-08-19,,1.0,False
2150.0,2026-08-19,218.5,227.9,216.0,223.5,36016,,nse_symbols_consolidated.csv,2026-08-19,,1.0,False
2153.0,2026-08-19,633.1,638.8,613.7,621.2,2138772,,nse_symbols_consolidated.csv,2026-08-19,,1.0,False
2001.0,2026-08-19,9.85,9.95,9.61,9.76,2041,,nse_symbols_consolidated.csv,2026-08-19,,1.0,False
2151.0,2026-08-19,25.78,25.98,24.85,24.97,530215,,nse_symbols_consolidated.csv,2026-08-19,,1.0,False
2154.0,2026-08-19,774.65,775.95,748.5,756.55,110184,,nse_symbols_consolidated.csv,2026-08-19,,1.0,False
2140.0,2026-08-19,949.1,965.0,931.3,957.5,346391,,nse_symbols_consolidated.csv,2026-08-19,,1.0,False
2219.0,2026-08-19,199.9,200.27,195.1,195.99,551559,,nse_symbols_consolidated.csv,2026-08-19,,1.0,False
2155.0,2026-08-19,443.95,448.7,443.85,448.0,33983,,nse_symbols_consolidated.csv,2026-08-19,,1.0,False
2157.0,2026-08-19,3755.1,3763.9,3654.8,3664.3,31804,,nse_symbols_consolidated.csv,2026-08-19,,1.0,False
2159.0,2026-08-19,2157.5,2169.7,2116.0,2126.6,23593,,nse_symbols_consolidated.csv,2026-08-19,,1.0,False
2160.0,2026-08-19,16.29,17.39,15.65,15.92,20492917,,nse_symbols_consolidated.csv,2026-08-19,,1.0,False
2161.0,2026-08-19,752.15,752.15,735.0,737.2,35713,,nse_symbols_consolidated.csv,2026-08-19,,1.0,False
2163.0,2026-08-19,1137.8,1145.0,1125.0,1134.9,263281,,nse_symbols_consolidated.csv,2026-08-19,,1.0,False
2162.0,2026-08-19,409.0,409.0,400.05,405.75,5854,,nse_symbols_consolidated.csv,2026-08-19,,1.0,False
2164.0,2026-08-19,1098.6,1159.3,1098.55,1156.4,453138,,nse_symbols_consolidated.csv,2026-08-19,,1.0,False
2165.0,2026-08-19,159.8,163.55,155.15,156.21,28414,,nse_symbols_consolidated.csv,2026-08-19,,1.0,False
2166.0,2026-08-19,147.53,147.99,145.2,145.43,247820,,nse_symbols_consolidated.csv,2026-08-19,,1.0,False
2167.0,2026-08-19,37.05,42.8,37.05,39.87,4292,,nse_symbols_consolidated.csv,2026-08-19,,1.0,False
2168.0,2026-08-19,13.4,13.4,12.75,12.75,3255671,,nse_symbols_consolidated.csv,2026-08-19,,1.0,False
2170.0,2026-08-19,52.55,55.48,52.0,53.51,42879,,nse_symbols_consolidated.csv,2026-08-19,,1.0,False
2169.0,2026-08-19,563.0,563.8,551.0,554.2,188533,,nse_symbols_consolidated.csv,2026-08-19,,1.0,False
2171.0,2026-08-19,1435.8,1444.9,1425.0,1430.2,1881,,nse_symbols_consolidated.csv,2026-08-19,,1.0,False
2117.0,2026-08-19,194.24,197.0,191.91,193.11,433409,,nse_symbols_consolidated.csv,2026-08-19,,1.0,False
2180.0,2026-08-19,1871.0,1900.0,1871.0,1900.0,1566692,,nse_symbols_consolidated.csv,2026-08-19,,1.0,False
2184.0,2026-08-19,482.85,485.65,480.05,480.9,207536,,nse_symbols_consolidated.csv,2026-08-19,,1.0,False
2172.0,2026-08-19,1290.0,1293.1,1275.0,1281.1,7586,,nse_symbols_consolidated.csv,2026-08-19,,1.0,False
2174.0,2026-08-19,4625.4,4628.9,4466.0,4485.1,38437,,nse_symbols_consolidated.csv,2026-08-19,,1.0,False
2173.0,2026-08-19,1.25,1.36,1.23,1.29,1974503,,nse_symbols_consolidated.csv,2026-08-19,,1.0,False
2175.0,2026-08-19,855.0,868.9,832.05,851.1,939,,nse_symbols_consolidated.csv,2026-08-19,,1.0,False
2176.0,2026-08-19,1235.0,1250.3,1229.0,1242.2,224417,,nse_symbols_consolidated.csv,2026-08-19,,1.0,False
2177.0,2026-08-19,657.65,657.65,647.55,649.95,5533,,nse_symbols_consolidated.csv,2026-08-19,,1.0,False
2178.0,2026-08-19,357.55,357.55,352.05,353.55,69288,,nse_symbols_consolidated.csv,2026-08-19,,1.0,False
2181.0,2026-08-19,382.4,382.4,375.5,377.25,5329,,nse_symbols_consolidated.csv,2026-08-19,,1.0,False
2182.0,2026-08-19,1268.7,1280.0,1235.6,1273.4,1781,,nse_symbols_consolidated.csv,2026-08-19,,1.0,False
2183.0,2026-08-19,296.4,299.7,295.0,296.2,164778,,nse_symbols_consolidated.csv,2026-08-19,,1.0,False
2186.0,2026-08-19,5.93,5.93,5.82,5.91,28596,,nse_symbols_consolidated.csv,2026-08-19,,1.0,False
2193.0,2026-08-19,8.59,8.59,7.54,7.81,517793,,nse_symbols_consolidated.csv,2026-08-19,,1.0,False
2185.0,2026-08-19,165.11,168.2,162.1,164.0,3761,,nse_symbols_consolidated.csv,2026-08-19,,1.0,False
2059.0,2026-08-19,42.42,42.42,39.39,42.42,20184,,nse_symbols_consolidated.csv,2026-08-19,,1.0,False
2187.0,2026-08-19,527.8,529.25,516.65,517.65,46175,,nse_symbols_consolidated.csv,2026-08-19,,1.0,False
2189.0,2026-08-19,2.45,2.45,2.45,2.45,189502,,nse_symbols_consolidated.csv,2026-08-19,,1.0,False
2188.0,2026-08-19,40.5,41.99,39.01,39.53,19017,,nse_symbols_consolidated.csv,2026-08-19,,1.0,False
2190.0,2026-08-19,3622.9,3635.2,3568.1,3610.0,305616,,nse_symbols_consolidated.csv,2026-08-19,,1.0,False
2191.0,2026-08-19,87.8,87.9,85.41,86.15,21290,,nse_symbols_consolidated.csv,2026-08-19,,1.0,False
2125.0,2026-08-19,712.6,712.6,700.0,702.6,22107,,nse_symbols_consolidated.csv,2026-08-19,,1.0,False
2192.0,2026-08-19,811.0,811.0,786.0,787.8,133358,,nse_symbols_consolidated.csv,2026-08-19,,1.0,False
2194.0,2026-08-19,207.0,210.09,205.0,205.87,114590,,nse_symbols_consolidated.csv,2026-08-19,,1.0,False
2195.0,2026-08-19,210.0,214.0,200.0,203.32,6588,,nse_symbols_consolidated.csv,2026-08-19,,1.0,False
2196.0,2026-08-19,320.0,322.6,306.2,308.5,79209,,nse_symbols_consolidated.csv,2026-08-19,,1.0,False
2197.0,2026-08-19,25.6,26.48,25.22,26.11,54765,,nse_symbols_consolidated.csv,2026-08-19,,1.0,False
2198.0,2026-08-19,16.5,16.5,15.9,16.15,47266,,nse_symbols_consolidated.csv,2026-08-19,,1.0,False
1966.0,2026-08-19,25.37,25.37,24.0,24.36,14570,,nse_symbols_consolidated.csv,2026-08-19,,1.0,False
2201.0,2026-08-19,223.44,225.29,217.62,218.71,606213,,nse_symbols_consolidated.csv,2026-08-19,,1.0,False
2200.0,2026-08-19,58.93,58.93,56.0,56.37,3688,,nse_symbols_consolidated.csv,2026-08-19,,1.0,False
2199.0,2026-08-19,382.95,382.95,380.1,380.1,293,,nse_symbols_consolidated.csv,2026-08-19,,1.0,False
2202.0,2026-08-19,152.99,153.99,150.78,151.73,388266,,nse_symbols_consolidated.csv,2026-08-19,,1.0,False
2203.0,2026-08-19,38.95,39.45,38.0,38.09,34398,,nse_symbols_consolidated.csv,2026-08-19,,1.0,False
2204.0,2026-08-19,339.95,346.65,331.0,332.55,378962,,nse_symbols_consolidated.csv,2026-08-19,,1.0,False
2205.0,2026-08-19,2.52,2.52,2.36,2.38,239034,,nse_symbols_consolidated.csv,2026-08-19,,1.0,False
2206.0,2026-08-19,801.85,805.05,750.5,759.25,90236,,nse_symbols_consolidated.csv,2026-08-19,,1.0,False
2207.0,2026-08-19,47.7,47.76,46.7,46.77,47341396,,nse_symbols_consolidated.csv,2026-08-19,,1.0,False
2210.0,2026-08-19,3.75,3.76,3.7,3.72,47880,,nse_symbols_consolidated.csv,2026-08-19,,1.0,False
2211.0,2026-08-19,304.0,305.5,300.4,303.2,628582,,nse_symbols_consolidated.csv,2026-08-19,,1.0,False
2212.0,2026-08-19,2331.0,2400.3,2311.0,2348.2,6736,,nse_symbols_consolidated.csv,2026-08-19,,1.0,False
2214.0,2026-08-19,3594.0,3608.6,3561.0,3588.8,4852,,nse_symbols_consolidated.csv,2026-08-19,,1.0,False
2213.0,2026-08-19,369.3,374.95,363.6,367.05,325159,,nse_symbols_consolidated.csv,2026-08-19,,1.0,False
2215.0,2026-08-19,36.5,36.6,33.05,34.25,6075,,nse_symbols_consolidated.csv,2026-08-19,,1.0,False
2216.0,2026-08-19,621.55,624.9,605.0,606.55,27755,,nse_symbols_consolidated.csv,2026-08-19,,1.0,False
2217.0,2026-08-19,277.15,277.6,269.75,272.4,19048103,,nse_symbols_consolidated.csv,2026-08-19,,1.0,False
2218.0,2026-08-19,13.87,15.2,13.87,14.75,278773,,nse_symbols_consolidated.csv,2026-08-19,,1.0,False
2220.0,2026-08-19,615.0,620.45,599.95,602.05,80645,,nse_symbols_consolidated.csv,2026-08-19,,1.0,False
2221.0,2026-08-19,15.57,15.71,15.11,15.33,2036352,,nse_symbols_consolidated.csv,2026-08-19,,1.0,False
2000.0,2026-08-19,554.25,560.0,550.0,555.25,4996,,nse_symbols_consolidated.csv,2026-08-19,,1.0,False
2222.0,2026-08-19,403.5,404.8,395.0,396.85,366481,,nse_symbols_consolidated.csv,2026-08-19,,1.0,False
2223.0,2026-08-19,1507.9,1514.6,1475.0,1494.8,901426,,nse_symbols_consolidated.csv,2026-08-19,,1.0,False
2224.0,2026-08-19,58.68,59.16,57.02,58.03,2623,,nse_symbols_consolidated.csv,2026-08-19,,1.0,False
2278.0,2026-08-19,105.83,106.65,102.5,105.4,330548,,nse_symbols_consolidated.csv,2026-08-19,,1.0,False
2343.0,2026-08-19,6.5,6.7,6.31,6.33,159229,,nse_symbols_consolidated.csv,2026-08-19,,1.0,False
2225.0,2026-08-19,4196.2,4331.0,4180.7,4227.7,1635,,nse_symbols_consolidated.csv,2026-08-19,,1.0,False
2226.0,2026-08-19,214.72,221.45,210.0,218.22,6970,,nse_symbols_consolidated.csv,2026-08-19,,1.0,False
2227.0,2026-08-19,345.15,347.25,340.45,344.05,38510,,nse_symbols_consolidated.csv,2026-08-19,,1.0,False
2228.0,2026-08-19,23.48,23.69,22.71,22.89,1213425,,nse_symbols_consolidated.csv,2026-08-19,,1.0,False
2229.0,2026-08-19,426.95,430.45,420.0,423.05,142451,,nse_symbols_consolidated.csv,2026-08-19,,1.0,False
2230.0,2026-08-19,262.0,262.0,252.0,255.04,17591,,nse_symbols_consolidated.csv,2026-08-19,,1.0,False
2307.0,2026-08-19,847.15,847.55,823.6,838.85,172377,,nse_symbols_consolidated.csv,2026-08-19,,1.0,False
2311.0,2026-08-19,137.45,139.85,136.01,138.69,227301,,nse_symbols_consolidated.csv,2026-08-19,,1.0,False
2310.0,2026-08-19,113.0,117.35,112.08,113.47,970418,,nse_symbols_consolidated.csv,2026-08-19,,1.0,False
2312.0,2026-08-19,9.13,9.13,8.8,8.99,4812,,nse_symbols_consolidated.csv,2026-08-19,,1.0,False
2231.0,2026-08-19,322.0,322.0,306.5,310.2,4802,,nse_symbols_consolidated.csv,2026-08-19,,1.0,False
2232.0,2026-08-19,578.0,586.15,570.0,571.2,347360,,nse_symbols_consolidated.csv,2026-08-19,,1.0,False
2233.0,2026-08-19,48.0,48.1,47.22,47.95,49333,,nse_symbols_consolidated.csv,2026-08-19,,1.0,False
2234.0,2026-08-19,15.98,15.98,14.71,15.34,46483,,nse_symbols_consolidated.csv,2026-08-19,,1.0,False
2235.0,2026-08-19,121.37,121.88,119.4,119.84,590440,,nse_symbols_consolidated.csv,2026-08-19,,1.0,False
2237.0,2026-08-19,55.0,55.9,52.5,52.78,17610,,nse_symbols_consolidated.csv,2026-08-19,,1.0,False
2238.0,2026-08-19,338.95,346.0,332.55,343.1,366306,,nse_symbols_consolidated.csv,2026-08-19,,1.0,False
2239.0,2026-08-19,10155.0,10544.0,10019.0,10392.0,16670,,nse_symbols_consolidated.csv,2026-08-19,,1.0,False
2240.0,2026-08-19,363.15,370.0,361.35,365.55,1399819,,nse_symbols_consolidated.csv,2026-08-19,,1.0,False
2241.0,2026-08-19,655.0,658.25,633.35,636.3,477491,,nse_symbols_consolidated.csv,2026-08-19,,1.0,False
2242.0,2026-08-19,1685.0,1697.8,1652.9,1660.0,284561,,nse_symbols_consolidated.csv,2026-08-19,,1.0,False
2257.0,2026-08-19,2293.6,2308.2,2258.3,2289.0,3368922,,nse_symbols_consolidated.csv,2026-08-19,,1.0,False
2243.0,2026-08-19,1061.1,1071.5,1056.8,1068.0,1241204,,nse_symbols_consolidated.csv,2026-08-19,,1.0,False
2244.0,2026-08-19,3650.0,3675.0,3635.0,3659.7,143684,,nse_symbols_consolidated.csv,2026-08-19,,1.0,False
2245.0,2026-08-19,647.0,656.0,643.5,652.9,171234,,nse_symbols_consolidated.csv,2026-08-19,,1.0,False
2308.0,2026-08-19,470.9,480.0,468.0,478.3,6450490,,nse_symbols_consolidated.csv,2026-08-19,,1.0,False
2309.0,2026-08-19,323.85,324.0,320.2,321.3,5659002,,nse_symbols_consolidated.csv,2026-08-19,,1.0,False
2246.0,2026-08-19,380.0,380.75,375.05,378.9,3880698,,nse_symbols_consolidated.csv,2026-08-19,,1.0,False
2247.0,2026-08-19,184.16,184.95,182.5,184.0,15509632,,nse_symbols_consolidated.csv,2026-08-19,,1.0,False
2248.0,2026-08-19,837.9,846.45,805.95,812.55,914308,,nse_symbols_consolidated.csv,2026-08-19,,1.0,False
2344.0,2026-08-19,37.82,37.92,37.44,37.67,1288969,,nse_symbols_consolidated.csv,2026-08-19,,1.0,False
2249.0,2026-08-19,1692.9,1692.9,1640.0,1647.8,33389,,nse_symbols_consolidated.csv,2026-08-19,,1.0,False
2250.0,2026-08-19,1715.0,1732.5,1647.2,1661.4,170567,,nse_symbols_consolidated.csv,2026-08-19,,1.0,False
2252.0,2026-08-19,252.0,258.4,246.3,252.35,35870,,nse_symbols_consolidated.csv,2026-08-19,,1.0,False
2254.0,2026-08-19,555.0,555.0,544.0,547.2,12825,,nse_symbols_consolidated.csv,2026-08-19,,1.0,False
2255.0,2026-08-19,15.3,15.74,14.77,15.38,8181,,nse_symbols_consolidated.csv,2026-08-19,,1.0,False
2256.0,2026-08-19,4234.8,4290.8,4066.0,4094.2,7453,,nse_symbols_consolidated.csv,2026-08-19,,1.0,False
2258.0,2026-08-19,1580.0,1588.6,1530.1,1545.6,1371248,,nse_symbols_consolidated.csv,2026-08-19,,1.0,False
2259.0,2026-08-19,230.3,235.99,228.01,229.99,10052,,nse_symbols_consolidated.csv,2026-08-19,,1.0,False
2260.0,2026-08-19,1241.1,1250.9,1226.0,1235.2,8790,,nse_symbols_consolidated.csv,2026-08-19,,1.0,False
2320.0,2026-08-19,0.65,0.69,0.61,0.69,23488941,,nse_symbols_consolidated.csv,2026-08-19,,1.0,False
2261.0,2026-08-19,1601.5,1610.7,1575.8,1589.8,1752634,,nse_symbols_consolidated.csv,2026-08-19,,1.0,False
2263.0,2026-08-19,1004.7,1013.0,985.45,996.95,244509,,nse_symbols_consolidated.csv,2026-08-19,,1.0,False
2293.0,2026-08-19,3295.8,3309.9,3109.3,3127.5,61366,,nse_symbols_consolidated.csv,2026-08-19,,1.0,False
2262.0,2026-08-19,305.0,322.99,303.1,314.8,4038608,,nse_symbols_consolidated.csv,2026-08-19,,1.0,False
2264.0,2026-08-19,5005.2,5262.5,4800.0,5083.8,853,,nse_symbols_consolidated.csv,2026-08-19,,1.0,False
2265.0,2026-08-19,8.75,10.24,8.35,10.24,80792,,nse_symbols_consolidated.csv,2026-08-19,,1.0,False
2266.0,2026-08-19,1735.4,1747.0,1689.6,1726.6,152174,,nse_symbols_consolidated.csv,2026-08-19,,1.0,False
2267.0,2026-08-19,520.0,522.95,508.05,509.55,815740,,nse_symbols_consolidated.csv,2026-08-19,,1.0,False
2268.0,2026-08-19,59.6,60.85,59.1,59.75,1970791,,nse_symbols_consolidated.csv,2026-08-19,,1.0,False
2269.0,2026-08-19,553.8,559.7,548.15,556.85,1354648,,nse_symbols_consolidated.csv,2026-08-19,,1.0,False
2271.0,2026-08-19,355.65,355.65,326.1,329.45,15441,,nse_symbols_consolidated.csv,2026-08-19,,1.0,False
2272.0,2026-08-19,107.51,109.29,106.31,107.46,142722,,nse_symbols_consolidated.csv,2026-08-19,,1.0,False
2274.0,2026-08-19,104.49,105.69,102.1,102.65,1298026,,nse_symbols_consolidated.csv,2026-08-19,,1.0,False
2273.0,2026-08-19,44.9,44.99,44.0,44.38,25648,,nse_symbols_consolidated.csv,2026-08-19,,1.0,False
2277.0,2026-08-19,9.12,9.43,9.01,9.18,7437,,nse_symbols_consolidated.csv,2026-08-19,,1.0,False
2280.0,2026-08-19,150.0,150.0,150.0,150.0,63,,nse_symbols_consolidated.csv,2026-08-19,,1.0,False
2281.0,2026-08-19,5485.0,5544.0,5399.0,5514.5,82597,,nse_symbols_consolidated.csv,2026-08-19,,1.0,False
158.0,2026-08-19,1835.3,1838.9,1800.0,1804.8,17650,,nse_symbols_consolidated.csv,2026-08-19,,1.0,False
410.0,2026-08-19,31.77,31.96,31.45,31.5,6210,,nse_symbols_consolidated.csv,2026-08-19,,1.0,False
788.0,2026-08-19,1329.9,1342.0,1308.0,1315.5,1437658,,nse_symbols_consolidated.csv,2026-08-19,,1.0,False
863.0,2026-08-19,931.4,931.4,908.15,915.0,310,,nse_symbols_consolidated.csv,2026-08-19,,1.0,False
956.0,2026-08-19,553.95,553.95,530.5,530.9,1102,,nse_symbols_consolidated.csv,2026-08-19,,1.0,False
1017.0,2026-08-19,374.95,376.8,366.2,369.7,87660,,nse_symbols_consolidated.csv,2026-08-19,,1.0,False
1016.0,2026-08-19,715.0,724.95,714.15,723.35,881149,,nse_symbols_consolidated.csv,2026-08-19,,1.0,False
2282.0,2026-08-19,98.0,99.95,97.21,98.18,2009,,nse_symbols_consolidated.csv,2026-08-19,,1.0,False
1552.0,2026-08-19,185.25,189.0,183.25,185.68,2774754,,nse_symbols_consolidated.csv,2026-08-19,,1.0,False
1711.0,2026-08-19,703.8,735.0,680.0,728.35,11027,,nse_symbols_consolidated.csv,2026-08-19,,1.0,False
1697.0,2026-08-19,1950.0,1950.0,1905.9,1919.0,272032,,nse_symbols_consolidated.csv,2026-08-19,,1.0,False
1813.0,2026-08-19,910.1,916.25,892.35,902.2,250361,,nse_symbols_consolidated.csv,2026-08-19,,1.0,False
1899.0,2026-08-19,417.55,417.55,404.05,410.25,10957,,nse_symbols_consolidated.csv,2026-08-19,,1.0,False
2113.0,2026-08-19,45.09,45.45,44.81,45.0,4428294,,nse_symbols_consolidated.csv,2026-08-19,,1.0,False
2145.0,2026-08-19,116.71,117.19,115.6,116.06,10410,,nse_symbols_consolidated.csv,2026-08-19,,1.0,False
2363.0,2026-08-19,51.48,53.2,49.85,50.41,1622906,,nse_symbols_consolidated.csv,2026-08-19,,1.0,False
2516.0,2026-08-19,160.0,172.9,160.0,168.98,430,,nse_symbols_consolidated.csv,2026-08-19,,1.0,False
2283.0,2026-08-19,2174.9,2174.9,2040.0,2124.6,20115,,nse_symbols_consolidated.csv,2026-08-19,,1.0,False
2285.0,2026-08-19,107.0,108.7,104.0,104.21,47591,,nse_symbols_consolidated.csv,2026-08-19,,1.0,False
2286.0,2026-08-19,4073.2,4074.5,3981.0,4025.5,145951,,nse_symbols_consolidated.csv,2026-08-19,,1.0,False
2303.0,2026-08-19,150.3,152.0,143.5,144.28,710856,,nse_symbols_consolidated.csv,2026-08-19,,1.0,False
2287.0,2026-08-19,103.0,106.0,97.3,100.55,759648,,nse_symbols_consolidated.csv,2026-08-19,,1.0,False
2288.0,2026-08-19,280.95,294.6,277.0,288.8,118303,,nse_symbols_consolidated.csv,2026-08-19,,1.0,False
2289.0,2026-08-19,620.0,620.0,577.0,582.5,544224,,nse_symbols_consolidated.csv,2026-08-19,,1.0,False
2292.0,2026-08-19,29.18,29.18,28.26,28.98,479465,,nse_symbols_consolidated.csv,2026-08-19,,1.0,False
2295.0,2026-08-19,5.59,6.81,5.59,6.12,378115,,nse_symbols_consolidated.csv,2026-08-19,,1.0,False
2296.0,2026-08-19,228.0,231.9,224.0,227.0,124719,,nse_symbols_consolidated.csv,2026-08-19,,1.0,False
2290.0,2026-08-19,581.5,584.9,567.0,573.85,875524,,nse_symbols_consolidated.csv,2026-08-19,,1.0,False
2297.0,2026-08-19,181.5,193.35,179.31,190.89,4541538,,nse_symbols_consolidated.csv,2026-08-19,,1.0,False
2298.0,2026-08-19,546.05,569.0,537.3,563.0,340374,,nse_symbols_consolidated.csv,2026-08-19,,1.0,False
2299.0,2026-08-19,3322.8,3324.0,3201.0,3231.8,50571,,nse_symbols_consolidated.csv,2026-08-19,,1.0,False
2300.0,2026-08-19,1070.0,1078.9,1039.4,1049.4,27404,,nse_symbols_consolidated.csv,2026-08-19,,1.0,False
2301.0,2026-08-19,332.15,357.0,332.15,349.75,19947,,nse_symbols_consolidated.csv,2026-08-19,,1.0,False
2302.0,2026-08-19,657.0,664.0,650.0,651.7,156034,,nse_symbols_consolidated.csv,2026-08-19,,1.0,False
2304.0,2026-08-19,63.76,66.0,63.76,64.88,140931,,nse_symbols_consolidated.csv,2026-08-19,,1.0,False
2305.0,2026-08-19,841.0,847.2,826.15,831.75,224196,,nse_symbols_consolidated.csv,2026-08-19,,1.0,False
2306.0,2026-08-19,5045.0,5074.8,5038.0,5068.0,412981,,nse_symbols_consolidated.csv,2026-08-19,,1.0,False
2313.0,2026-08-19,77.7,77.7,77.0,77.01,1268,,nse_symbols_consolidated.csv,2026-08-19,,1.0,False
2314.0,2026-08-19,95.55,97.89,95.02,95.95,40555,,nse_symbols_consolidated.csv,2026-08-19,,1.0,False
2315.0,2026-08-19,4979.5,5032.5,4945.5,5013.0,412375,,nse_symbols_consolidated.csv,2026-08-19,,1.0,False
2316.0,2026-08-19,1272.6,1274.0,1240.9,1243.7,375458,,nse_symbols_consolidated.csv,2026-08-19,,1.0,False
2317.0,2026-08-19,69.0,73.0,68.56,70.43,33080,,nse_symbols_consolidated.csv,2026-08-19,,1.0,False
2318.0,2026-08-19,61.55,62.89,61.5,61.71,1004,,nse_symbols_consolidated.csv,2026-08-19,,1.0,False
2275.0,2026-08-19,125.0,131.99,124.5,131.41,18203710,,nse_symbols_consolidated.csv,2026-08-19,,1.0,False
2319.0,2026-08-19,0.69,0.69,0.65,0.66,285141,,nse_symbols_consolidated.csv,2026-08-19,,1.0,False
2321.0,2026-08-19,78.76,80.0,77.63,78.89,173356,,nse_symbols_consolidated.csv,2026-08-19,,1.0,False
2322.0,2026-08-19,29.04,29.07,28.0,28.23,160838,,nse_symbols_consolidated.csv,2026-08-19,,1.0,False
2236.0,2026-08-19,297.0,298.4,290.0,291.25,680935,,nse_symbols_consolidated.csv,2026-08-19,,1.0,False
2323.0,2026-08-19,24.61,24.98,23.25,24.64,752,,nse_symbols_consolidated.csv,2026-08-19,,1.0,False
2330.0,2026-08-19,26.92,27.39,26.1,26.86,81879,,nse_symbols_consolidated.csv,2026-08-19,,1.0,False
2324.0,2026-08-19,1132.8,1189.4,1115.0,1189.4,957,,nse_symbols_consolidated.csv,2026-08-19,,1.0,False
2253.0,2026-08-19,914.0,919.4,903.0,907.8,24422,,nse_symbols_consolidated.csv,2026-08-19,,1.0,False
2325.0,2026-08-19,458.0,462.6,452.2,457.6,356163,,nse_symbols_consolidated.csv,2026-08-19,,1.0,False
2276.0,2026-08-19,11.1,11.5,11.1,11.41,41490,,nse_symbols_consolidated.csv,2026-08-19,,1.0,False
2326.0,2026-08-19,151.0,164.97,151.0,164.97,7845,,nse_symbols_consolidated.csv,2026-08-19,,1.0,False
2327.0,2026-08-19,1349.5,1354.2,1318.0,1321.7,29916,,nse_symbols_consolidated.csv,2026-08-19,,1.0,False
2328.0,2026-08-19,6.02,6.31,5.96,6.08,34167,,nse_symbols_consolidated.csv,2026-08-19,,1.0,False
2329.0,2026-08-19,168.0,173.0,161.05,162.56,11556,,nse_symbols_consolidated.csv,2026-08-19,,1.0,False
2331.0,2026-08-19,2942.1,2972.0,2938.0,2953.0,484117,,nse_symbols_consolidated.csv,2026-08-19,,1.0,False
2332.0,2026-08-19,233.27,233.27,228.18,229.05,7645,,nse_symbols_consolidated.csv,2026-08-19,,1.0,False
2251.0,2026-08-19,251.25,253.85,247.5,248.05,306767,,nse_symbols_consolidated.csv,2026-08-19,,1.0,False
2333.0,2026-08-19,24.47,24.98,24.32,24.49,2360339,,nse_symbols_consolidated.csv,2026-08-19,,1.0,False
2334.0,2026-08-19,54.6,55.88,54.0,54.7,19779,,nse_symbols_consolidated.csv,2026-08-19,,1.0,False
2335.0,2026-08-19,1219.3,1219.3,1147.0,1179.7,6965,,nse_symbols_consolidated.csv,2026-08-19,,1.0,False
2337.0,2026-08-19,280.12,291.68,278.11,289.23,1890903,,nse_symbols_consolidated.csv,2026-08-19,,1.0,False
2336.0,2026-08-19,582.1,585.9,561.05,569.65,813709,,nse_symbols_consolidated.csv,2026-08-19,,1.0,False
2339.0,2026-08-19,476.95,479.45,469.85,472.0,86380,,nse_symbols_consolidated.csv,2026-08-19,,1.0,False
2338.0,2026-08-19,4.55,4.55,4.12,4.3,98778,,nse_symbols_consolidated.csv,2026-08-19,,1.0,False
2340.0,2026-08-19,417.35,422.5,414.0,414.7,38917,,nse_symbols_consolidated.csv,2026-08-19,,1.0,False
2341.0,2026-08-19,1114.0,1122.9,1088.0,1099.1,12239,,nse_symbols_consolidated.csv,2026-08-19,,1.0,False
2342.0,2026-08-19,591.25,599.0,579.6,585.1,65670,,nse_symbols_consolidated.csv,2026-08-19,,1.0,False
2294.0,2026-08-19,2942.2,2972.0,2898.3,2961.0,696512,,nse_symbols_consolidated.csv,2026-08-19,,1.0,False
2345.0,2026-08-19,147.9,148.0,138.0,138.92,1526191,,nse_symbols_consolidated.csv,2026-08-19,,1.0,False
2346.0,2026-08-19,56.8,56.8,52.0,55.62,7079,,nse_symbols_consolidated.csv,2026-08-19,,1.0,False
2352.0,2026-08-19,113.55,123.68,112.99,117.41,82230,,nse_symbols_consolidated.csv,2026-08-19,,1.0,False
2353.0,2026-08-19,3.95,3.95,3.7,3.94,19919,,nse_symbols_consolidated.csv,2026-08-19,,1.0,False
2347.0,2026-08-19,453.15,453.15,436.05,438.95,33945,,nse_symbols_consolidated.csv,2026-08-19,,1.0,False
2348.0,2026-08-19,14097.0,14097.0,13888.0,13946.0,3985,,nse_symbols_consolidated.csv,2026-08-19,,1.0,False
2349.0,2026-08-19,4380.3,4394.9,4342.1,4361.1,456943,,nse_symbols_consolidated.csv,2026-08-19,,1.0,False
2351.0,2026-08-19,4735.9,4924.9,4625.1,4821.8,58859,,nse_symbols_consolidated.csv,2026-08-19,,1.0,False
2350.0,2026-08-19,122.77,122.84,120.4,120.84,352752,,nse_symbols_consolidated.csv,2026-08-19,,1.0,False
2291.0,2026-08-19,9.97,10.0,9.46,9.64,19258,,nse_symbols_consolidated.csv,2026-08-19,,1.0,False
2398.0,2026-08-19,21.08,21.08,19.55,20.22,177227,,nse_symbols_consolidated.csv,2026-08-19,,1.0,False
2355.0,2026-08-19,151.8,151.8,144.2,146.18,73316,,nse_symbols_consolidated.csv,2026-08-19,,1.0,False
2356.0,2026-08-19,25.8,25.88,25.65,25.68,1993714,,nse_symbols_consolidated.csv,2026-08-19,,1.0,False
2357.0,2026-08-19,144.5,147.0,140.5,143.8,40375,,nse_symbols_consolidated.csv,2026-08-19,,1.0,False
2393.0,2026-08-19,22.5,22.5,21.56,21.95,9005,,nse_symbols_consolidated.csv,2026-08-19,,1.0,False
2361.0,2026-08-19,607.1,635.0,595.0,620.95,1360604,,nse_symbols_consolidated.csv,2026-08-19,,1.0,False
2362.0,2026-08-19,67.44,67.44,64.25,64.82,21633,,nse_symbols_consolidated.csv,2026-08-19,,1.0,False
2364.0,2026-08-19,90.99,91.54,87.53,88.18,252423,,nse_symbols_consolidated.csv,2026-08-19,,1.0,False
2359.0,2026-08-19,200.8,200.8,200.8,200.8,4624,,nse_symbols_consolidated.csv,2026-08-19,,1.0,False
2365.0,2026-08-19,72.45,72.97,71.5,71.8,12226495,,nse_symbols_consolidated.csv,2026-08-19,,1.0,False
2367.0,2026-08-19,403.8,403.8,390.3,399.05,35462,,nse_symbols_consolidated.csv,2026-08-19,,1.0,False
2366.0,2026-08-19,11499.0,11499.0,11396.0,11450.0,251888,,nse_symbols_consolidated.csv,2026-08-19,,1.0,False
2368.0,2026-08-19,22.66,23.25,22.0,22.49,42597,,nse_symbols_consolidated.csv,2026-08-19,,1.0,False
2370.0,2026-08-19,88.32,90.45,87.01,88.55,21000,,nse_symbols_consolidated.csv,2026-08-19,,1.0,False
2371.0,2026-08-19,529.9,529.95,509.0,512.9,84321,,nse_symbols_consolidated.csv,2026-08-19,,1.0,False
2373.0,2026-08-19,88.84,90.0,86.25,86.83,352670,,nse_symbols_consolidated.csv,2026-08-19,,1.0,False
2375.0,2026-08-19,11.25,11.75,11.25,11.29,1786,,nse_symbols_consolidated.csv,2026-08-19,,1.0,False
2376.0,2026-08-19,1516.2,1516.2,1492.0,1498.4,91249,,nse_symbols_consolidated.csv,2026-08-19,,1.0,False
2377.0,2026-08-19,185.0,187.6,184.9,186.9,7514657,,nse_symbols_consolidated.csv,2026-08-19,,1.0,False
2378.0,2026-08-19,830.0,836.85,818.0,820.0,65268,,nse_symbols_consolidated.csv,2026-08-19,,1.0,False
2374.0,2026-08-19,98.5,98.98,95.26,95.49,3664,,nse_symbols_consolidated.csv,2026-08-19,,1.0,False
2380.0,2026-08-19,3.99,4.02,3.95,3.95,2624328,,nse_symbols_consolidated.csv,2026-08-19,,1.0,False
2354.0,2026-08-19,1357.9,1372.3,1346.7,1354.8,110559,,nse_symbols_consolidated.csv,2026-08-19,,1.0,False
2372.0,2026-08-19,221.0,227.49,217.2,220.77,2071,,nse_symbols_consolidated.csv,2026-08-19,,1.0,False
2360.0,2026-08-19,768.05,800.0,756.75,779.3,41280,,nse_symbols_consolidated.csv,2026-08-19,,1.0,False
2382.0,2026-08-19,448.7,458.6,446.0,451.65,6094,,nse_symbols_consolidated.csv,2026-08-19,,1.0,False
2381.0,2026-08-19,35.5,35.7,33.45,35.23,174273,,nse_symbols_consolidated.csv,2026-08-19,,1.0,False
2379.0,2026-08-19,1534.2,1534.2,1512.0,1524.0,263050,,nse_symbols_consolidated.csv,2026-08-19,,1.0,False
2383.0,2026-08-19,168.05,173.35,168.05,168.05,38051,,nse_symbols_consolidated.csv,2026-08-19,,1.0,False
2384.0,2026-08-19,1744.8,1748.6,1645.0,1662.0,185311,,nse_symbols_consolidated.csv,2026-08-19,,1.0,False
2385.0,2026-08-19,463.15,466.95,453.05,456.2,252,,nse_symbols_consolidated.csv,2026-08-19,,1.0,False
2386.0,2026-08-19,1274.1,1288.0,1259.0,1272.0,673868,,nse_symbols_consolidated.csv,2026-08-19,,1.0,False
2358.0,2026-08-19,208.52,218.25,208.52,216.63,1179709,,nse_symbols_consolidated.csv,2026-08-19,,1.0,False
2388.0,2026-08-19,559.2,571.4,557.95,568.0,2733671,,nse_symbols_consolidated.csv,2026-08-19,,1.0,False
2389.0,2026-08-19,103.0,105.0,101.0,103.51,6168,,nse_symbols_consolidated.csv,2026-08-19,,1.0,False
2390.0,2026-08-19,143.69,148.35,143.3,147.83,7114914,,nse_symbols_consolidated.csv,2026-08-19,,1.0,False
2391.0,2026-08-19,9.41,9.52,9.23,9.3,454474,,nse_symbols_consolidated.csv,2026-08-19,,1.0,False
2369.0,2026-08-19,5.86,6.39,5.71,5.8,74662,,nse_symbols_consolidated.csv,2026-08-19,,1.0,False
2392.0,2026-08-19,500.15,503.5,492.25,501.55,269629,,nse_symbols_consolidated.csv,2026-08-19,,1.0,False
2394.0,2026-08-19,894.6,900.0,888.2,892.45,110652,,nse_symbols_consolidated.csv,2026-08-19,,1.0,False
2395.0,2026-08-19,14.01,14.02,13.85,13.88,1744447,,nse_symbols_consolidated.csv,2026-08-19,,1.0,False
2397.0,2026-08-19,291.7,306.79,286.51,300.99,693578,,nse_symbols_consolidated.csv,2026-08-19,,1.0,False
2486.0,2026-08-19,46.76,47.5,45.0,46.34,56854,,nse_symbols_consolidated.csv,2026-08-19,,1.0,False
2431.0,2026-08-19,336.35,337.1,330.4,333.35,384575,,nse_symbols_consolidated.csv,2026-08-19,,1.0,False
2399.0,2026-08-19,219.1,223.25,218.81,220.27,952411,,nse_symbols_consolidated.csv,2026-08-19,,1.0,False
2490.0,2026-08-19,1992.9,1995.0,1946.8,1977.3,343516,,nse_symbols_consolidated.csv,2026-08-19,,1.0,False
2401.0,2026-08-19,10002.0,10100.0,10002.0,10100.0,2,,nse_symbols_consolidated.csv,2026-08-19,,1.0,False
2400.0,2026-08-19,7400.0,7590.0,7350.0,7401.5,11509,,nse_symbols_consolidated.csv,2026-08-19,,1.0,False
2402.0,2026-08-19,223.0,226.0,220.1,221.0,212103,,nse_symbols_consolidated.csv,2026-08-19,,1.0,False
2403.0,2026-08-19,8.2,8.52,8.2,8.25,69396,,nse_symbols_consolidated.csv,2026-08-19,,1.0,False
2404.0,2026-08-19,5.83,5.83,5.75,5.78,632079,,nse_symbols_consolidated.csv,2026-08-19,,1.0,False
2405.0,2026-08-19,95.1,95.1,86.31,91.96,523142,,nse_symbols_consolidated.csv,2026-08-19,,1.0,False
2406.0,2026-08-19,300.05,321.0,295.0,316.55,63373,,nse_symbols_consolidated.csv,2026-08-19,,1.0,False
550.0,2026-08-19,107.5,107.75,101.5,101.79,1242300,,nse_symbols_consolidated.csv,2026-08-19,,1.0,False
2408.0,2026-08-19,44.13,44.69,43.77,43.98,22354,,nse_symbols_consolidated.csv,2026-08-19,,1.0,False
2432.0,2026-08-19,3400.0,3479.1,3400.0,3412.4,156,,nse_symbols_consolidated.csv,2026-08-19,,1.0,False
2409.0,2026-08-19,6.4,6.4,6.04,6.12,98207,,nse_symbols_consolidated.csv,2026-08-19,,1.0,False
2481.0,2026-08-19,361.8,362.9,353.55,358.65,112118,,nse_symbols_consolidated.csv,2026-08-19,,1.0,False
2485.0,2026-08-19,603.2,603.6,592.0,596.15,136119,,nse_symbols_consolidated.csv,2026-08-19,,1.0,False
2410.0,2026-08-19,851.4,852.4,823.55,830.9,174635,,nse_symbols_consolidated.csv,2026-08-19,,1.0,False
2414.0,2026-08-19,436.75,439.0,431.85,431.85,2990073,,nse_symbols_consolidated.csv,2026-08-19,,1.0,False
2430.0,2026-08-19,57.6,59.0,55.35,58.06,21272,,nse_symbols_consolidated.csv,2026-08-19,,1.0,False
2411.0,2026-08-19,30.86,31.3,30.6,30.93,234374,,nse_symbols_consolidated.csv,2026-08-19,,1.0,False
2413.0,2026-08-19,47.98,48.89,47.51,48.36,17850,,nse_symbols_consolidated.csv,2026-08-19,,1.0,False
2415.0,2026-08-19,1.94,1.94,1.94,1.94,870987,,nse_symbols_consolidated.csv,2026-08-19,,1.0,False
1380.0,2026-08-19,536.0,545.45,530.8,542.6,332251,,nse_symbols_consolidated.csv,2026-08-19,,1.0,False
2407.0,2026-08-19,443.0,445.35,435.1,436.2,4568963,,nse_symbols_consolidated.csv,2026-08-19,,1.0,False
2461.0,2026-08-19,37.4,37.54,35.94,36.11,21860325,,nse_symbols_consolidated.csv,2026-08-19,,1.0,False
2417.0,2026-08-19,264.0,264.7,261.35,262.6,8301777,,nse_symbols_consolidated.csv,2026-08-19,,1.0,False
2474.0,2026-08-19,37.4,37.66,35.98,36.08,23328252,,nse_symbols_consolidated.csv,2026-08-19,,1.0,False
2418.0,2026-08-19,36.19,36.27,35.73,35.87,9691147,,nse_symbols_consolidated.csv,2026-08-19,,1.0,False
2416.0,2026-08-19,18.98,19.8,18.27,18.47,36135,,nse_symbols_consolidated.csv,2026-08-19,,1.0,False
2419.0,2026-08-19,1503.3,1563.0,1503.3,1517.8,27759,,nse_symbols_consolidated.csv,2026-08-19,,1.0,False
2420.0,2026-08-19,1829.3,1829.3,1775.0,1800.6,142,,nse_symbols_consolidated.csv,2026-08-19,,1.0,False
2421.0,2026-08-19,1515.2,1522.5,1499.0,1502.2,21382,,nse_symbols_consolidated.csv,2026-08-19,,1.0,False
2422.0,2026-08-19,580.0,590.0,579.8,586.75,10101,,nse_symbols_consolidated.csv,2026-08-19,,1.0,False
2423.0,2026-08-19,1572.2,1590.5,1544.3,1549.4,47761,,nse_symbols_consolidated.csv,2026-08-19,,1.0,False
2424.0,2026-08-19,1819.5,1841.9,1760.0,1769.8,17049,,nse_symbols_consolidated.csv,2026-08-19,,1.0,False
2425.0,2026-08-19,240.0,240.35,232.1,233.7,167410,,nse_symbols_consolidated.csv,2026-08-19,,1.0,False
2426.0,2026-08-19,35.3,36.0,34.81,35.84,27266,,nse_symbols_consolidated.csv,2026-08-19,,1.0,False
2427.0,2026-08-19,435.9,435.9,431.8,433.65,26213,,nse_symbols_consolidated.csv,2026-08-19,,1.0,False
2428.0,2026-08-19,124.69,124.69,121.06,122.51,34865,,nse_symbols_consolidated.csv,2026-08-19,,1.0,False
2483.0,2026-08-19,107.99,107.99,105.14,106.39,7614,,nse_symbols_consolidated.csv,2026-08-19,,1.0,False
2429.0,2026-08-19,56.8,57.92,56.0,57.92,354,,nse_symbols_consolidated.csv,2026-08-19,,1.0,False
2433.0,2026-08-19,129.74,136.22,128.0,133.11,149033,,nse_symbols_consolidated.csv,2026-08-19,,1.0,False
2434.0,2026-08-19,330.3,331.7,307.4,315.7,134644,,nse_symbols_consolidated.csv,2026-08-19,,1.0,False
2435.0,2026-08-19,88.07,90.79,87.74,88.25,527789,,nse_symbols_consolidated.csv,2026-08-19,,1.0,False
2438.0,2026-08-19,703.5,719.9,703.05,706.0,320,,nse_symbols_consolidated.csv,2026-08-19,,1.0,False
2436.0,2026-08-19,1490.0,1505.9,1482.4,1490.0,50795,,nse_symbols_consolidated.csv,2026-08-19,,1.0,False
2437.0,2026-08-19,13.13,13.13,13.13,13.13,77526,,nse_symbols_consolidated.csv,2026-08-19,,1.0,False
2439.0,2026-08-19,1.09,1.1,1.08,1.08,1298754,,nse_symbols_consolidated.csv,2026-08-19,,1.0,False
2440.0,2026-08-19,1.22,1.23,1.2,1.21,1841517,,nse_symbols_consolidated.csv,2026-08-19,,1.0,False
2441.0,2026-08-19,177.95,177.95,170.02,170.84,5004577,,nse_symbols_consolidated.csv,2026-08-19,,1.0,False
2442.0,2026-08-19,61.09,61.58,60.3,60.78,1279773,,nse_symbols_consolidated.csv,2026-08-19,,1.0,False
2443.0,2026-08-19,621.2,633.95,617.0,621.65,95900,,nse_symbols_consolidated.csv,2026-08-19,,1.0,False
2444.0,2026-08-19,1346.0,1346.0,1317.6,1326.7,30283,,nse_symbols_consolidated.csv,2026-08-19,,1.0,False
2446.0,2026-08-19,2524.9,2525.0,2425.0,2438.8,29601,,nse_symbols_consolidated.csv,2026-08-19,,1.0,False
2447.0,2026-08-19,37.69,37.9,35.71,37.74,107399,,nse_symbols_consolidated.csv,2026-08-19,,1.0,False
2448.0,2026-08-19,1.05,1.06,1.05,1.06,236189,,nse_symbols_consolidated.csv,2026-08-19,,1.0,False
2445.0,2026-08-19,147.79,154.95,147.13,152.91,2835221,,nse_symbols_consolidated.csv,2026-08-19,,1.0,False
2449.0,2026-08-19,235.05,241.33,234.0,235.75,8054,,nse_symbols_consolidated.csv,2026-08-19,,1.0,False
2450.0,2026-08-19,20.25,21.0,20.0,20.81,44066,,nse_symbols_consolidated.csv,2026-08-19,,1.0,False
2451.0,2026-08-19,310.95,312.0,304.5,310.8,144121,,nse_symbols_consolidated.csv,2026-08-19,,1.0,False
2452.0,2026-08-19,15.16,15.16,15.16,15.16,77043,,nse_symbols_consolidated.csv,2026-08-19,,1.0,False
2453.0,2026-08-19,330.0,338.0,320.0,333.95,1066,,nse_symbols_consolidated.csv,2026-08-19,,1.0,False
2454.0,2026-08-19,15.43,15.5,14.95,15.02,38360,,nse_symbols_consolidated.csv,2026-08-19,,1.0,False
2455.0,2026-08-19,0.43,0.45,0.42,0.43,306406,,nse_symbols_consolidated.csv,2026-08-19,,1.0,False
2473.0,2026-08-19,480.05,504.65,473.0,494.35,99841,,nse_symbols_consolidated.csv,2026-08-19,,1.0,False
2456.0,2026-08-19,38.65,38.65,37.49,37.78,6979,,nse_symbols_consolidated.csv,2026-08-19,,1.0,False
2464.0,2026-08-19,0.53,0.59,0.52,0.54,477579,,nse_symbols_consolidated.csv,2026-08-19,,1.0,False
2457.0,2026-08-19,96.0,97.29,93.0,93.29,205709,,nse_symbols_consolidated.csv,2026-08-19,,1.0,False
2458.0,2026-08-19,18.34,18.34,18.01,18.06,12802,,nse_symbols_consolidated.csv,2026-08-19,,1.0,False
2471.0,2026-08-19,103.75,104.15,102.5,103.4,4398688,,nse_symbols_consolidated.csv,2026-08-19,,1.0,False
2459.0,2026-08-19,640.3,641.4,620.1,622.1,52381,,nse_symbols_consolidated.csv,2026-08-19,,1.0,False
2478.0,2026-08-19,35.0,35.39,33.1,33.4,368974,,nse_symbols_consolidated.csv,2026-08-19,,1.0,False
2460.0,2026-08-19,5.39,5.89,5.39,5.5,1729809,,nse_symbols_consolidated.csv,2026-08-19,,1.0,False
2462.0,2026-08-19,51.33,52.38,48.81,50.03,4748,,nse_symbols_consolidated.csv,2026-08-19,,1.0,False
2463.0,2026-08-19,704.0,704.0,687.55,690.25,8487,,nse_symbols_consolidated.csv,2026-08-19,,1.0,False
2465.0,2026-08-19,5.55,5.67,5.4,5.67,129453,,nse_symbols_consolidated.csv,2026-08-19,,1.0,False
2466.0,2026-08-19,18.56,19.28,18.56,19.05,17072,,nse_symbols_consolidated.csv,2026-08-19,,1.0,False
2467.0,2026-08-19,253.7,275.45,253.4,271.4,7425137,,nse_symbols_consolidated.csv,2026-08-19,,1.0,False
2468.0,2026-08-19,9.35,9.35,9.35,9.35,29542,,nse_symbols_consolidated.csv,2026-08-19,,1.0,False
2469.0,2026-08-19,251.85,255.1,250.0,250.7,15806,,nse_symbols_consolidated.csv,2026-08-19,,1.0,False
2470.0,2026-08-19,815.0,815.0,799.7,806.95,31646,,nse_symbols_consolidated.csv,2026-08-19,,1.0,False
2472.0,2026-08-19,48.9,50.4,48.2,48.38,26931,,nse_symbols_consolidated.csv,2026-08-19,,1.0,False
988.0,2026-08-19,14.12,14.22,13.88,14.07,320742876,,nse_symbols_consolidated.csv,2026-08-19,,1.0,False
2475.0,2026-08-19,1512.0,1512.0,1475.0,1489.0,406,,nse_symbols_consolidated.csv,2026-08-19,,1.0,False
2476.0,2026-08-19,10113.5,10113.5,9950.5,10000.0,9359,,nse_symbols_consolidated.csv,2026-08-19,,1.0,False
2477.0,2026-08-19,1250.0,1251.9,1217.0,1223.0,1178662,,nse_symbols_consolidated.csv,2026-08-19,,1.0,False
2479.0,2026-08-19,122.0,122.79,120.0,120.84,5931,,nse_symbols_consolidated.csv,2026-08-19,,1.0,False
2480.0,2026-08-19,297.5,299.95,293.5,295.1,85154,,nse_symbols_consolidated.csv,2026-08-19,,1.0,False
2482.0,2026-08-19,213.5,213.98,211.0,211.33,168911,,nse_symbols_consolidated.csv,2026-08-19,,1.0,False
2484.0,2026-08-19,4495.6,4521.9,4420.0,4442.2,5780,,nse_symbols_consolidated.csv,2026-08-19,,1.0,False
2521.0,2026-08-19,435.0,455.0,426.35,452.0,228486,,nse_symbols_consolidated.csv,2026-08-19,,1.0,False
2522.0,2026-08-19,59.5,61.99,59.0,60.11,53412,,nse_symbols_consolidated.csv,2026-08-19,,1.0,False
2487.0,2026-08-19,2711.0,2711.8,2660.0,2679.0,438529,,nse_symbols_consolidated.csv,2026-08-19,,1.0,False
2489.0,2026-08-19,890.0,890.0,880.0,881.05,65525,,nse_symbols_consolidated.csv,2026-08-19,,1.0,False
2491.0,2026-08-19,130.0,134.38,128.5,133.14,1215647,,nse_symbols_consolidated.csv,2026-08-19,,1.0,False
2492.0,2026-08-19,222.26,226.6,216.52,221.86,1084486,,nse_symbols_consolidated.csv,2026-08-19,,1.0,False
2493.0,2026-08-19,255.15,271.5,253.0,269.55,395572,,nse_symbols_consolidated.csv,2026-08-19,,1.0,False
2494.0,2026-08-19,6.32,6.44,6.0,6.32,214500,,nse_symbols_consolidated.csv,2026-08-19,,1.0,False
2495.0,2026-08-19,47.2,51.0,45.6,49.21,54472,,nse_symbols_consolidated.csv,2026-08-19,,1.0,False
502.0,2026-08-19,834.0,840.0,825.0,825.25,1316682,,nse_symbols_consolidated.csv,2026-08-19,,1.0,False
2508.0,2026-08-19,47.4,47.4,46.0,46.55,450,,nse_symbols_consolidated.csv,2026-08-19,,1.0,False
2497.0,2026-08-19,860.3,862.0,843.0,850.95,3716,,nse_symbols_consolidated.csv,2026-08-19,,1.0,False
2498.0,2026-08-19,86.93,87.12,82.59,82.72,2436130,,nse_symbols_consolidated.csv,2026-08-19,,1.0,False
2499.0,2026-08-19,77.0,77.39,75.67,75.9,838,,nse_symbols_consolidated.csv,2026-08-19,,1.0,False
2501.0,2026-08-19,1929.2,1984.0,1926.7,1973.9,1215546,,nse_symbols_consolidated.csv,2026-08-19,,1.0,False
2502.0,2026-08-19,575.85,585.8,565.2,579.8,654989,,nse_symbols_consolidated.csv,2026-08-19,,1.0,False
2503.0,2026-08-19,1817.7,1905.0,1790.0,1905.0,30355,,nse_symbols_consolidated.csv,2026-08-19,,1.0,False
2505.0,2026-08-19,177.5,181.99,172.56,181.24,11674821,,nse_symbols_consolidated.csv,2026-08-19,,1.0,False
2504.0,2026-08-19,47.5,49.6,46.78,48.28,316504,,nse_symbols_consolidated.csv,2026-08-19,,1.0,False
2506.0,2026-08-19,8099.5,8128.0,7920.0,7967.5,4119,,nse_symbols_consolidated.csv,2026-08-19,,1.0,False
2523.0,2026-08-19,617.7,622.0,612.1,615.05,69676,,nse_symbols_consolidated.csv,2026-08-19,,1.0,False
2496.0,2026-08-19,86.0,87.79,85.41,86.09,88992,,nse_symbols_consolidated.csv,2026-08-19,,1.0,False
2507.0,2026-08-19,591.0,591.0,563.5,574.45,159532,,nse_symbols_consolidated.csv,2026-08-19,,1.0,False
2509.0,2026-08-19,696.0,697.4,686.0,691.65,68013,,nse_symbols_consolidated.csv,2026-08-19,,1.0,False
2511.0,2026-08-19,1442.8,1475.0,1411.0,1466.1,102072,,nse_symbols_consolidated.csv,2026-08-19,,1.0,False
2512.0,2026-08-19,771.0,773.85,751.0,753.45,271774,,nse_symbols_consolidated.csv,2026-08-19,,1.0,False
2513.0,2026-08-19,26.9,26.9,24.0,24.52,8072,,nse_symbols_consolidated.csv,2026-08-19,,1.0,False
2514.0,2026-08-19,919.5,1000.6,915.05,964.95,434776,,nse_symbols_consolidated.csv,2026-08-19,,1.0,False
2515.0,2026-08-19,322.0,322.0,314.0,314.3,82166,,nse_symbols_consolidated.csv,2026-08-19,,1.0,False
2517.0,2026-08-19,179.06,179.95,178.22,179.55,5964187,,nse_symbols_consolidated.csv,2026-08-19,,1.0,False
2518.0,2026-08-19,1855.1,1882.7,1814.4,1826.0,503577,,nse_symbols_consolidated.csv,2026-08-19,,1.0,False
2500.0,2026-08-19,146.24,147.9,142.1,146.26,1237922,,nse_symbols_consolidated.csv,2026-08-19,,1.0,False
2519.0,2026-08-19,474.05,484.95,472.0,480.95,125120,,nse_symbols_consolidated.csv,2026-08-19,,1.0,False
2520.0,2026-08-19,154.75,156.46,152.5,152.59,9789,,nse_symbols_consolidated.csv,2026-08-19,,1.0,False
2524.0,2026-08-19,62.0,62.47,61.1,61.19,52767,,nse_symbols_consolidated.csv,2026-08-19,,1.0,False
2525.0,2026-08-19,81.0,81.0,77.05,77.97,5298,,nse_symbols_consolidated.csv,2026-08-19,,1.0,False
2526.0,2026-08-19,1094.5,1139.6,1084.9,1106.8,175364,,nse_symbols_consolidated.csv,2026-08-19,,1.0,False
2527.0,2026-08-19,29.55,29.74,28.7,29.02,49273,,nse_symbols_consolidated.csv,2026-08-19,,1.0,False
2528.0,2026-08-19,173.3,174.3,161.08,169.11,782615,,nse_symbols_consolidated.csv,2026-08-19,,1.0,False
2529.0,2026-08-19,4910.0,4911.2,4411.6,4470.8,167724,,nse_symbols_consolidated.csv,2026-08-19,,1.0,False
2530.0,2026-08-19,855.0,861.5,845.0,852.35,149592,,nse_symbols_consolidated.csv,2026-08-19,,1.0,False
2531.0,2026-08-19,116.5,116.5,112.5,113.35,726718,,nse_symbols_consolidated.csv,2026-08-19,,1.0,False
2532.0,2026-08-19,22.5,22.77,22.42,22.74,49505267,,nse_symbols_consolidated.csv,2026-08-19,,1.0,False
2533.0,2026-08-19,169.96,170.0,158.0,164.0,1270,,nse_symbols_consolidated.csv,2026-08-19,,1.0,False
2534.0,2026-08-19,900.0,949.7,882.55,937.9,79140,,nse_symbols_consolidated.csv,2026-08-19,,1.0,False
2544.0,2026-08-19,689.7,689.7,665.0,673.75,3707,,nse_symbols_consolidated.csv,2026-08-19,,1.0,False
2535.0,2026-08-19,187.4,194.7,180.0,186.04,39149680,,nse_symbols_consolidated.csv,2026-08-19,,1.0,False
2536.0,2026-08-19,105.31,105.88,101.25,102.22,15207062,,nse_symbols_consolidated.csv,2026-08-19,,1.0,False
2537.0,2026-08-19,7.66,8.0,7.66,7.76,122477,,nse_symbols_consolidated.csv,2026-08-19,,1.0,False
2538.0,2026-08-19,9.5,9.5,9.0,9.26,3921012,,nse_symbols_consolidated.csv,2026-08-19,,1.0,False
2542.0,2026-08-19,1995.0,2043.7,1921.9,1932.6,997323,,nse_symbols_consolidated.csv,2026-08-19,,1.0,False
2539.0,2026-08-19,197.45,207.32,197.45,207.32,135,,nse_symbols_consolidated.csv,2026-08-19,,1.0,False
2540.0,2026-08-19,5.55,5.55,5.32,5.4,105319,,nse_symbols_consolidated.csv,2026-08-19,,1.0,False
2541.0,2026-08-19,485.2,492.9,476.45,477.85,539098,,nse_symbols_consolidated.csv,2026-08-19,,1.0,False
,2026-08-19,10.95,10.95,10.57,10.59,575217,,nse_symbols_consolidated.csv,2026-08-19,UNRESOLVED_SYMBOL,0.7,False
2543.0,2026-08-19,2665.0,2675.5,2612.0,2616.9,45368,,nse_symbols_consolidated.csv,2026-08-19,,1.0,False
2545.0,2026-08-19,114.0,120.0,112.76,118.04,61072,,nse_symbols_consolidated.csv,2026-08-19,,1.0,False
2547.0,2026-08-19,74.15,75.5,73.12,74.49,2341,,nse_symbols_consolidated.csv,2026-08-19,,1.0,False
2546.0,2026-08-19,253.0,273.9,238.5,245.25,75799,,nse_symbols_consolidated.csv,2026-08-19,,1.0,False
2548.0,2026-08-19,1095.0,1139.5,1084.1,1114.9,199584,,nse_symbols_consolidated.csv,2026-08-19,,1.0,False
2550.0,2026-08-19,225.7,230.0,223.04,225.5,82257,,nse_symbols_consolidated.csv,2026-08-19,,1.0,False
2551.0,2026-08-19,263.5,270.0,261.0,262.1,49949,,nse_symbols_consolidated.csv,2026-08-19,,1.0,False
2552.0,2026-08-19,1115.6,1127.7,1104.5,1104.5,1255247,,nse_symbols_consolidated.csv,2026-08-19,,1.0,False
2553.0,2026-08-19,497.0,500.4,491.35,492.7,86155,,nse_symbols_consolidated.csv,2026-08-19,,1.0,False
